Material Number,Description (en),Availability,GTIN (Barcode),Net price,Currency,Brand,Division,Division Name,Part Classification,Discount Group,Back in Stock,Stock Quantity,Material Status,Make to order (in days),Launch Date,Phaseout Date,Substitution,Trade Name,Commodity Code,Country of Origin,Dangerous Goods,Shipping Unit,Sales Package Quantity,Palette Unit,Packing Units,Base Quantity Unit,Gross Weight,Net Weight,Weight Unit,Dimension Length,Dimension Height,Dimension Width,Dimension Unit
0600833108,Cordless Grass Shear ISIO3,A,3165140630689,961.89,ZAR,Bosch,73,Garden,T,,,2,Z7,,,,,Isio,846729907,HU,3481,1,1,180,ST;PAL;DG,ST,1.245,0.316,KG,305,110,145,MM
0600861900,Cordl Reciprocating Saw KEO,A,3165140602914,1567.98,ZAR,Bosch,73,Garden,T,,,15,Z7,,,,,KEO 10 8 Li,846722007,HU,3481,1,,132,ST;PAL;DG,ST,1.545,1.050,KG,399,70,200,MM
0600861A01,KEO 18 LI (Baretool) EU,A,3165140925914,1354.07,ZAR,Bosch,73,Garden,T,,,11,Z5,,,,,KEO,846722007,HU,,1,1,96,ST;PAL,ST,1.580,1.100,KG,310,155,175,MM
06008A6500,Lawnmower UniversalRotak 37-550,C,4053423322064,2067.11,ZAR,Bosch,73,Garden,T,,,0,Z5,,,,,UniversalRotak 37-55,843311100,CN,,1,1,9,ST;SLS;PA,ST,15.500,13.100,KG,610,375,400,MM
06008B6101,Fontus gen. 2 (1x2 5 Ah),A,4059952547909,3564.51,ZAR,Bosch,73,Garden,T,,,10,Z5,,,,,Fontus 18V,842489007,CN,3481,1,1,6,ST;SLS;PA,ST,10.100,9.430,KG,687,343,403,MM
06008B7200,Window Cleaner GlassVAC Solo Plus,A,3165140976374,926.25,ZAR,Bosch,72,Green DIY,T,,,9,Z5,,,,,GlassVAC Solo Plus,850811900,CN,3481,1,1,70,ST;PAL;DG,ST,0.700,0.700,KG,162,222,96,MM
06008B9J00,Lawnmower AdvancedRotak 44-750,A,4059952658148,4705.37,ZAR,Bosch,73,Garden,T,,,5,Z5,,,09.30.2026,,AdvancedRotak 44-750,843311100,HU,,1,1,4,ST;PAL;1,ST,18.610,16.000,KG,760,455,490,MM
06008C4203,GardenPump 18V-2000 (BT) (Classic Green),A,4059952617541,1211.46,ZAR,Bosch,73,Garden,T,,,17,Z5,,,,,GardenPump 18V-2000,841381007,CN,,1,1,64,ST;SLS;PA,ST,2.800,1.900,KG,295,280,190,MM
06008C5002,Long handle pruning shear AdvPrune 18-45,A,4059952584614,2566.25,ZAR,Bosch,73,Garden,T,,,18,Z5,,,,,AdvancedPrune 18V-45,820160000,CN,,1,1,35,ST;SLS;PA,ST,3.800,2.750,KG,948,111,149,MM
06008D1000,Brushcutter GFR 18V-23 BT,A,4059952654874,3564.51,ZAR,Bosch,73,Garden,T,,,10,Z5,,,,,GFR 18V-23,846729907,CN,,1,1,25,ST;SLS;PA,ST,6.760,3.600,KG,1625,136,220,MM
06008D6000,Pole Pruner GKE 18V-25T BT,C,4059952688305,3921.03,ZAR,Bosch,73,Garden,T,,,0,Z5,,,,,GKE 18V-25 TP,846722007,CN,,1,1,16,ST;SLS;PA,ST,7.310,5.200,KG,1192,190,195,MM
0601015400,Light Receiver LR 1,A,3165140486965,2352.33,ZAR,Bosch,82,Measuring Tools,T,,,1,Z5,,,,,LR 1,901530009,MY,,1,1,108,ST;PAL;LU,ST,0.697,0.200,KG,202,82,133,MM
0601015A01,MOUNTING TOOL (BM1),A,3165140781893,854.94,ZAR,Bosch,82,Measuring Tools,A,,,8,Z5,,,,,,901590006,CN,,1,1,144,ST;SLS;PA,ST,1.146,0.861,KG,231,103,176,MM
0601049603,Drill GBM 13 HRE,A,3165140261678,7129.72,ZAR,Bosch,71,Professional,T,,,21,Z5,,,,,GBM 13 HRE,846721000,DE,,1,,84,ST;PLA;PA,ST,2.973,2.691,KG,340,80,250,MM
0601061501,GRL 300HV + LR1 + WM4 + RC1,C,3165140578714,9981.89,ZAR,Bosch,82,Measuring Tools,T,,,0,Z5,,,,,GRL 300 HV,901530009,MY,,1,1,12,ST;SLS;PA,ST,8.345,1.470,KG,507,237,420,MM
0601061F00,GRL 600 CHV Rotation laser,A,3165140869096,25668.85,ZAR,Bosch,82,Measuring Tools,T,,,1,Z5,,,,,GRL 600 CHV,901530009,CN,3481,1,1,10,ST;PAL;DG,ST,15.510,4.300,KG,624,263,450,MM
0601063CJ0,GLL 3 X Line Laser,A,3165140739429,1639.29,ZAR,Bosch,82,Measuring Tools,T,,,12,Z5,,,,,GLL 3 X,901530009,CN,,1,,96,ST;PAL,ST,0.887,0.400,KG,234,93,190,MM
0601063L00,GLL 2-10 Prof. Line Laser,A,3165140850247,1781.89,ZAR,Bosch,82,Measuring Tools,T,,,24,Z5,,,,,GLL 2-10,901530009,CN,,1,1,192,ST;SLS;PA,ST,0.983,0.410,KG,110,105,55,MM
0601063N00,Laser Level GLL 5-50 X,A,3165140859400,4086.09,ZAR,Bosch,82,Measuring Tools,T,,,2,Z5,,,,,GLL 5-50 X,901530009,CN,,1,1,96,ST;SLS;PA,ST,1.365,0.763,KG,326,104,158,MM
0601063S00,LASER LEVEL CARRY CASE (GLL 3-80),C,3165140888356,5347.11,ZAR,Bosch,82,Measuring Tools,T,,,0,Z5,,,,,GLL 3-80,901530009,CN,,1,1,30,ST;SLS;PA,ST,2.970,0.840,KG,470,285,150,MM
0601065000,Laser Level GLL 2-20 G+LB10+DK10,A,4059952568324,2994.07,ZAR,Bosch,82,Measuring Tools,T,,,13,Z5,,,,,GLL 2-20 G,901530009,CN,,1,,96,ST;PAL;LU,ST,1.501,0.820,KG,278,99,210,MM
0601065101,Laser Level GLL 18V-120-33 CG,A,4059952653211,8299.28,ZAR,Bosch,82,Measuring Tools,T,,,16,Z5,,,,,GLL 18V-120-33 CG,901530009,CN,,1,1,35,ST;PLA;PA,ST,3.941,1.919,KG,440,140,360,MM
0601065220,Laser Level GLL 12-22,A,4053423244403,1068.85,ZAR,Bosch,82,Measuring Tools,T,,,19,Z5,,,,,GLL 12-22,901530009,CN,,1,1,288,ST;SLS;PA,ST,0.694,0.360,KG,197,84,110,MM
06010653G1,Laser Level GLL2XG,A,4053423685169,2067.11,ZAR,Bosch,82,Measuring Tools,T,,,80,Z5,,,,,GLL2XG,901530009,CN,3481,1,1,84,ST;SLS;PA,ST,1.650,1.300,KG,575,111,116,MM
0601065500,Laser Level GLL 80-33 G,A,4053423303261,5703.63,ZAR,Bosch,82,Measuring Tools,T,,,80,Z5,,,,,GLL 80-33 G,901530009,CN,,1,1,168,ST;PLA;PA,ST,1.712,1.065,KG,205,126,183,MM
0601065600,Laser Level GLL 20-22 G,A,4053423303315,3350.59,ZAR,Bosch,82,Measuring Tools,T,,,27,Z5,,,,,GLL 20-22 G,901530009,CN,,1,1,252,ST;PLA;PA,ST,1.273,0.680,KG,181,99,159,MM
0601065FG0,Laser Level GLL3XG,A,4053423690125,1781.89,ZAR,Bosch,82,Measuring Tools,T,,,69,Z5,,,,,GLL3XG,901530009,CN,,1,1,200,ST;PAL;KA,ST,0.652,0.398,KG,230,90,190,MM
0601066M00,GCL 2-50 G + RM 10  Carton,A,4059952511085,3564.51,ZAR,Bosch,82,Measuring Tools,T,,,19,Z5,,,,,GCL 2-50 G,901530009,CN,,1,1,120,ST;SLS;PA,ST,1.898,1.214,KG,228,102,213,MM
0601066P00,GREEN POINT LASER GPL 5 G,C,4059952524863,2708.85,ZAR,Bosch,82,Measuring Tools,T,,,0,Z5,,,,,GPL 5 G,901530009,CN,,1,1,240,ST;SLS;PA,ST,0.897,0.400,KG,162,94,141,MM
0601068000,GOL 26 D Professional Optical Level,A,3165140559317,2780.15,ZAR,Bosch,82,Measuring Tools,T,,,32,Z5,,,,,GOL 26 D,901530009,CN,,1,1,56,ST;SLS;PA,ST,2.740,1.520,KG,300,205,207,MM
0601068500,GOL 32 D Professional Optical Level,A,3165140711388,2851.46,ZAR,Bosch,82,Measuring Tools,T,,,5,Z5,,,,,GOL 32 D,901530009,CN,,1,1,56,ST;PAL;KG,ST,2.740,1.520,KG,310,205,205,MM
0601068502,GOL 32D + BT160 + GR500,A,3165140745017,4776.68,ZAR,Bosch,82,Measuring Tools,T,,,80,Z5,,,,,GOL 32 D,901530009,CN,,1,1,9,ST;PAL;1,ST,11.860,1.520,KG,1265,260,320,MM
0601069J00,LASER RECEIVER LR 7,A,3165140835572,1425.37,ZAR,Bosch,82,Measuring Tools,T,,,16,Z5,,,,,LR 7,901530009,CN,,1,1,264,ST;SLS;PA,ST,0.761,0.344,KG,200,70,163,MM
0601069P00,Laser detector / receiver LR 60,C,3165140976473,4420.15,ZAR,Bosch,82,Measuring Tools,T,,,0,Z5,,,,,LR 60,901530009,CN,,1,1,240,ST;PAL;1,ST,0.994,0.380,KG,230,80,160,MM
06010701K1,Universal Orbital Sander GSS 20-18 A,A,4053423301892,712.33,ZAR,Bosch,71,Professional,T,,,80,Z5,,,,,GSS 20-18 A,846729907,CN,,1,1,90,ST;PAL;KA,ST,2.100,1.640,KG,338,175,123,MM
0601072900,GLM 40 Professional Laser Measure,A,3165140790406,1068.85,ZAR,Bosch,82,Measuring Tools,T,,,80,Z5,,,,,GLM 40,901510003,MY,,1,1,495,ST;SLS;PA,ST,0.348,0.070,KG,155,60,130,MM
0601072S00,GLM 50-22,A,4059952518800,1924.51,ZAR,Bosch,82,Measuring Tools,T,,,44,Z5,,,,,GLM 50-22,901510003,MY,,1,1,360,ST;PAL;LU,ST,0.564,0.117,KG,176,77,112,MM
0601072T00,GLM 50-27 C,B,4059952518824,2281.03,ZAR,Bosch,82,Measuring Tools,T,,,3,Z5,,,,,GLM 50-27 C,901510003,MY,,1,1,360,ST;PAL;LU,ST,0.564,0.164,KG,176,77,112,MM
0601072U00,GLM 50-27 CG,C,4059952518831,2566.25,ZAR,Bosch,82,Measuring Tools,T,,,0,Z5,,,,,GLM 50-27 CG,901510003,MY,,1,1,360,ST;PAL;LU,ST,0.564,0.164,KG,176,77,112,MM
0601072W00,Distance Measuring Unit GLM 25-23,A,4059952571171,576.67,ZAR,Bosch,82,Measuring Tools,T,,,80,Z5,,,,,GLM 25-23,901510003,MY,,1,1,960,ST;PAL;1,ST,0.174,0.061,KG,36,165,86,MM
0601072Y00,GLM 100-25 C,C,4059952614298,3992.33,ZAR,Bosch,82,Measuring Tools,T,,,0,Z5,,,,,GLM 100-25 C,901510003,MY,,1,1,360,ST;PAL;LU,ST,0.564,0.164,KG,177,77,112,MM
0601072Z00,GLM 150-27 C,C,4059952614304,4634.07,ZAR,Bosch,82,Measuring Tools,T,,,0,Z5,,,,,GLM 150-27 C,901510003,MY,3481,1,1,360,ST;PAL;LU,ST,0.590,0.214,KG,176,77,112,MM
0601074000,Distance Measuring Unit GWM 32,A,3165140781541,1211.46,ZAR,Bosch,82,Measuring Tools,T,,,25,Z5,,,,,GWM 32,902910007,IN,,1,1,18,ST;PAL;LU,ST,3.050,1.410,KG,655,155,343,MM
06010753K0,Distance Measuring Unit GLM50-21,A,4053423853261,926.25,ZAR,Bosch,82,Measuring Tools,T,,,80,Z5,,,,,GLM50-21,901510003,MY,,1,1,1600,ST;PAL,ST,0.130,0.061,KG,36,126,72,MM
0601076600,GAM 220 MF Professional Angle Measurer,A,3165140798860,3421.89,ZAR,Bosch,82,Measuring Tools,T,,,6,Z5,,,,,GAM 220 MF,901720001,CN,,1,1,96,ST;PAL;LU,ST,2.080,1.500,KG,484,83,118,MM
0601076900,DIGITAL INCLINOMETER (GIM 60L),A,3165140803243,2708.85,ZAR,Bosch,82,Measuring Tools,T,,,6,Z5,,,,,GIM 60 L,903180002,CN,,1,1,96,ST;SLS;PA,ST,1.440,0.900,KG,659,68,88,MM
0601077000,Voltage Tester GVD 1000-17,A,4053423330045,427.11,ZAR,Bosch,82,Measuring Tools,T,,,12,Z5,,,,,GVD 1000-17,903033005,CN,,1,1,1008,ST;PAL;KA,ST,0.214,0.052,KG,202,52,63,MM
0601077300,Multimeter GDM 600-15,A,4053423330106,2637.55,ZAR,Bosch,82,Measuring Tools,T,,,80,Z5,,,,,GDM 600-15,903031002,CN,,1,1,270,ST;PAL;LU,ST,0.980,0.380,KG,212,96,118,MM
0601077400,Fork Meter GFM 1000-15,A,4053423330625,2708.85,ZAR,Bosch,82,Measuring Tools,T,,,49,Z5,,,,,GFM 1000-15,903031002,CN,,1,1,280,ST;PAL;KA,ST,0.700,0.300,KG,264,82,103,MM
0601077600,Clamp Meter GMC 600-15,A,4053423330656,1995.81,ZAR,Bosch,82,Measuring Tools,T,,,80,Z5,,,,,GMC 600-15,903032009,CN,,1,1,240,ST;PAL;LU,ST,0.890,0.345,KG,264,84,121,MM
0601077800,Voltage Tester GVT 1000-15,A,4053423330083,1995.81,ZAR,Bosch,82,Measuring Tools,T,,,80,Z5,,,,,GVT 1000-15,903033005,CN,,1,1,270,ST;PAL;LU,ST,0.810,0.408,KG,340,58,130,MM
0601078000,Moisture Meter GMP 1-13,A,4053423340013,1639.29,ZAR,Bosch,82,Measuring Tools,T,,,6,Z5,,,,,GMP 1-13,902789009,CN,,1,1,336,ST;PAL;KA,ST,0.550,0.187,KG,256,72,103,MM
0601078100,Moisture Meter GMP 2-15,A,4053423340044,1924.51,ZAR,Bosch,82,Measuring Tools,T,,,4,Z5,,,,,GMP 2-15,902789009,CN,,1,1,336,ST;PAL;KA,ST,0.550,0.188,KG,256,72,103,MM
0601078200,Moisture Meter GMM 1-15,A,4053423340051,2067.11,ZAR,Bosch,82,Measuring Tools,T,,,27,Z5,,,,,GMM 1-15,902789009,CN,,1,1,504,ST;PAL;KA,ST,0.600,0.160,KG,188,72,103,MM
0601078400,Hygrometer GDH 1-17,A,4053423339994,1781.89,ZAR,Bosch,82,Measuring Tools,T,,,18,Z5,,,,,GDH 1-17,902580004,CN,,1,1,336,ST;PAL;KA,ST,0.410,0.310,KG,256,72,103,MM
0601081303,D-Tect 120 (AA batteries + pouch),A,4059952641508,3207.98,ZAR,Bosch,82,Measuring Tools,T,,,4,Z5,,,,,D-tect 120,854370009,MY,,1,,140,ST;PAL;1,ST,1.058,0.323,KG,271,124,155,MM
0601081600,Wallscanner D-Tect 200 C Prof. EU,A,3165140988148,9981.89,ZAR,Bosch,82,Measuring Tools,T,,,3,Z5,,,,,D-tect 200 C,854370009,MY,,1,1,72,ST;PAL;1,ST,1.703,0.510,KG,269,159,250,MM
0601081700,Univ Detection Device GMS 120-27,A,4053423255331,1425.37,ZAR,Bosch,82,Measuring Tools,T,,,80,Z5,,,,,GMS 120-27,854370009,MY,,1,1,324,ST;PAL;LU,ST,0.668,0.240,KG,208,78,113,MM
0601083101,GTC 400 C L-boxx,A,3165140913515,15686.25,ZAR,Bosch,82,Measuring Tools,T,,,4,Z5,,,,,GTC 400 C,902519009,MY,3481,1,,35,ST;PAL;DG,ST,3.300,0.357,KG,442,155,360,MM
0601083901,Termocamera GTC 12V-450-13,A,4053423322361,10694.94,ZAR,Bosch,82,Measuring Tools,T,,,20,Z5,,,,,GTC 12V-450-13,902519009,CN,,1,1,216,ST;PLA;PA,ST,1.073,0.484,KG,251,114,126,MM
0601091200,PROF. TRIPOD (BT 160),A,3165140558457,1068.85,ZAR,Bosch,82,Measuring Tools,A,,,28,Z5,,,,,,962000000,IN,,1,1,16,ST;PAL;LU,ST,4.850,4.340,KG,1045,175,175,MM
0601091A00,BT 300 HD,A,4059952595429,2637.55,ZAR,Bosch,82,Measuring Tools,A,,,6,Z5,,,,,,962000000,CN,,1,1,15,ST;PAL;KG,ST,7.240,5.840,KG,210,1260,210,MM
0601091B00,BT 170 HD,A,4059952595412,1425.37,ZAR,Bosch,82,Measuring Tools,A,,,9,Z5,,,,,,962000000,CN,,1,1,12,ST;PAL;KG,ST,5.665,4.320,KG,1085,205,203,MM
0601094100,Fluid-Level Gauge GR240 prof.,A,3165140558488,926.25,ZAR,Bosch,82,Measuring Tools,A,,,3,Z7,,,,,,901580001,IN,,1,1,100,ST;PAL;LU,ST,1.070,0.758,KG,1375,58,75,MM
0601094600,Fluid-Level Gauge GR 500,A,4059952636801,854.94,ZAR,Bosch,82,Measuring Tools,A,,,30,Z5,,,,,,901580001,CN,,1,1,200,ST;PAL;1,ST,2.054,1.716,KG,1260,52,76,MM
0601096A00,PROFESSIONAL TRIPOD BT 250,A,3165140772556,1639.29,ZAR,Bosch,82,Measuring Tools,A,,,6,Z5,,,,,,962000000,IN,,1,1,16,ST;PAL;LU,ST,4.625,3.400,KG,1020,165,190,MM
0601096B00,PROFESSIONAL TRIPOD BT150,C,3165140807838,569.72,ZAR,Bosch,82,Measuring Tools,A,,,0,Z5,,,,,,962000000,CN,,1,1,98,ST;SLS;PA,ST,1.325,1.242,KG,110,580,105,MM
060117B500,GSB 19-2 RE Percussion Drill,A,3165140519335,3136.68,ZAR,Bosch,71,Professional,T,,,80,Z5,,,,,GSB 19-2 RE,846721000,HU,,1,1,40,ST;PAL;1,ST,4.399,2.700,KG,390,110,360,MM
060118B000,GSB 162-2RE PERCUSSION DRILL,C,3165140472050,9268.85,ZAR,Bosch,71,Professional,T,,,0,Z5,,,,,GSB 162-2 RE,846721000,HU,,1,,24,ST;PAL,ST,7.400,7.300,KG,547,152,332,MM
060119C700,GSB 21-2RCT PERCUSSION DRILL,A,3165140505642,3992.33,ZAR,Bosch,71,Professional,T,,,9,Z5,,,,,GSB 21-2 RCT,846721000,HU,,1,,48,ST;PAL,ST,4.600,2.860,KG,390,110,360,MM
060119C801,GSB 24-2 Impact Drill,A,3165140944519,3707.11,ZAR,Bosch,71,Professional,T,,,80,Z5,,,,,GSB 24-2,846721000,HU,,1,,40,ST;PAL,ST,4.905,4.500,KG,441,122,393,MM
06011A03KA,Percussion Drill GSB 600,A,4053423240290,504.50,ZAR,Bosch,71,Professional,T,,,80,Z5,,,,,GSB 600,846721000,CN,,1,,120,ST;PAL;1,ST,2.000,1.700,KG,285,70,255,MM
06011A2190,GSB 18-2 RE PERCUSSIONDRILL,A,3165140730228,2281.03,ZAR,Bosch,71,Professional,T,,,29,Z5,,,,,GSB 18-2 RE,846721000,MY,,1,1,42,ST;SLS;PA,ST,4.700,2.900,KG,389,353,365,MM
06011A7000,Agitator GRW 12 E,A,3165140754439,6416.68,ZAR,Bosch,71,Professional,T,,,6,Z5,,,,,GRW 12 E,847982004,DE,,1,1,10,ST;PAL;1,ST,7.680,7.190,KG,670,240,390,MM
06011A8000,GRW 18-2 E Mixer,A,3165140754460,7842.77,ZAR,Bosch,71,Professional,T,,,1,Z5,,,,,GRW 18-2 E,847982004,DE,,1,,10,ST;PAL,ST,9.960,7.190,KG,660,240,400,MM
06011B2000,GBM 13-2 RE,A,3165140797948,4634.07,ZAR,Bosch,71,Professional,T,,,6,Z5,,,,,GBM 13-2 RE,846721000,RU,,1,,80,ST;PAL,ST,3.160,2.400,KG,359,80,278,MM
06011B4020,GBM 50-2  carrying case,A,3165140937672,12548.85,ZAR,Bosch,71,Professional,T,,,80,Z5,,,,,GBM 50-2,846721000,CN,,1,1,14,ST;PAL;1,ST,22.151,21.400,KG,603,187,475,MM
06011C10K0,Drill GBM 400,B,4059952651798,504.50,ZAR,Bosch,71,Professional,T,,,8,Z5,,,,,GBM 400,846721000,CN,,1,1,160,TU;ST;PAL,ST,1.620,1.430,KG,250,220,75,MM
06011C2080,mixer GRW 18V-120,A,6949509252173,2637.55,ZAR,Bosch,71,Professional,T,,,6,Z5,,,,,GRW 18V-120,847982004,CN,,1,1,48,ST;PAL,ST,4.550,3.400,KG,395,115,355,MM
06011C40K0,mixer GRW 140,A,4053423245134,2494.94,ZAR,Bosch,71,Professional,T,,,3,Z5,,,,,GRW 140,847982004,CN,,1,1,24,ST;PAL;1,ST,5.700,4.500,KG,375,220,355,MM
06011C5000,GBM38,C,4053423663365,7842.77,ZAR,Bosch,71,Professional,T,,,0,Z3,,,,,GBM38,846721000,IN,,1,1,18,ST;PAL,ST,15.000,14.000,KG,515,155,410,MM
0601214300,GGS 8 SH,A,3165140842914,13547.11,ZAR,Bosch,71,Professional,T,,,5,Z5,,,,,GGS 8 SH,846729907,DE,,1,,56,ST;PAL,ST,5.933,4.680,KG,747,118,149,MM
06012242K0,Straight Grinders GGS 5 LS,C,4053423342505,1354.07,ZAR,Bosch,71,Professional,T,,,0,Z5,,,,,GGS 5 LS,846729907,CN,,1,1,96,ST;SLS;PA,ST,2.400,1.700,KG,495,93,126,MM
06012271K1,GSB 13 RE Percussion Drill,A,3165140692106,1033.20,ZAR,Bosch,71,Professional,T,,,34,Z7,,,,,GSB 13 RE,846721000,CN,,1,1,72,ST;PAL,ST,2.806,1.800,KG,348,107,291,MM
06012281K1,Percussion Drill GSB 16 RE,A,3165140691864,1211.46,ZAR,Bosch,71,Professional,T,,,80,Z5,,,,,GSB 16 RE,846721000,CN,,1,1,64,ST;SLS;PA,ST,3.000,2.000,KG,350,111,295,MM
0601229200,Cordless straight grinder GGS 18V-23 PLC,A,3165140962896,4634.07,ZAR,Bosch,71,Professional,T,,,12,Z5,,,,,GGS 18V-23 PLC,846729907,DE,,1,,35,ST;PAL;1,ST,4.000,2.300,KG,442,155,360,MM
0601237003,Multipurpose tool GOP 30-28,C,3165140870108,3207.98,ZAR,Bosch,71,Professional,T,,,0,Z5,,,,,GOP 30-28,846729907,MY,,1,1,42,ST;PAL;1,ST,4.070,1.850,KG,393,120,368,MM
0601241400,GIC 12V-5-27 C,C,4059952657264,7129.72,ZAR,Bosch,82,Measuring Tools,T,,,0,Z5,,,,,GIC 12V-5-27 C,852589101,CN,,1,1,156,ST;PLA;PA,ST,1.138,0.366,KG,299,78,204,MM
0601257101,GET 75-150 - Excenterschuurmachine,C,3165140835084,5703.63,ZAR,Bosch,71,Professional,T,,,0,Z5,,,,,GET 75-150,846729907,HU,,1,1,20,ST;PAL,ST,5.840,5.300,KG,442,259,362,MM
060127A300,GBG 35-15 Bench Grinder,A,3165140893350,2281.03,ZAR,Bosch,71,Professional,T,,,20,Z5,,,,,GBG 35-15,846029006,CN,,1,1,36,ST;SLS;PA,ST,12.850,10.000,KG,390,305,280,MM
060127A400,GBG 60-20,A,3165140893442,3065.37,ZAR,Bosch,71,Professional,T,,,3,Z5,,,,,GBG 60-20,846029006,CN,,1,1,15,ST;SLS;PA,ST,19.770,15.000,KG,443,304,315,MM
06012A6303,Hot Air Gun GHG 23-66,A,4053423303964,1924.51,ZAR,Bosch,71,Professional,T,,,23,Z5,,,,,GHG 23-66,841989002,RO,,1,1,35,ST;PAL;1,ST,3.386,0.974,KG,442,151,357,MM
06012A6400,GHG 20-60,B,3165140889551,1425.37,ZAR,Bosch,71,Professional,T,,,2,Z5,,,,,GHG 20-60,841989002,DE,,1,,112,ST;PAL;KA,ST,1.090,0.940,KG,412,91,169,MM
06012A6500,GHG 18V-50 Heat Gun,C,4059952586687,1496.68,ZAR,Bosch,71,Professional,T,,,0,Z5,,,,,GHG 18V-50,841989002,RO,,1,1,165,ST;PAL;KG,ST,0.940,0.610,KG,222,91,213,MM
06012A80K1,Orbital Sander GSS 140,A,4053423242218,504.50,ZAR,Bosch,71,Professional,T,,,80,Z5,,,,,GSS 140,846729907,CN,,1,1,168,ST;PAL;KA,ST,1.420,1.250,KG,190,155,125,MM
06012B50K0,Straight Grinders GGS 30 LS,A,4053423239058,2138.42,ZAR,Bosch,71,Professional,T,,,51,Z5,,,,,GGS 30 LS,846729907,CN,,1,1,72,ST;SLS;PA,ST,2.040,1.880,KG,506,109,165,MM
06012B51K0,Straight Grinders GGS 30 S,A,4053423342376,1781.89,ZAR,Bosch,71,Professional,T,,,47,Z5,,,,,GGS 30 S,846729907,CN,,1,1,140,ST;PAL,ST,1.800,1.500,KG,358,118,138,MM
06012B52K0,Straight Grinders GGS 30 LPS,A,4053423322873,2352.33,ZAR,Bosch,71,Professional,T,,,4,Z5,,,,,GGS 30 LPS,846729907,CN,,1,1,72,ST;SLS;PA,ST,2.679,2.000,KG,495,128,131,MM
06012C10K0,Belt Sander GBS 750,A,4053423255393,1639.29,ZAR,Bosch,71,Professional,T,,,80,Z5,,,,,GBS 750,846729907,CN,,1,1,75,ST;PAL;1,ST,4.312,3.802,KG,390,185,153,MM
06012C2080,Belt Sander GBS 18V-75,A,6949509256324,3207.98,ZAR,Bosch,71,Professional,T,,,17,Z5,,,,,GBS18V-75,846729907,CN,,1,1,48,ST;PAL,ST,3.260,2.630,KG,324,187,183,MM
0601372101,GEX 12V-125 Random Orbit Sander,A,4059952539478,1370.58,ZAR,Bosch,71,Professional,T,,,11,Z5,,,,,GEX 12V-125,846729907,CN,,1,,140,ST;PAL,ST,1.300,0.790,KG,233,127,192,MM
0601372800,Random orbital sander GEX AC 34-150,B,4059952528922,2708.85,ZAR,Bosch,71,Professional,T,,,3,Z5,,,,,GEX 34-150,846729907,CN,,1,,56,ST;PAL;1,ST,2.829,2.285,KG,350,210,158,MM
0601372904,Random orbital sander GEX 18V-150-3,A,4053423319590,3207.98,ZAR,Bosch,71,Professional,T,,,6,Z5,,,,,GEX 18V-150-3,846729907,CN,,1,1,66,ST;PAL;1,ST,1.200,1.200,KG,200,117,182,MM
0601387500,GEX 125-1 AE,C,3165140438278,1140.15,ZAR,Bosch,71,Professional,T,,,0,Z5,,,,,GEX 125-1 AE,846729907,MY,,1,1,125,ST;PAL,ST,2.009,1.600,KG,250,135,160,MM
06013892K0,POLISHER GPO 14-180 S,A,4053423346756,2138.42,ZAR,Bosch,71,Professional,T,,,51,Z5,,,,,GPO 14-180 S,846729907,CN,,1,1,64,ST;SLS;PA,ST,4.600,2.600,KG,585,100,195,MM
0601390909,GWB 12V-10 (body only L-Boxx),A,3165140773256,2164.50,ZAR,Bosch,71,Professional,T,,,4,Z5,,,,,GWB 12V-10,846721000,MY,,1,,45,ST;PAL;KG,ST,3.200,0.900,KG,440,120,355,MM
06013940K2,Angle Grinder GWS750-115,A,3165140871914,783.63,ZAR,Bosch,71,Professional,T,,,80,Z5,,,,,GWS 750-115,846729907,CN,,1,,108,ST;PAL,ST,2.225,1.500,KG,350,117,115,MM
06013960K5,Angle Grinder GWS9-115,A,3165140899635,1068.85,ZAR,Bosch,71,Professional,T,,,80,Z5,,,,,GWS 9-115,846729907,CN,,1,1,144,ST;PAL;1,ST,2.389,2.064,KG,360,120,120,MM
06013960K7,Angle Grinder GWS9-125,A,3165140899659,1104.51,ZAR,Bosch,71,Professional,T,,,80,Z5,,,,,GWS 9-125,846729907,CN,,1,,144,ST;SLS;PA,ST,2.365,2.130,KG,360,120,120,MM
0601396505,Angle Grinder GWS9-115P,A,3165140936521,1211.46,ZAR,Bosch,71,Professional,T,,,18,Z5,,,,,GWS 9-115 P,846729907,CN,,1,,90,ST;SLS;PA,ST,2.610,2.210,KG,355,120,122,MM
06013A23K0,Universal Angle Polisher GPO 11-180 S,C,4053423330496,1354.07,ZAR,Bosch,71,Professional,T,,,0,Z5,,,,,GPO 11-180 S,846729907,CN,,1,1,80,ST;PAL;KA,ST,3.240,2.100,KG,460,110,180,MM
06013A30K0,Angle Grinder GWS 700,A,4059952506746,504.50,ZAR,Bosch,71,Professional,T,,,80,Z5,,,,,GWS 700,846729907,CN,,1,,160,ST;PAL;KA,ST,2.200,1.800,KG,315,110,120,MM
06013A30K3,Angle Grinder GWS 700,A,4053423243567,559.35,ZAR,Bosch,71,Professional,T,,,80,Z5,,,,,GWS 700,846729907,CN,,1,1,160,ST;PAL;KA,ST,2.200,1.800,KG,315,110,120,MM
06013A40K1,Marble Saw GDC 140,A,4059952577760,997.55,ZAR,Bosch,71,Professional,T,,,5,Z5,,,,,GDC 140,846722007,CN,,1,1,56,ST;PAL;KA,ST,3.950,2.900,KG,240,170,215,MM
06013A5020,Random orbital sander GEX 185-LI,C,4059952608365,1567.98,ZAR,Bosch,71,Professional,T,,,0,Z5,,,,,GEX 185-LI,846729907,CN,,1,1,126,ST;PAL;1,ST,1.416,0.916,KG,240,150,159,MM
06013A6020,Angle Grinder GWS 12-125 S,A,4059952631639,1567.98,ZAR,Bosch,71,Professional,T,,,51,Z5,,,,,GWS 12-125 S,846729907,CN,,1,,90,ST;SLS;PA,ST,3.341,2.796,KG,360,140,120,MM
06013A6220,Angle Grinder GWS 12-125 P,B,4053423252019,1639.29,ZAR,Bosch,71,Professional,T,,,2,Z5,,,,,GWS 12-125 P,846729907,CN,,1,1,90,ST;SLS;PA,ST,3.537,3.390,KG,362,148,123,MM
06013A80K0,RANDOM ORBITAL SANDER GEX 125,A,4053423243284,926.25,ZAR,Bosch,71,Professional,T,,,44,Z5,,,,,GEX 125,846729907,MY,,1,1,144,ST;PAL;KA,ST,1.760,1.490,KG,216,167,136,MM
06013B10K0,Universal Angle Polisher GPX9-125S,C,4053423688665,2138.42,ZAR,Bosch,71,Professional,T,,,0,Z3,,,,,GPX9-125S,846729907,CN,,1,1,60,ST;SLS;PA,ST,3.600,2.860,KG,545,130,155,MM
0601434108,GDS 24 Impact Wrench,A,3165140316132,17468.85,ZAR,Bosch,71,Professional,T,,,80,Z5,,,,,GDS 24,846729907,DE,,1,1,26,ST;PAL,ST,8.720,6.160,KG,433,140,304,MM
0601435103,Impact Wrenches GDS 30,A,3165140922944,19251.46,ZAR,Bosch,71,Professional,T,,,36,Z5,,,,,GDS 30,846729907,DE,,1,,26,ST;PAL,ST,10.155,7.570,KG,455,143,310,MM
0601443680,Hw-Battery-Lamp GLI 18V-800 Solo,A,6949509254399,712.33,ZAR,Bosch,71,Professional,T,,,43,Z5,,,,,GLI 18V-800,851310003,CN,,1,1,432,ST;PAL,ST,0.686,0.448,KG,164,81,110,MM
0601444000,GDS 18E Impact Wrench,C,3165140596657,5418.42,ZAR,Bosch,71,Professional,T,,,0,Z5,,,,,GDS 18 E,846729907,CN,,1,,81,ST;PAL;KA,ST,3.960,3.300,KG,355,105,255,MM
0601445000,GSR 6-25,A,3165140636650,4690.58,ZAR,Bosch,71,Professional,T,,,49,Z7,,,,,GSR 6-25 TE,846729907,CH,,1,1,64,ST;PAL,ST,2.800,2.800,KG,347,100,300,MM
0601446400,Battery Lamp GLI 18V-1900 (C),C,3165140645416,1354.07,ZAR,Bosch,71,Professional,T,,,0,Z5,,,,,GLI 18V-1900,851310003,CN,,1,,80,ST;PAL;LU,ST,2.060,0.300,KG,332,101,200,MM
0601446900,GLI 18V-10000C,A,3165140976442,4277.55,ZAR,Bosch,71,Professional,T,,,20,Z5,,,,,GLI 18V-10000 C,851310003,CN,,1,,30,ST;PAL;LU,ST,4.655,3.995,KG,314,231,303,MM
0601473600,GBM 10 RE DRILL,A,3165140485968,1140.15,ZAR,Bosch,71,Professional,T,,,78,Z5,,,,,GBM 10 RE,846721000,CN,,1,1,142,ST;PAL;1,ST,2.175,2.174,KG,285,74,240,MM
0601482700,Nailer GNH 18V-35,C,4053423358087,4277.55,ZAR,Bosch,71,Professional,T,,,0,Z5,,,,,GNH 18V-35,846729907,TW,,1,1,64,ST;PAL;KA,ST,3.000,2.000,KG,310,86,293,MM
0601482800,Stapler GTH 18V-14,C,4053423358131,4420.15,ZAR,Bosch,71,Professional,T,,,0,Z5,,,,,GTH 18V-14,846729907,TW,,1,1,64,ST;PAL;KA,ST,3.300,2.300,KG,310,86,293,MM
06014A0000,Battery Lamp GLI 12V-330,A,3165140741750,540.58,ZAR,Bosch,71,Professional,T,,,14,Z5,,,,,GLI 12V-330,851310003,HK,,1,,480,TU;ST;PAL,ST,0.466,0.300,KG,178,70,90,MM
06014A1100,Hw-Battery-Lamp GLI 18V-300,A,3165140876193,427.11,ZAR,Bosch,71,Professional,T,,,18,Z5,,,,,GLI 18V-300,851310003,HK,,1,1,360,ST;PAL;LU,ST,0.300,0.300,KG,116,163,78,MM
06014A20K0,CORDED SCREW DRIVER (GTB 650),A,3165140920995,1567.98,ZAR,Bosch,71,Professional,T,,,7,Z5,,,,,GTB 650,846729907,CH,,1,,89,ST;PAL;1,ST,1.650,1.400,KG,350,99,294,MM
06014A3170,GPB18V-2 SC,C,4059952556161,3065.37,ZAR,Bosch,71,Professional,T,,,0,Z5,,,,,GPB 18V-2 SC,852719903,CN,,1,,48,ST;PAL;LU,ST,3.309,2.890,KG,374,162,202,MM
06014A5001,Hw-Battery-Lamp GLA 18VH-7500,A,4053423329957,3564.51,ZAR,Bosch,71,Professional,T,,,8,Z5,,,,,GLA 18VH-7500,940542906,CN,,1,1,30,ST;PAL,ST,5.000,4.100,KG,244,398,244,MM
06014A8000,Hw-Battery-Lamp GLI18V-1500,A,4053423356342,1068.85,ZAR,Bosch,71,Professional,T,,,80,Z5,,,,,GLI18V-1500,851310003,CN,,1,1,72,ST;SLS;PA,ST,1.790,1.400,KG,247,137,223,MM
06014A81L0,CORDLESS JOBSITE LIGHT GLI 18V-3000,C,4053423356984,1425.37,ZAR,Bosch,71,Professional,T,,,0,Z3,,,,,GLI18V-3000,851310003,CN,,1,1,48,ST;PAL,ST,2.650,2.650,KG,334,175,200,MM
0601500500,GSC 75-16 Shear,A,3165140843034,5917.55,ZAR,Bosch,71,Professional,T,,,3,Z5,,,,,GSC 75-16,846729907,DE,,1,,150,ST;PAL;1,ST,2.502,2.200,KG,389,88,159,MM
0601512000,GST 150 CE / Stab Orbital Jigsaw,C,3165140463720,3421.89,ZAR,Bosch,71,Professional,T,,,0,Z5,,,,,GST 150 CE,846722007,HU,,1,,48,ST;PAL,ST,4.400,4.400,KG,110,380,360,MM
0601529400,GNA 75-16,C,3165140843072,10338.42,ZAR,Bosch,71,Professional,T,,,0,Z5,,,,,GNA 75-16,846729907,DE,,1,,100,ST;PAL;1,ST,2.591,2.240,KG,384,85,159,MM
0601575103,Univ. Foam Rubber Cutter GSG 300,C,3165140253031,11051.46,ZAR,Bosch,71,Professional,T,,,0,Z5,,,,,GSG 300,846722007,DE,,1,1,96,ST;PAL,ST,1.960,1.460,KG,385,107,180,MM
060158F000,GST 90 BE (Case),A,3165140602839,2708.85,ZAR,Bosch,71,Professional,T,,,80,Z5,,,,,GST 90 BE,846722007,HU,,1,1,72,ST;PAL;1,ST,3.800,3.800,KG,350,298,105,MM
06015A1001,GST 12 V-LI Jigsaw,A,3165140711463,2020.15,ZAR,Bosch,71,Professional,T,,,6,Z5,,,,,GST 12V-70,846722007,CN,,1,,100,ST;PLA;PA,ST,1.990,1.500,KG,335,105,225,MM
06015A20K0,Circular hand saw GKS 235 Turbo,A,3165140738392,2637.55,ZAR,Bosch,71,Professional,T,,,17,Z5,,,,,GKS 235 Turbo,846722007,CN,,1,,15,ST;SLS;PA,ST,8.300,7.800,KG,420,400,350,MM
06015A4301,Portable Planer GHO 26-82 D,A,3165140771139,2138.42,ZAR,Bosch,71,Professional,T,,,56,Z5,,,,,GHO 26-82 D,846729907,MY,,1,1,48,ST;SLS;PA,ST,4.212,3.172,KG,390,190,180,MM
06015A90K1,Portable Planer GHO 700,A,3165140994774,1354.07,ZAR,Bosch,71,Professional,T,,,33,Z5,,,,,GHO 700,846729907,CN,,1,,48,ST;PAL;KA,ST,3.650,2.800,KG,205,174,334,MM
06015B3021,Cordless Jigsaw GST 185-LI,A,4059952588964,2138.42,ZAR,Bosch,71,Professional,T,,,23,Z5,,,,,GST 185-LI,846722007,CN,,1,,96,ST;SLS;PA,ST,2.470,2.070,KG,290,95,230,MM
06015B40K0,Jig Saw GST 680,A,4059952632216,648.84,ZAR,Bosch,71,Professional,T,,,80,Z5,,,,,GST 680,846722007,CN,,1,1,90,ST;PAL;KA,ST,2.420,2.000,KG,280,90,235,MM
06015B41K0,Jig Saw GST 750,A,4059952632292,1068.85,ZAR,Bosch,71,Professional,T,,,80,Z5,,,,,GST 750,846722007,CN,,1,1,90,ST;PAL;1,ST,2.570,2.300,KG,280,95,245,MM
06015B5021,Portable Planer GHO 185-LI,A,4059952661117,2138.42,ZAR,Bosch,71,Professional,T,,,54,Z5,,,,,GHO 185-LI,846729907,CN,,1,1,48,ST;PAL;LU,ST,3.300,2.330,KG,324,195,172,MM
06015B5200,Portable Planer GHO 18V-20,C,4053423840476,1639.29,ZAR,Bosch,71,Professional,T,,,0,Z3,,,,,GHO 18V-20,846729907,CN,,1,1,56,ST;PAL,ST,3.300,2.200,KG,340,205,175,MM
06015B7020,Cordless Jigsaw GST 183-LI,A,4053423251319,1211.46,ZAR,Bosch,71,Professional,T,,,25,Z5,,,,,GST 183-LI,846722007,CN,,1,1,96,ST;SLS;PA,ST,2.112,1.586,KG,290,95,230,MM
0601620100,Biscuit Jointer GFF 18V-22,A,3165140939843,6060.15,ZAR,Bosch,71,Professional,T,,,6,Z5,,,,,GFF 18V-22,846729907,DE,,1,1,52,ST;PAL;1,ST,3.500,2.600,KG,416,188,150,MM
0601623000,GKS 190 box PORTABLE CIRCULAR SAW,C,3165140469678,1853.20,ZAR,Bosch,71,Professional,T,,,0,Z5,,,,,GKS 190,846722007,CN,,1,,24,ST;SLS;PA,ST,6.040,4.763,KG,390,265,280,MM
0601627220,Industrial Router GOF 20-12,C,4053423330403,2494.94,ZAR,Bosch,71,Professional,T,,,0,Z5,,,,,GOF 20-12,846729907,CN,,1,1,24,ST;PAL,ST,10.035,8.200,KG,390,220,330,MM
060164E200,GSA 1300 PCE,A,3165140578288,2851.46,ZAR,Bosch,71,Professional,T,,,80,Z5,,,,,GSA 1300 PCE,846722007,CN,,1,1,30,ST;PAL,ST,7.400,7.400,KG,140,570,290,MM
0601668900,Circular hand saw GKS 65 GCE,C,3165140607629,3136.68,ZAR,Bosch,71,Professional,T,,,0,Z5,,,,,GKS 65 GCE,846722007,CN,,1,,12,ST;SLS;PA,ST,7.260,5.550,KG,445,300,335,MM
0601675000,GKT 55 GCE,A,3165140607742,9625.37,ZAR,Bosch,71,Professional,T,,,2,Z5,,,,,GKT 55 GCE,846722007,DE,,1,1,18,ST;PAL,ST,4.700,4.700,KG,231,267,367,MM
06016A0021,GKF 550,A,3165140843522,997.55,ZAR,Bosch,71,Professional,T,,,80,Z5,,,,,GKF 550,846729907,CN,,1,,108,ST;PAL;KA,ST,2.420,1.980,KG,241,112,172,MM
06016A1001,GKS 12V-26 Circular Saw,A,3165140755849,2020.15,ZAR,Bosch,71,Professional,T,,,3,Z5,,,,,GKS 12V-26,846722007,CN,,1,,96,ST;PLA;PA,ST,1.930,1.920,KG,335,130,207,MM
06016A5100,Cordl Reciprocating Saw GSA 18V-24,C,4053423320268,1924.51,ZAR,Bosch,71,Professional,T,,,0,Z5,,,,,GSA 18V-24,846722007,CN,,1,1,112,ST;SLS;PA,ST,2.197,1.675,KG,370,90,165,MM
06016B0072,Router GKF 12V-8,A,3165140909822,2164.50,ZAR,Bosch,71,Professional,T,,,3,Z5,,,,,GKF 12V-8,846729907,HU,,1,,147,ST;PAL;1,ST,1.460,1.350,KG,254,119,159,MM
06016B30K1,Circular Saw GKS 140,A,3165140978064,1282.77,ZAR,Bosch,71,Professional,T,,,80,Z5,,,,,GKS 140,846722007,CN,,1,,32,ST;PAL;KA,ST,4.880,4.280,KG,350,210,245,MM
06016B8000,Circular saw GKM 18V-50,A,4059952548296,3207.98,ZAR,Bosch,71,Professional,T,,,5,Z5,,,,,GKM 18V-50,846722007,CN,,1,,36,ST;PAL,ST,3.640,2.540,KG,358,221,263,MM
06016C0020,Cordl Reciprocating Saw GSA 185-LI,A,4059952641171,2566.25,ZAR,Bosch,71,Professional,T,,,23,Z5,,,,,GSA 185-LI,846722007,CN,,1,,63,ST;PAL;1,ST,4.000,3.200,KG,500,108,185,MM
06016C1000,Cordless Circular Saw GKS 18V-57-2 GX,A,4059952610689,3564.51,ZAR,Bosch,71,Professional,T,,,9,Z5,,,,,GKS 18V-57-2 GX,846722007,CN,,1,1,21,ST;SLS;PA,ST,5.080,3.380,KG,475,295,205,MM
06016C1221,Cordless Circular Saw GKS 185-LI,C,4059952610771,2566.25,ZAR,Bosch,71,Professional,T,,,0,Z5,,,,,GKS 185-LI,846722007,CN,,1,1,18,ST;SLS;PA,ST,4.182,2.807,KG,454,305,255,MM
06016C2080,Router GKF 18V-8,C,4053423502626,4277.55,ZAR,Bosch,71,Professional,T,,,0,Z5,,,,,GKF 18V-8,846729907,DE,,1,1,35,ST;PAL,ST,6.840,3.001,KG,95,168,82,MM
06016C30K0,Circular hand saw GKS 130,A,4059952650173,1104.51,ZAR,Bosch,71,Professional,T,,,80,Z5,,,,,GKS 130,846722007,CN,,1,,32,ST;PAL;1,ST,4.685,4.685,KG,350,200,245,MM
06016C60L0,Router GLF 18V-8,C,4053423303612,1781.89,ZAR,Bosch,71,Professional,T,,,0,Z5,,,,,GLF 18V-8,846729907,CN,,1,1,108,ST;PAL;KA,ST,1.750,1.100,KG,255,133,155,MM
06016C70K0,Reciprocating saw GSA 12-30,A,4053423302004,1781.89,ZAR,Bosch,71,Professional,T,,,20,Z5,,,,,GSA 12-30,846722007,CN,,1,1,32,ST;PAL;1,ST,6.478,3.831,KG,565,298,129,MM
06016D0000,Cordless Circular Saw GKS 18V-68-2,A,4053423332940,3564.51,ZAR,Bosch,71,Professional,T,,,25,Z5,,,,,GKS 18V-68-2,846722007,CN,,1,1,27,ST;SLS;PA,ST,5.100,3.560,KG,400,345,245,MM
06016D10L0,CORDL RECIPROCATING SAW GSA18V-280,C,4053423619836,2138.42,ZAR,Bosch,71,Professional,T,,,0,Z3,,,,,GSA18V-280,846722007,CN,,1,1,72,ST;PAL,ST,3.098,2.488,KG,450,115,190,MM
0601776001,Concrete Grinder GBR 15CAG,A,3165140743389,7129.72,ZAR,Bosch,71,Professional,T,,,3,Z5,,,,,GBR 15 CAG,846729907,DE,,1,1,20,ST;PAL,ST,6.510,2.770,KG,442,255,362,MM
060179N002,GWS 19-125 CI Angle Grinder,C,3165140838375,3065.37,ZAR,Bosch,71,Professional,T,,,0,Z5,,,,,GWS 19-125 CI,846729907,DE,,1,1,65,ST;PAL,ST,3.700,2.400,KG,456,155,139,MM
060179R002,GWS 19-150 CI,A,3165140838399,3136.68,ZAR,Bosch,71,Professional,T,,,12,Z5,,,,,GWS 19-150 CI,846729907,DE,,1,1,65,ST;PAL,ST,3.700,2.400,KG,456,155,139,MM
06017D0200,Angle Grinder GWS 17-125,A,4059952576527,2708.85,ZAR,Bosch,71,Professional,T,,,36,Z5,,,,,GWS 17-125,846729907,DE,,1,1,108,ST;PAL;1,ST,3.600,2.232,KG,390,160,133,MM
06017D0300,Angle Grinder GWS 17-125 S,C,4059952576534,2780.15,ZAR,Bosch,71,Professional,T,,,0,Z5,,,,,GWS 17-125 S,846729907,DE,,1,1,108,ST;PAL;1,ST,3.559,2.230,KG,390,160,130,MM
06017D1300,Angle Grinder GWS 17-125 PS,A,4059952576664,2922.77,ZAR,Bosch,71,Professional,T,,,80,Z5,,,,,GWS 17-125 PS,846729907,DE,,1,1,108,ST;PAL;1,ST,3.550,2.240,KG,390,160,130,MM
06017D1600,Angle Grinder GWS 17-150 PS,A,4059952576718,3136.68,ZAR,Bosch,71,Professional,T,,,6,Z5,,,,,GWS 17-150 PS,846729907,DE,,1,1,108,ST;PAL;1,ST,3.710,2.240,KG,390,160,130,MM
06017D40K0,DRYWALL SANDER GTR 550,A,4059952577821,4277.55,ZAR,Bosch,71,Professional,T,,,9,Z5,,,,,GTR 550,846729907,CN,,1,,12,ST;PAL,ST,11.000,4.800,KG,680,238.5,392,MM
06017D50K0,Angle Grinder GWS 20-125 SB,A,4053423303216,3564.51,ZAR,Bosch,71,Professional,T,,,15,Z5,,,,,GWS 20-125 SB,846729907,CN,,1,1,112,ST;PAL;1,ST,4.160,3.685,KG,392,141,148,MM
0601824806,Angle Grinder GWS 1400,C,4053423237610,1710.59,ZAR,Bosch,71,Professional,T,,,0,Z5,,,,,GWS 1400,846729907,CN,,1,,90,ST;SLS;PA,ST,3.315,2.015,KG,359.994,129.997,154.991,MM
06018B5001,GOP 12V-28 Multi-cutter,A,3165140842501,1803.62,ZAR,Bosch,71,Professional,T,,,5,Z5,,,,,GOP 12V-28,846729907,MY,3481,1,1,186,ST;PLA;PA,ST,1.420,1.000,KG,340,80,220,MM
06018C10K0,Angle Grinder GWS 2200-230,A,3165140972772,1710.59,ZAR,Bosch,71,Professional,T,,,80,Z5,,,,,GWS 2200,846729907,CN,,1,,48,ST;SLS;PA,ST,6.600,6.290,KG,580,120,190,MM
06018C10K3,Angle Grinder GWS 2000,A,4053423330250,1567.98,ZAR,Bosch,71,Professional,T,,,80,Z5,,,,,GWS 2000,846729907,CN,,1,1,48,ST;PAL,ST,6.700,6.290,KG,900,120,190,MM
06018C2100,Angle Grinder GWS 24-180 P,B,4059952555881,2352.33,ZAR,Bosch,71,Professional,T,,,11,Z5,,,,,GWS 24-180 P,846729907,CN,,1,1,48,ST;PAL,ST,7.142,5.402,KG,590,123,193,MM
06018C30K0,ANGLE GRINDER (GWS 24-230),A,4059952555997,2138.42,ZAR,Bosch,71,Professional,T,,,80,Z5,,,,,GWS 24-230,846729907,DE,,1,,48,ST;PAL,ST,7.378,5.466,KG,585,120,195,MM
06018C3301,Angle Grinder GWS 24-230 JZ,A,4059952556024,2708.85,ZAR,Bosch,71,Professional,T,,,34,Z5,,,,,GWS 24-230 JZ,846729907,DE,,1,1,48,ST;PAL,ST,7.544,5.580,KG,610,150,190,MM
06018C50K0,Angle Grinder GWS 27-230,A,4053423252323,2494.94,ZAR,Bosch,71,Professional,T,,,80,Z5,,,,,GWS 27-230,846729907,CN,,1,1,48,ST;PAL;1,ST,8.043,5.980,KG,230,50,75,MM
06018C5320,Angle Grinder GWS 27-230 J,A,4053423252385,2922.77,ZAR,Bosch,71,Professional,T,,,8,Z5,,,,,GWS 27-230 J,846729907,CN,,1,1,48,ST;SLS;PA,ST,8.100,6.106,KG,580,120,190,MM
06018C7100,Angle Grinder GWS 27-230 PR,A,4053423252446,3065.37,ZAR,Bosch,71,Professional,T,,,51,Z5,,,,,GWS 27-230 PR,846729907,CN,,1,1,48,ST;SLS;PA,ST,8.125,5.896,KG,605,140,195,MM
06018F60K0,Universal Angle Grinder GWS 26-230,C,4059952666037,2994.07,ZAR,Bosch,71,Professional,T,,,0,Z5,,,,,GWS 26-230,846729907,BR,,1,,48,ST;PAL;1,ST,6.770,6.770,KG,580,120,150,MM
06018G0100,Angle Grinder GWS 30-180 PB,A,4059952609096,4919.29,ZAR,Bosch,71,Professional,T,,,8,Z5,,,,,GWS 30-180 PB,846729907,CN,,1,1,48,ST;SLS;PA,ST,7.568,5.490,KG,605,135,190,MM
06018G1100,Angle Grinder GWS 30-230 PB,A,4059952609102,4919.29,ZAR,Bosch,71,Professional,T,,,80,Z5,,,,,GWS 30-230 PB,846729907,CN,,1,1,48,ST;SLS;PA,ST,7.772,5.544,KG,605,135,195,MM
06018G2020,Multipurpose tool GOP 185-LI,A,4059952606804,2851.46,ZAR,Bosch,71,Professional,T,,,6,Z5,,,,,GOP 185-LI,846729907,CN,,1,,230,ST;PAL;1,ST,1.500,1.200,KG,282,91,89,MM
06018G3080,Multipurpose tool GOP18V-30,C,4053423837124,1853.20,ZAR,Bosch,71,Professional,T,,,0,Z3,,,,,GOP18V-30,846729907,HU,,1,1,198,ST;PAL,ST,1.200,1.000,KG,310,98,130,MM
0601926300,Portable Metal Shears GSC 18V-16 E,A,4059952609058,6416.68,ZAR,Bosch,71,Professional,T,,,80,Z5,,,,,GSC 18V-16 E,846729907,DE,,1,1,170,ST;PAL;1,ST,1.920,1.620,KG,344,91,158,MM
060194D020,GHG 180,A,3165140939287,504.50,ZAR,Bosch,71,Professional,T,,,80,Z5,,,,,GHG 180,841989002,CN,,1,1,96,ST;PAL;LU,ST,0.750,0.750,KG,238,244,86,MM
060197C1K0,Industrial vacuum cleaner GAS12-25 PL,A,3165140926058,3207.98,ZAR,Bosch,71,Professional,T,,,23,Z5,,,,,GAS 12-25 PL,850819901,HK,,1,,8,ST;SLS;PA,ST,12.370,10.380,KG,590,470,390,MM
0601980490,Blower GBL 800 E,A,3165140468299,997.55,ZAR,Bosch,71,Professional,T,,,12,Z5,,,,,GBL 800 E,846729907,IN,,1,,44,ST;PAL,ST,2.860,2.850,KG,333,211,228,MM
06019B2901,GUS 12V-300 (solo),A,3165140607414,1781.89,ZAR,Bosch,71,Professional,T,,,6,Z5,,,,,GUS 12V-300,846729907,CN,,1,1,186,ST;PLA;PA,ST,1.615,1.480,KG,335,80,220,MM
06019C3000,GAS 35 L SFC,C,3165140705448,8555.81,ZAR,Bosch,71,Professional,T,,,0,Z5,,,,,GAS 35 L SFC+,850819901,RO,,1,,4,ST;PAL,ST,18.680,11.860,KG,740,400,590,MM
06019C4001,GCG 18V-600 Caulk Gun (solo carton),A,3165140708920,5347.11,ZAR,Bosch,71,Professional,T,,,3,Z5,,,,,GCG 18V-600,846729907,GB,,1,1,26,ST;PLA;PA,ST,3.660,0.480,KG,729,94,357,MM
06019C6200,GAS 18V-1 Vacuum Cleaner (solo carton),A,3165140888677,926.25,ZAR,Bosch,71,Professional,T,,,80,Z5,,,,,GAS 18V-1,850811900,CN,,1,,35,ST;PAL;1,ST,2.410,1.660,KG,496,195,218,MM
06019C6302,GAS 18V-10L Vacuum Cleaner,C,3165140995405,1781.89,ZAR,Bosch,71,Professional,T,,,0,Z5,,,,,GAS 18V-10 L,850811900,CN,,1,,8,ST;PAL;1,ST,6.980,6.100,KG,422,334,416,MM
06019D0200,P GSS 18V-10 + 2 SS+ PT (C),A,3165140813280,1068.85,ZAR,Bosch,71,Professional,T,,,3,Z7,,,,,GSS 18V-10,846729907,MY,,1,1,115,ST;PAL,ST,1.480,0.930,KG,223,143,177,MM
06019E5100,GAS 15 PS,A,3165140829007,2494.94,ZAR,Bosch,71,Professional,T,,,17,Z5,,,,,GAS 15 PS,850811900,HK,,1,1,10,ST;PAL,ST,10.135,8.500,KG,472,512,320,MM
06019F0001,BATT. IMPACT WRENCH GDR 120-LI (Kit),A,3165140888479,1803.62,ZAR,Bosch,71,Professional,T,,,33,Z5,,,,,GDR 120-LI Kit,846729907,MY,3481,1,,76,ST;PAL;DG,ST,2.405,1.220,KG,324,80,291,MM
06019F2000,GWS 12V-76 Angle Grinder (Solo),A,3165140813204,2020.15,ZAR,Bosch,71,Professional,T,,,3,Z5,,,,,GWS 12V-76,846729907,DE,,1,1,99,ST;PAL,ST,1.170,0.800,KG,333,105,222,MM
06019F5100,GBL 18V-120 Blower,A,3165140821049,712.33,ZAR,Bosch,71,Professional,T,,,80,Z5,,,,,GBL 18V-120,841459000,CN,,1,1,60,TU;ST;PAL,ST,1.790,1.100,KG,303,190,205,MM
06019G4204,IMPACT WRENCH GDX 18 V-200 C (SOLO),A,3165140951319,2566.25,ZAR,Bosch,71,Professional,T,,,11,Z5,,,,,GDX 18V-200 C,846729907,HU,,1,1,90,ST;PLA;PA,ST,1.805,1.700,KG,325,113,269,MM
06019G61K0,Impact Wrench GDS 250-LI,A,3165140898454,3992.33,ZAR,Bosch,71,Professional,T,,,1,Z7,,,,,GDS 250-LI,846729907,MY,3481,1,1,42,ST;PAL;DG,ST,4.510,3.650,KG,390,114,360,MM
06019G81K0,Cordl Perc Screwdr GSB 120-LI,A,3165140955652,1282.77,ZAR,Bosch,71,Professional,T,,,20,Z7,,,,,GSB 120-LI,846729907,MY,3481,1,,88,ST;SLS;SA,ST,2.000,1.000,KG,299,90,266,MM
06019G81K2,Cordless Drill Driver GSB 120-LI,C,3165140955898,1425.37,ZAR,Bosch,71,Professional,T,,,0,Z5,,,,,GSB 120-LI,846729907,MY,3481,1,,88,ST;SLS;PA,ST,2.000,1.000,KG,299,90,266,MM
06019H2100,Cordless Screw Driver Bosch GO2,B,3165140975285,819.29,ZAR,Bosch,71,Professional,T,,,2,Z7,,,,,Bosch GO,846729907,MY,3481,1,,108,ST;SLS;PA,ST,0.965,0.305,KG,275,65,265,MM
06019H2200,Cordless Screw Driver Bosch GO,A,4059952639567,819.29,ZAR,Bosch,71,Professional,T,,,80,Z5,,,,,Bosch GO,846729907,MY,3481,1,1,180,ST;SLS;PA,ST,0.808,0.808,KG,236,88,120,MM
06019H3003,GSR 12V-35 FC Full Set C&G,C,3165140936941,2886.23,ZAR,Bosch,71,Professional,T,,,0,Z5,,,,,GSR 12V-35 FC,846729907,MY,,1,,45,ST;PAL;1,ST,3.605,1.000,KG,444,122,360,MM
06019H6A00,Cordless Angle Grinder GWS 18V-15 P,A,4059952609980,4277.55,ZAR,Bosch,71,Professional,T,,,20,Z5,,,,,GWS 18V-15 P,846729907,DE,,1,1,90,ST;PAL;1,ST,3.070,2.248,KG,375,155,155,MM
06019H6B00,Cordless Angle Grinder GWS 18V-15 PSC,C,4059952610016,5347.11,ZAR,Bosch,71,Professional,T,,,0,Z5,,,,,GWS 18V-15 PSC,846729907,DE,,1,1,90,ST;PAL;1,ST,3.185,2.285,KG,375,155,155,MM
06019J51L0,Cordless Drill Driver GSB 18V-150 C Solo,A,4059952574493,4277.55,ZAR,Bosch,71,Professional,T,,,14,Z7,,,,,GSB 18V-150 C,846729907,CN,,1,,22,ST;PAL;1,ST,5.700,1.850,KG,443.9,151,360,MM
06019J8501,GDS 18V-1050 H L-Boxx,A,4059952564661,4277.55,ZAR,Bosch,71,Professional,T,,,9,Z5,,,,,GDS 18V-1050 H,846729907,MY,,1,,35,ST;PAL,ST,5.500,2.300,KG,443,155,360,MM
06019J8502,GDS 18V-1050 H 2xPC8.0 GAL1880 L-Boxx,A,4059952564678,9981.89,ZAR,Bosch,71,Professional,T,,,24,Z5,,,,,GDS 18V-1050 H,846729907,MY,3481,1,,35,ST;PAL;DG,ST,8.278,2.300,KG,442,155,360,MM
06019K0003,Impact Wrench GDS 18V-400,A,4059952563756,6060.15,ZAR,Bosch,71,Professional,T,,,80,Z7,,,,,GDS 18V-400,846729907,MY,3481,1,1,34,ST;SLS;PA,ST,5.500,2.360,KG,445,114,362,MM
06019K0021,Impact Wrench GDS 18V-400,C,4059952522982,2138.42,ZAR,Bosch,71,Professional,T,,,0,Z5,,,,,GDS 18V-400,846729907,MY,,1,1,60,ST;SLS;PA,ST,2.500,1.250,KG,350,99,294,MM
06019K30K1,CORDLESS DRILL DRIVER GSR 185-LI 1 BATT,C,4053423230413,1710.59,ZAR,Bosch,71,Professional,T,,,0,Z5,,,,,GSR 185-LI,846729907,MY,3481,1,,60,ST;PAL;DG,ST,2.940,0.930,KG,350,99,294,MM
06019K3183,CORDL PERC SCREWDR GSB 185-LI (SOLO),A,4053423230468,1282.77,ZAR,Bosch,71,Professional,T,,,22,Z5,,,,,GSB 185-LI,846729907,CN,,1,,60,ST;PAL;1,ST,2.130,1.030,KG,350,99,294,MM
06019K31K1,Cordl Perc Screwdr GSB 185-LI (1 Batt),C,4053423230369,1853.20,ZAR,Bosch,71,Professional,T,,,0,Z5,,,,,GSB 185-LI,846729907,CN,3481,1,,60,ST;PAL;DG,ST,2.940,1.030,KG,350,99,294,MM
06019K31K2,Cordl Perc Screwdr GSB 185-LI,C,4053423230239,2423.63,ZAR,Bosch,71,Professional,T,,,0,Z5,,,,,GSB 185-LI,846729907,CN,3481,1,,60,ST;SA;PAL,ST,3.640,1.030,KG,350,99,294,MM
06019K5000,riveting tool GRG 18V-16 C,C,4059952570471,7129.72,ZAR,Bosch,71,Professional,T,,,0,Z5,,,,,GRG 18V-16 C,846729907,CN,,1,1,90,ST;PAL;1,ST,1.000,1.000,KG,40,40,40,MM
06019K6100,Cordl Perc Screwdr GSB 18V-90 C,A,4059952577715,2851.46,ZAR,Bosch,71,Professional,T,,,28,Z5,,,,,GSB 18V-90 C,846729907,MY,,1,,160,ST;PLA;PA,ST,1.392,1.392,KG,94,234,224,MM
06019K6106,Cordl Perc Screwdr GSB 18V-90 C,A,4059952617350,4990.59,ZAR,Bosch,71,Professional,T,,,3,Z5,,,,,GSB 18V-90 C,846729907,MY,3481,1,,35,ST;PAL;DG,ST,5.315,1.706,KG,442,151,357,MM
06019K7020,Cordless Screw Driver GTB 185-LI,C,4059952581057,3350.59,ZAR,Bosch,71,Professional,T,,,0,Z5,,,,,GTB185-LI,846729907,CN,3481,1,1,60,ST;PAL;DG,ST,2.650,1.290,KG,350,99,294,MM
06019K7021,Cordless Screw Driver GTB 185-LI,A,4059952581170,2138.42,ZAR,Bosch,71,Professional,T,,,42,Z5,,,,,GTB185-LI,846729907,CN,,1,,75,ST;PAL;1,ST,1.900,1.290,KG,287,97,266,MM
06019K9122,Combo Kit GSB 183-LI+GWS 18V-8 Combo Kit,C,4053423504019,4347.00,ZAR,Bosch,71,Professional,T,,,0,Z5,,,,,GSB 183-LI+GWS 18V-8,NONCOM000,CN,3481,1,1,32,ST;SLS;PA,ST,5.720,3.500,KG,430,100,370,MM
06019K9181,Cordl Perc Screwdr GSB 183-LI,A,4053423484007,711.38,ZAR,Bosch,71,Professional,T,,,80,Z5,,,,,GSB 183-LI,846729907,MY,,1,1,48,ST;SLS;PA,ST,2.310,1.540,KG,350,99,294,MM
06019K91K0,Cordl Perc Screwdr GSB 183-LI (2 batts),A,4059952599038,1425.37,ZAR,Bosch,71,Professional,T,,,57,Z5,,,,,GSB 183-LI,846729907,MY,3481,1,1,60,ST;SLS;SA,ST,3.230,1.540,KG,350,99,294,MM
06019K91K1,Cordl Perc Screwdr GSB 183-LI (1 batt),A,4053423238402,1186.17,ZAR,Bosch,71,Professional,T,,,80,Z5,,,,,GSB 183-LI,846729907,MY,3481,1,1,60,ST;SLS;PA,ST,2.890,1.540,KG,350,99,294,MM
06019K91K2,Cordl Perc Screwdr GSB 183-LI,A,4053423329629,1781.89,ZAR,Bosch,71,Professional,T,,,58,Z5,,,,,GSB 183-LI,846729907,MY,3481,1,1,28,ST;SA;PAL,ST,4.800,1.500,KG,427,195,232,MM
06019L7001,Nailer GNB 18V-38,C,4059952647821,16399.29,ZAR,Bosch,71,Professional,T,,,0,Z5,,,,,GNB 18V-38,846729907,TW,,1,1,20,ST;PLA;PA,ST,8.000,8.000,KG,605,170,400,MM
06019M1080,Impact Wrench GDS 18V-1600 HC (Solo),A,4053423247299,4491.46,ZAR,Bosch,71,Professional,T,,,12,Z5,,,,,GDS 18V-1600 HC,846729907,MY,,1,1,22,ST;PAL;1,ST,7.750,3.200,KG,444,155,350,MM
06019M40K0,Blower GBL 650,A,4053423245721,648.84,ZAR,Bosch,71,Professional,T,,,80,Z5,,,,,GBL 650,841459000,IN,,1,1,60,ST;PAL;1,ST,2.040,1.680,KG,255,190,205,MM
06019M5021,Impact Wrench GDS 18V-350,A,4053423300970,2637.55,ZAR,Bosch,71,Professional,T,,,73,Z5,,,,,GDS 18V-350,846729907,CN,3481,1,1,44,ST;PAL;DG,ST,3.700,1.100,KG,392,114,360,MM
06019M50L0,Impact Wrench GDS 18V-350 (Solo),A,6949509249524,926.25,ZAR,Bosch,71,Professional,T,,,80,Z5,,,,,GDS 18V-350,846729907,CN,,1,1,48,ST;PAL;KA,ST,2.450,1.100,KG,390,360,112,MM
06019M7001,Cordless Drill Driver ISR 18V-30 P,C,4053423255256,1853.20,ZAR,Bosch,79,Industrial Products,T,,,0,Z3,,,,,ISR 18V-30 P,846729907,MY,,1,1,190,ST;PAL;1,ST,1.350,0.890,KG,235,90,155,MM
06019M7020,Cordless Drill Driver ISR 18V-30 P,A,4053423254853,1853.20,ZAR,Bosch,79,Industrial Products,T,,,15,Z5,,,,,ISR 18V-30 P,846729907,MY,,1,1,190,ST;PAL;1,ST,1.350,0.890,KG,235,90,155,MM
06019M7101,Cordless Screw Driver ISR 18V-30 PHX,C,4053423255683,1781.89,ZAR,Bosch,79,Industrial Products,T,,,0,Z3,,,,,ISR 18V-30 PHX,846729907,MY,,1,1,190,ST;PAL;1,ST,1.350,0.890,KG,235,90,155,MM
06019M7120,Cordless Screw Driver ISR 18V-30 PHX,A,4053423255263,1781.89,ZAR,Bosch,79,Industrial Products,T,,,15,Z5,,,,,ISR 18V-30 PHX,846729907,MY,,1,1,190,ST;PAL;1,ST,1.350,0.890,KG,235,90,155,MM
06019M8001,Cordl. Thread rod cutter GGC 18V-12,A,4053423338119,5703.63,ZAR,Bosch,71,Professional,T,,,5,Z5,,,,,GGC 18V-12,846729907,CN,,1,1,25,ST;PLA;PA,ST,3.400,3.400,KG,221,283,133,MM
06019N0020,Impact Wrench IDS 18V-200T,A,4053423301106,2423.63,ZAR,Bosch,79,Industrial Products,T,,,24,Z5,,,,,IDS 18V-200T,846729907,MY,,1,1,136,ST;SLS;PA,ST,1.400,1.200,KG,230,100,190,MM
06019N2020,Impact Wrench GDR 18V-215,A,4053423304961,1068.85,ZAR,Bosch,71,Professional,T,,,80,Z5,,,,,GDR 18V-215,846729907,CN,,1,1,200,ST;PAL;LU,ST,1.440,1.440,KG,152,242,108,MM
06019N2120,Impact Wrench GDX 18V-285,A,4053423303384,1068.85,ZAR,Bosch,71,Professional,T,,,19,Z5,,,,,GDX 18V-285,846729907,CN,,1,1,162,TU;ST;PAL,ST,1.560,1.130,KG,236,100,180,MM
06019N2122,Impact Wrench GDX 18V-285,A,4053423303544,2138.42,ZAR,Bosch,71,Professional,T,,,80,Z5,,,,,GDX 18V-285,846729907,CN,3481,1,1,72,ST;PLA;PA,ST,3.282,1.100,KG,350,100,295,MM
06019N3002,Cordless Drill Driver GSR 18V-65,A,4053423321517,1282.77,ZAR,Bosch,71,Professional,T,,,80,Z5,,,,,GSR 18V-65,846729907,CN,,1,1,64,ST;PAL;1,ST,1.994,1.070,KG,304,300,95,MM
06019N3005,Cordless Drill Driver GSR 18V-65,A,4053423618921,1282.77,ZAR,Bosch,71,Professional,T,,,48,Z5,,,,,GSR 18V-65,846729907,MY,,1,1,60,ST;PAL,ST,3.360,1.160,KG,352,100,295,MM
06019N3102,Cordl Perc Screwdr GSB 18V-65,A,4053423321234,1425.37,ZAR,Bosch,71,Professional,T,,,18,Z5,,,,,GSB 18V-65,846729907,CN,,1,1,64,ST;SLS;PA,ST,2.000,1.200,KG,304,300,95,MM
06019N3103,Cordl Perc Screwdr GSB 18V-65,A,4053423321050,3421.89,ZAR,Bosch,71,Professional,T,,,72,Z5,,,,,GSB 18V-65,846729907,MY,3481,1,1,22,ST;PAL;DG,ST,5.600,1.200,KG,443.9,151,360,MM
06019N3104,Cordl Perc Screwdr GSB 18V-65,A,4053423618945,1282.77,ZAR,Bosch,71,Professional,T,,,43,Z5,,,,,GSB 18V-65,846729907,MY,,1,1,60,ST;PAL,ST,3.420,1.220,KG,352,100,295,MM
06019N31K0,Cordl Perc Screwdr GSB 18V-65,B,4053423321029,2352.33,ZAR,Bosch,71,Professional,T,,,5,Z5,,,,,GSB 18V-65,846729907,MY,3481,1,1,32,ST;SA;PAL,ST,3.650,1.200,KG,493,112,389,MM
06019N43K0,Cordless Angle Grinder GWS 18V-11 PS,C,6949509255112,2138.42,ZAR,Bosch,71,Professional,T,,,0,Z5,,,,,GWS18V-11PS,846729907,CN,,1,1,96,ST;PAL,ST,2.252,1.356,KG,390,160,135,MM
06019N5000,Angle Drill GRD 18V-127,A,4053423301236,4277.55,ZAR,Bosch,71,Professional,T,,,2,Z5,,,,,GRD 18V-127,846721000,MY,,1,1,49,ST;PAL;1,ST,4.000,3.200,KG,481,107,215,MM
06019N6000,Cordless Grease Gun GFP 18V-10 SOLO,A,4053423351217,3564.51,ZAR,Bosch,71,Professional,T,,,3,Z5,,,,,GFP 18V-10,846729907,CN,,1,1,28,ST;PAL,ST,4.400,4.400,KG,391,123,259,MM
06019N8000,Ratchet GRC 18V-60,A,4053423332452,1853.20,ZAR,Bosch,71,Professional,T,,,9,Z5,,,,,GRC 18V-60,846729907,MY,,1,1,152,ST;PAL,ST,1.690,0.900,KG,398,98,98,MM
06019N8500,Ratchet GRC 12V-60 1/2 SN,C,4053423657432,1803.62,ZAR,Bosch,71,Professional,T,,,0,Z5,,,,,GRC 12V-60 1/2 SN,846729907,CN,,1,1,108,ST;PAL,ST,1.330,0.780,KG,340,98,208,MM
06019N9000,Cordless Angle Grinder GWS 18V-8,A,4053423323573,1081.89,ZAR,Bosch,71,Professional,T,,,80,Z5,,,,,GWS 18V-8,846729907,CN,,1,1,80,ST;SLS;PA,ST,2.415,1.225,KG,391,156,132,MM
06019N9020,Cordless Angle Grinder GWS 18V-8,A,4053423323924,2851.46,ZAR,Bosch,71,Professional,T,,,60,Z5,,,,,GWS 18V-8,846729907,CN,3481,1,1,24,ST;SLS;PA,ST,6.065,1.235,KG,468,120,360,MM
06019P4000,Impact Wrench GDS 18V-780,A,4053423346961,2138.42,ZAR,Bosch,71,Professional,T,,,65,Z5,,,,,GDS 18V-780,846729907,CN,,1,1,120,ST;PAL,ST,2.500,2.040,KG,249,103,198,MM
06019P4021,Impact Wrench GDS 18V-780,C,4053423346930,4277.55,ZAR,Bosch,71,Professional,T,,,0,Z5,,,,,GDS 18V-780,846729907,CN,3481,1,1,34,ST;PAL;DG,ST,5.620,5.620,KG,445,115,360,MM
06019P5000,CORDLESS JOBSITE LIGHT GLT 18V-5000 SOLO,A,4053423340907,4634.07,ZAR,Bosch,71,Professional,T,,,1,Z5,,,,,GLT18V-5000,851310003,CN,,1,1,6,ST;PAL,ST,9.060,6.180,KG,1020,315,345,MM
06019P5100,CORDLESS JOBSITE LIGHT GLI 18V-5000,C,4053423347401,2138.42,ZAR,Bosch,71,Professional,T,,,0,Z5,,,,,GLI18V-5000,851310003,CN,,1,1,45,ST;PAL,ST,2.500,1.770,KG,260,330,220,MM
06019P7000,Impact Wrench IDS 18V-650 T,A,4053423346602,2851.46,ZAR,Bosch,79,Industrial Products,T,,,24,Z5,,,,,IDS 18V-650 T,846729907,MY,,1,1,136,ST;SLS;PA,ST,2.000,1.800,KG,230,100,190,MM
06019P8000,Impact Wrench IDS 18V-125 T,A,4053423347241,2138.42,ZAR,Bosch,79,Industrial Products,T,,,38,Z5,,,,,IDS 18V-125 T,846729907,MY,,1,1,136,ST;PAL,ST,1.400,1.200,KG,230,100,190,MM
06019P8100,Impact Wrench IDR 18V-125 T,A,4053423350517,2138.42,ZAR,Bosch,79,Industrial Products,T,,,27,Z5,,,,,IDR 18V-125 T,846729907,MY,,1,1,136,ST;PAL,ST,1.400,1.200,KG,230,100,190,MM
06019R7000,Orbital Sander GSS18V-18,A,4053423361421,2138.42,ZAR,Bosch,71,Professional,T,,,5,Z5,,,,,GSS18V-18,846729907,CN,,1,1,114,ST;PAL,ST,1.798,1.282,KG,256,149,173,MM
06019R9000,Impact Wrench GRS18V-330,C,4053423670370,1781.89,ZAR,Bosch,71,Professional,T,,,0,Z3,,,,,GRS18V-330,846729907,CN,,1,1,220,ST;PLA;PA,ST,1.800,1.500,KG,390,95,102,MM
06019S00K4,Cordless Drill Driver GSR18V-52,C,4053423656213,1425.37,ZAR,Bosch,71,Professional,T,,,0,Z5,,,,,GSR18V-52,846729907,MY,3481,1,1,60,ST;PAL;DG,ST,2.655,0.895,KG,352,100,295,MM
06019S01C0,Cordl Perc Screwdr GSB18V-52,C,4053423655568,997.55,ZAR,Bosch,71,Professional,T,,,0,Z5,,,,,GSB18V-52,846729907,MY,,1,1,60,ST;PAL,ST,2.285,0.955,KG,1200,935,800,MM
06019S01K5,Cordl Perc Screwdr GSB18V-52,C,4053423655810,1425.37,ZAR,Bosch,71,Professional,T,,,0,Z5,,,,,GSB18V-52,846729907,MY,3481,1,1,60,ST;PAL;DG,ST,2.655,0.995,KG,352,100,295,MM
06019S01K9,Cordl Perc Screwdr GSB18V-52,C,4053423655889,1924.51,ZAR,Bosch,71,Professional,T,,,0,Z5,,,,,GSB18V-52,846729907,MY,3481,1,1,60,ST;SA;PAL,ST,3.025,0.995,KG,352,100,295,MM
06019S01KC,Cordl Perc Screwdr GSB18V-52,C,4053423655957,2281.03,ZAR,Bosch,71,Professional,T,,,0,Z5,,,,,GSB18V-52,846729907,MY,3481,1,1,60,ST;PAL;DG,ST,3.395,0.995,KG,352,100,295,MM
06019S01KF,Cordl Perc Screwdr GSB18V-52,C,4053423655988,2281.03,ZAR,Bosch,71,Professional,T,,,0,Z5,,,,,GSB18V-52,846729907,MY,3481,1,1,60,ST;PAL;DG,ST,3.025,0.995,KG,352,100,295,MM
0601B12300,GTA 2600 Work Bench,A,3165140526128,2138.42,ZAR,Bosch,71,Professional,A,,,2,Z5,,,,,,846692005,CN,,1,1,8,ST;PAL,ST,22.460,22.460,KG,1325,215,350,MM
0601B23600,Slide Mitre Saw GCM 12 GDL,C,3165140584890,12834.07,ZAR,Bosch,71,Professional,T,,,0,Z5,,,,,GCM 12 GDL,846591005,CN,,1,1,2,ST;PAL;KA,ST,40.200,29.400,KG,790,565,635,MM
0601B24100, TA6000 stand,A,3165140632546,1710.59,ZAR,Bosch,71,Professional,A,,,8,Z5,,,,,,846692005,CN,,1,1,6,ST;PAL;KG,ST,14.200,0.001,KG,750,602,500,MM
0601B28000,Dry cutter GCD12JL,A,3165140721561,6416.68,ZAR,Bosch,71,Professional,T,,,9,Z5,,,,,GCD 12 JL,846150006,CN,,1,,8,ST;PAL;KA,ST,22.560,20.000,KG,580,390,480,MM
0601B30400,GTS 10 XC Table Saw,A,3165140509480,10694.94,ZAR,Bosch,71,Professional,T,,,6,Z5,,,,,GTS 10 XC,846591005,CN,,1,1,3,ST;PAL;KA,ST,43.960,43.960,KG,420,840,810,MM
0601B307K0,Table Saw ​GTS100-254,C,4053423683332,9981.89,ZAR,Bosch,71,Professional,T,,,0,Z3,,,,,​GTS100-254,846591005,CN,,1,1,3,ST;PAL,ST,35.800,28.700,KG,770,405,770,MM
0601B33001,Compound Mitre Saw GCM 216,B,4059952531144,3065.37,ZAR,Bosch,71,Professional,T,,,1,Z5,,,,,GCM 216,846591005,CN,,1,1,8,ST;PAL;1,ST,12.870,9.500,KG,560,391,435,MM
0601B441K0,Table Saw GTS 18V-70,C,4053423350418,9268.85,ZAR,Bosch,71,Professional,T,,,0,Z5,,,,,GTS 18V-70,846591005,CN,,1,1,4,ST;PAL,ST,26.900,21.200,KG,665,380,655,MM
0601B45000,GTS 254 Table Saw,A,4059952585208,4277.55,ZAR,Bosch,71,Professional,T,,,80,Z5,,,,,GTS 254,846591005,CN,,1,,2,ST;PAL;1,ST,27.000,25.500,KG,750,370,710,MM
0601B52000,Compound Mitre Saw GCM 254,C,4059952631752,3921.03,ZAR,Bosch,71,Professional,T,,,0,Z5,,,,,GCM 254,846591005,CN,,1,1,8,ST;PAL;1,ST,14.300,14.300,KG,575,410,400,MM
0601B53000,Slide Mitre Saw GCM 254 D,A,4059952631844,6416.68,ZAR,Bosch,71,Professional,T,,,18,Z5,,,,,GCM 254 D,846591005,CN,,1,1,4,ST;PAL;1,ST,19.500,19.500,KG,779,645,574,MM
0601B560K0,CUT OFF SAW GCO 230,A,4053423252736,2494.94,ZAR,Bosch,71,Professional,T,,,39,Z5,,,,,GCO 230,846150006,CN,,1,1,12,ST;PAL;1,ST,15.500,14.150,KG,580,445,330,MM
0601B600K0,Slide Mitre Saw GCM 340-305 D,A,4053423325836,7129.72,ZAR,Bosch,71,Professional,T,,,37,Z5,,,,,GCM 340-305 D,846591005,CN,,1,1,2,ST;PAL,ST,30.500,21.500,KG,950,550,520,MM
0601B61000,Slide Mitre Saw GCM305-216S,A,4053423846317,3564.51,ZAR,Bosch,71,Professional,T,,,80,Z5,,,,,GCM305-216S,846591005,CN,,1,1,4,ST;PAL,ST,21.643,20.850,KG,807,413,548,MM
0603012000,EasySaw 18V - 70 (Baretool),A,4053423229912,890.59,ZAR,Bosch,72,Green DIY,T,,,68,Z5,,,,,EasySaw 18V-70,846722007,HU,,1,,96,ST;PAL;1,ST,1.802,1.311,KG,230,95,300,MM
0603102000,Multipurpose tool PMF 220 CE,A,3165140828482,1639.29,ZAR,Bosch,72,Green DIY,T,,,55,Z5,,,,,PMF 220 CE,846729907,HU,,1,1,72,ST;PAL,ST,2.400,1.100,KG,386,112,291,MM
0603104000,AdvancedMulti 18 (Baretool),A,3165140843966,1496.68,ZAR,Bosch,72,Green DIY,T,,,67,Z5,,,,,AdvancedMulti 18,846729907,HU,,1,,85,ST;PAL;1,ST,1.670,1.090,KG,338,79,158,MM
0603207000,spray gun PFS 1000,C,3165140731102,997.55,ZAR,Bosch,72,Green DIY,T,,,0,Z5,,,,,PFS 1000,842420002,HU,,1,,27,ST;PAL,ST,2.700,2.000,KG,250,248,360,MM
0603207100,spray gun PFS 3000-2,A,3165140731126,1853.20,ZAR,Bosch,72,Green DIY,T,,,69,Z5,,,,,PFS 3000-2,842420002,HU,,1,,24,ST;PAL,ST,4.494,2.293,KG,274,320,358,MM
0603207200,spray gun PFS 5000 E,A,3165140731140,2494.94,ZAR,Bosch,72,Green DIY,T,,,51,Z5,,,,,PFS 5000 E,842420002,HU,,1,1,6,ST;PAL,ST,6.800,4.900,KG,267,417,520,MM
0603207300,spray gun PFS 2000,A,3165140801164,1354.07,ZAR,Bosch,72,Green DIY,T,,,80,Z5,,,,,PFS 2000,842420002,HU,,1,,27,ST;PAL,ST,2.855,2.000,KG,250,248,360,MM
0603208000,EasySpray 18V-100 (Baretool),C,4053423227871,1175.81,ZAR,Bosch,72,Green DIY,T,,,0,Z5,,,,,EasySpray 18V-100,842420002,HU,,1,1,27,ST;PAL;1,ST,2.554,1.657,KG,363,250,255,MM
0603208100,spray gun UniversalSpray 18V-300,A,4053423235470,1825.22,ZAR,Bosch,72,Green DIY,T,,,2,Z5,,,,,UniversalSpray 18V-3,842420002,HU,,1,1,46,ST;PAL;1,ST,1.715,1.087,KG,354,142,439,MM
0603264503,GLUE GUN PKP 18 E,A,3165140078481,284.51,ZAR,Bosch,72,Green DIY,T,,,66,Z5,,,,,PKP 18 E,851679009,RO,,1,,346,ST;PAL;1,ST,0.460,0.310,KG,230,48,174,MM
0603264600,PKP 3 6 LI,A,3165140696715,747.98,ZAR,Bosch,72,Green DIY,T,,,3,Z5,,,,,PKP 3.6 LI,851679009,DE,3481,1,,252,ST;PAL;DG,ST,0.100,0.100,KG,167,178,52,MM
0603264800,AdvancedGlue 18V (Baretool),A,4059952558172,712.33,ZAR,Bosch,72,Green DIY,T,,,9,Z7,,,,,AdvancedGlue 18V,851679009,RO,,1,1,225,ST;PAL;1,ST,0.742,0.315,KG,218,66,218,MM
060326C800,POF 1400 ACE ROUTER,A,3165140451666,1639.29,ZAR,Bosch,72,Green DIY,T,,,30,Z5,,,,,POF 1400 ACE,846729907,CN,,1,1,24,ST;PAL,ST,6.830,3.199,KG,400,220,340,MM
06032A1000,Belt Sander PBS 75 A,A,3165140633147,1567.98,ZAR,Bosch,72,Green DIY,T,,,80,Z5,,,,,PBS 75 A,846729907,CN,,1,1,40,ST;SLS;PA,ST,4.330,3.730,KG,550,156,177,MM
06032A2000,GluePen,C,3165140705844,534.07,ZAR,Bosch,72,Green DIY,T,,,0,Z5,,,,,GluePen,851679009,DE,3481,1,1,350,ST;PAL;DG,ST,0.370,0.142,KG,171,62,40,MM
06032A2101,Gluey - Smokey Grey,A,3165140908702,498.42,ZAR,Bosch,72,Green DIY,T,,,9,Z5,,,,,Gluey,851679009,DE,,4,1,448,ST;PAL;LU,ST,0.388,0.245,KG,232,83,85,MM
06032A4000,Portable Planer PHO 1500,C,3165140776004,1282.77,ZAR,Bosch,72,Green DIY,T,,,0,Z5,,,,,PHO 1500,846729907,CN,,1,1,48,ST;SLS;PA,ST,3.070,2.550,KG,365,178,190,MM
06032A6000,EasyHeat 500,A,3165140887861,462.77,ZAR,Bosch,72,Green DIY,T,,,80,Z5,,,,,EasyHeat 500,841989002,DE,,1,,102,ST;PAL,ST,0.921,0.686,KG,276,99,273,MM
06032A7000,UniversalTacker 18V-14 (baretool),C,4059952610559,1175.81,ZAR,Bosch,72,Green DIY,T,,,0,Z5,,,,,UniversalTacker 18V-,846729907,CN,,1,1,144,ST;PAL;1,ST,1.977,1.347,KG,261,238,71,MM
0603344402,PBH 2500 SRE,A,3165140669603,1710.59,ZAR,Bosch,72,Green DIY,T,,,10,Z5,,,,,PBH 2500 SRE,846721000,CN,,1,,42,ST;SLS;PA,ST,4.741,4.645,KG,380,110,370,MM
060337700K,Orbital Sander PSM 160 A,C,4053423217339,997.55,ZAR,Bosch,72,Green DIY,T,,,0,Z5,,,,,PSM 160 A,846729907,HU,,1,,48,ST;PAL,ST,1.747,1.250,KG,180,154,285,MM
0603378000,PEX 220 A ECCENTRIC DISC SANDER,C,3165140327879,926.25,ZAR,Bosch,72,Green DIY,T,,,0,Z5,,,,,PEX 220 A,846729907,HU,,1,,80,ST;PAL;1,ST,1.572,1.250,KG,180,154,285,MM
06033A1301,PSM 18 LI (Baretool),A,3165140571975,890.59,ZAR,Bosch,72,Green DIY,T,,,67,Z7,,,,,PSM 18 LI,846729907,HU,,1,1,120,ST;PAL;1,ST,1.155,0.754,KG,152,133,248,MM
06033A3000,PEX 300 AE -Disc Sander,C,3165140594370,1068.85,ZAR,Bosch,72,Green DIY,T,,,0,Z5,,,,,PEX 300 AE,846729907,HU,,1,1,56,ST;PAL;1,ST,3.130,1.700,KG,380,145,290,MM
06033A6000,PSA 900 E,A,3165140606493,1354.07,ZAR,Bosch,72,Green DIY,T,,,15,Z5,,,,,PSA 900 E,846722007,CN,,1,,24,ST;PAL,ST,6.095,6.095,KG,566,125.72,294.51,MM
06033A9302,Rotary Hammer PBH2100 RE,C,3165140684095,1425.37,ZAR,Bosch,72,Green DIY,T,,,0,Z5,,,,,PBH 2100 RE,846721000,CN,,1,,42,ST;SLS;PA,ST,4.315,4.195,KG,383,105,375,MM
06033B1400,UniversalCirc 18V-53 (Baretool),C,4053423234572,1175.81,ZAR,Bosch,72,Green DIY,T,,,0,Z3,,,,,UniversalCirc 18V-53,846722007,CN,,1,1,30,ST;PAL;1,ST,4.343,2.930,KG,350,220,305,MM
06033B2402,AdvancedRecip 18 (Baretool),A,4059952570143,1175.81,ZAR,Bosch,72,Green DIY,T,,,57,Z5,,,,,AdvancedRecip 18,846722007,CN,,1,1,75,ST;PAL;1,ST,2.710,2.160,KG,438,97,193,MM
06033B3000,PKS16 Multi,A,3165140651219,1425.37,ZAR,Bosch,72,Green DIY,T,,,4,Z5,,,,,PKS 16 Multi,846722007,CN,,1,1,72,ST;PAL,ST,2.093,2.093,KG,385,100,300,MM
06033B5101,Texoro,A,4053423225051,1211.46,ZAR,Bosch,72,Green DIY,T,,,24,Z5,,,,,Texoro,846729907,HU,,1,1,36,ST;PAL;CS,ST,2.835,2.600,KG,462,103,251,MM
06033C8000,EasyCut 50,A,3165140830775,1639.29,ZAR,Bosch,72,Green DIY,T,,,3,Z5,,,,,EasyCut 50,846722007,HU,,1,,64,ST;PAL,ST,3.065,1.767,KG,291,125.5,386,MM
06033C9000,EasyCut 12,A,3165140830829,2031.46,ZAR,Bosch,72,Green DIY,T,,,4,Z5,,,,,EasyCut 12,846722007,HU,3481,1,,72,ST;PAL;DG,ST,2.410,1.105,KG,385,102,291,MM
06033D1000,EasyVac 3 aspiratore,C,3165140873925,1211.46,ZAR,Bosch,72,Green DIY,T,,,0,Z5,,,,,EasyVac 3,850811900,CN,,1,1,18,ST;PAL,ST,5.975,4.300,KG,520,320,260,MM
06033D1100,UniversalVac 15 UNI,C,3165140873963,1425.37,ZAR,Bosch,72,Green DIY,T,,,0,Z5,,,,,UniversalVac 15,850811900,CN,,1,1,8,ST;PAL,ST,9.491,0.050,KG,500,453,395,MM
06033D1200,AdvancedVac 20 UNI,C,3165140874007,1995.81,ZAR,Bosch,72,Green DIY,T,,,0,Z5,,,,,AdvancedVac 20,850811900,CN,,1,1,8,ST;PAL,ST,10.310,8.000,KG,460,530,395,MM
06033D5100,AdvancedCut18 BB Cordless Saw,C,4053423202014,1496.68,ZAR,Bosch,72,Green DIY,T,,,0,Z5,,,,,AdvancedCut 18,846722007,HU,,1,1,112,ST;PAL,ST,1.140,0.671,KG,283,100,210,MM
06033E0000,UniversalBrush 3.6 Power Scrubber,A,4053423224344,783.63,ZAR,Bosch,72,Green DIY,T,,,51,Z5,,,,,UniversalBrush,850980901,HU,3481,1,1,336,ST;PAL;KG,ST,0.719,0.703,KG,258,74,180,MM
06033E1000,AdvancedVac 18V (Baretool),C,4059952570396,1496.68,ZAR,Bosch,72,Green DIY,T,,,0,Z5,,,,,AdvancedVac 18V-8,850811900,CN,,1,1,18,ST;PAL,ST,5.730,4.800,KG,398,335,355,MM
06033E3100,UniversalSander 18V-10 BT,A,4053423232073,890.59,ZAR,Bosch,72,Green DIY,T,,,14,Z5,,,,,UniversalSander 18V-,846729907,HU,,1,,60,ST;PAL;1,ST,1.640,0.980,KG,299,164,208,MM
0603501000,PKS 55A,C,3165140477789,1354.07,ZAR,Bosch,72,Green DIY,T,,,0,Z5,,,,,PKS 55 A,846722007,CN,,1,1,24,ST;SLS;PA,ST,6.030,4.200,KG,380,272,275,MM
0603502002,PKS 66A,C,3165140517256,1710.59,ZAR,Bosch,72,Green DIY,T,,,0,Z5,,,,,PKS 66 A,846722007,CN,,1,1,18,ST;PAL,ST,7.280,4.800,KG,435,275,290,MM
0603663503,Quigo,A,4059952647906,1211.46,ZAR,Bosch,82,Measuring Tools,T,,,7,Z5,,,,,Quigo,901530009,CN,,1,1,264,ST;SLS;PA,ST,0.736,0.395,KG,162,92,144,MM
0603663801,UniversalLevel 2 Set,A,3165140898362,1781.89,ZAR,Bosch,82,Measuring Tools,T,,,1,Z5,,,,,UniversalLevel 2 Set,901530009,CN,,1,1,42,ST;SLS;PA,ST,1.825,1.054,KG,434,120,235,MM
0603663A01,Atino Set,A,4059952563619,1425.37,ZAR,Bosch,82,Measuring Tools,T,,,80,Z7,,,,,Atino Set,901530009,CN,,1,,192,ST;SLS;PA,ST,0.840,0.430,KG,162,134,140,MM
0603663C00,Quigo Green,A,3165140974028,1477.39,ZAR,Bosch,82,Measuring Tools,T,,,5,Z5,,,,,Quigo Green,901530009,CN,,1,,240,ST;SLS;PA,ST,0.638,0.582,KG,570,170,185,MM
0603663C02,Quigo Green (Standard),A,4059952582535,1425.37,ZAR,Bosch,82,Measuring Tools,T,,,80,Z5,,,,,Quigo green,901530009,CN,,1,1,264,ST;PLA;PA,ST,0.630,0.182,KG,167,91,143,MM
0603663E05,UniversalLevel 360,C,4059952648071,2423.63,ZAR,Bosch,82,Measuring Tools,T,,,0,Z5,,,,,UniversalLevel 360,901530009,CN,,1,1,306,ST;PLA;PA,ST,0.809,0.471,KG,162,100,146,MM
0603663F01,Laser Level UniversalLevel 2 Set,A,4053423257298,1781.89,ZAR,Bosch,82,Measuring Tools,T,,,80,Z5,,,,,UniversalLevel 2 Set,901530009,CN,,1,1,100,ST;PLA;PA,ST,1.915,0.507,KG,600,99,142,MM
0603672701,Zamo III Set Premium Carton,A,3165140926188,1781.89,ZAR,Bosch,82,Measuring Tools,T,,,18,Z7,,,,,Zamo 3 Set,901510003,MY,,1,1,360,ST;PAL;LU,ST,0.480,0.140,KG,173,61,154,MM
0603681205,Truvo,A,4059952648231,854.94,ZAR,Bosch,82,Measuring Tools,T,,,69,Z5,,,,,Truvo,854370009,MY,,1,1,720,ST;PAL;LU,ST,0.362,0.118,KG,160,60,100,MM
0603681301,UniversalDetect,B,4059952648255,1425.37,ZAR,Bosch,82,Measuring Tools,T,,,3,Z5,,,,,UniversalDetect,854370009,MY,,1,1,216,ST;PAL;LU,ST,0.645,0.645,KG,270,80,115,MM
0603683101,UniversalTemp,A,4059952648262,926.25,ZAR,Bosch,82,Measuring Tools,T,,,16,Z5,,,,,UniversalTemp,902519009,CN,,1,1,324,ST;PAL;LU,ST,0.536,0.230,KG,194,78,111,MM
0603947000,EASYPUMP,A,3165140997010,1068.85,ZAR,Bosch,72,Green DIY,T,,,42,Z5,,,,,EasyPump,841480007,CN,3481,1,,288,ST;PAL;DG,ST,0.840,0.400,KG,265,87,123,MM
0603947100,UniversalPump 18V (Baretool),A,6949509233936,890.59,ZAR,Bosch,72,Green DIY,T,,,80,Z5,,,,,UniversalPump 18V,841480007,CN,,1,1,120,ST;PAL;1,ST,1.500,1.200,KG,259,214,91,MM
0603968200,Tacker,C,4059952566580,712.33,ZAR,Bosch,72,Green DIY,T,,,0,Z5,,,,,PTK 3 6 LI,846729907,CN,3481,1,1,96,ST;PAL;LU,ST,1.340,0.790,KG,184,123,161,MM
06039A1100,Universal Lamp 18 (Baretool),A,3165140893121,355.81,ZAR,Bosch,72,Green DIY,T,,,9,Z5,,,,,UniversalLamp 18,851310003,CN,,1,,304,ST;PAL,ST,0.494,0.290,KG,196,86,134,MM
06039A1200,Flashlight EasyLight 18V-400,A,4053423250060,520.87,ZAR,Bosch,72,Green DIY,T,,,12,Z5,,,,,EasySpotLight 18V-40,851310003,CN,,1,1,384,ST;PAL;LU,ST,0.630,0.345,KG,175,76,130,MM
06039C8100,UniversalImpact 18 (1x 1 5Ah),A,4053423215977,1136.00,ZAR,Bosch,72,Green DIY,T,,,70,Z7,,,,,UniversalImpact 18,846729907,HU,3481,1,,72,ST;PAL;DG,ST,2.614,1.000,KG,308,94,233,MM
06039C9002,Cordless Disc Sander EasyCurvSander 12,A,4053423224634,1354.07,ZAR,Bosch,72,Green DIY,T,,,8,Z7,,,,,EasyCurvSander 12,846729907,HU,3481,1,1,144,ST;PAL;DG,ST,1.182,0.370,KG,295,95,180,MM
06039D2000,Cordless Angle Grinder EasyCut & Grind,A,3165140990271,1318.42,ZAR,Bosch,72,Green DIY,T,,,13,Z5,,,,,EasyCut&Grind,846729907,HU,3481,2,1,115,ST;PAL;DG,ST,0.950,0.440,KG,246,100,157,MM
06039D4101,Cordless Impact Drill UniversalImpact 18,A,4053423225150,1318.42,ZAR,Bosch,72,Green DIY,T,,,11,Z5,,,,,UniversalImpact 18V,846729907,HU,3481,1,1,72,ST;PAL;DG,ST,2.760,0.980,KG,291,101.5,386,MM
06039D4103,UniversalImpact 18V (2x1 5 Ah) + 241AC,A,4053423225266,2138.42,ZAR,Bosch,72,Green DIY,T,,,80,Z5,,,,,UniversalImpact 18V,846729907,HU,3481,1,1,42,ST;PAL;DG,ST,5.000,0.980,KG,391,123,343,MM
06039D5000,AdvancedTrimRouter 18V-8 (Baretool),C,4059952582443,1496.68,ZAR,Bosch,72,Green DIY,T,,,0,Z5,,,,,AdvancedTrimRouter 1,846729907,CN,,1,1,147,ST;PAL;1,ST,0.050,0.050,KG,258,136,160,MM
06039D6000,UniversalHammer 18V (baretool),A,4053423229141,1496.68,ZAR,Bosch,72,Green DIY,T,,,25,Z5,,,,,UniversalHammer 18V,846721000,HU,,1,,70,ST;PAL;1,ST,2.490,2.000,KG,353,106,220,MM
0603B04400,PTC 640 - Tile Cutter,C,3165140743310,2138.42,ZAR,Bosch,72,Green DIY,T,,,0,Z5,,,,,PTC 640,846490005,IN,,1,1,6,ST;PAL,ST,11.400,9.100,KG,1024,283,315,MM
0603B07000,PBD 40,A,3165140569187,4420.15,ZAR,Bosch,72,Green DIY,T,,,30,Z5,,,,,PBD 40,846595000,CN,,1,,9,ST;PAL,ST,13.940,11.150,KG,750,285,375,MM
061124A000,GBH 3-28 DFR,A,3165140471176,4919.29,ZAR,Bosch,71,Professional,T,,,3,Z5,,,,,GBH 3-28 DFR,846721000,DE,,1,1,31,ST;PAL;1,ST,6.650,6.650,KG,130,480,360,MM
06112534K0,ROTARY HAMMER GBH 2-26,C,4053423319873,2494.94,ZAR,Bosch,71,Professional,T,,,0,Z3,,,,,GBH 2-26,846721000,CN,,1,1,48,ST;PAL;1,ST,4.715,3.492,KG,400,115,600,MM
06112544K0,ROTARY HAMMER GBH 2-26 F,C,4053423320060,2494.94,ZAR,Bosch,71,Professional,T,,,0,Z3,,,,,GBH 2-26 F,846721000,CN,,1,1,32,ST;SLS;PA,ST,5.550,3.680,KG,445,115,360,MM
0611265100,GBH 8-45 D,A,3165140604062,12121.03,ZAR,Bosch,71,Professional,T,,,6,Z5,,,,,GBH 8-45 D,846721000,DE,,1,,20,ST;PAL,ST,12.220,12.000,KG,615,145,410,MM
06112651K1,Rotary Hammer GBH 8-45 D,C,4053423321821,12121.03,ZAR,Bosch,71,Professional,T,,,0,Z5,,,,,GBH 8-45 D,846721000,DE,,1,1,20,ST;PAL;1,ST,14.700,14.700,KG,615,145,410,MM
0611266000,Rotary Hammer GBH 12-52 DV,C,3165140542272,15329.72,ZAR,Bosch,71,Professional,T,,,0,Z5,,,,,GBH 12-52 DV,846721000,DE,,1,,16,ST;PAL,ST,16.340,16.340,KG,679,151,502,MM
0611267500,Rotary Hammer GBH 2-28,A,3165140843607,3921.03,ZAR,Bosch,71,Professional,T,,,64,Z5,,,,,GBH 2-28,846721000,HU,,1,,40,ST;PAL,ST,5.120,3.320,KG,448,118,360,MM
0611267600,GBH 2-28 F,A,3165140843652,4099.29,ZAR,Bosch,71,Professional,T,,,36,Z5,,,,,GBH 2-28 F,846721000,HU,,1,1,40,ST;PAL,ST,5.680,5.235,KG,113,446,360,MM
0611269000,GBH 5-40D,A,3165140720915,5489.72,ZAR,Bosch,71,Professional,T,,,18,Z5,,,,,GBH 5-40 D,846721000,CN,,1,1,24,ST;SLS;PA,ST,10.570,7.420,KG,620,140,415,MM
06112721K0,Rotary Hammer GBH 2-24DRE,A,3165140832199,2138.42,ZAR,Bosch,71,Professional,T,,,80,Z5,,,,,GBH 2-24 DRE,846721000,CN,,1,,42,ST;SLS;PA,ST,4.485,3.305,KG,401,113,363,MM
06112730K0,Rotary Hammer GBH2-24DFR,A,3165140832250,2281.03,ZAR,Bosch,71,Professional,T,,,62,Z5,,,,,GBH 2-24 DFR,846721000,CN,,1,,40,ST;SLS;PA,ST,5.292,3.812,KG,446,115,363,MM
06112780K0,ROTARY HAMMER GBH 6-42 C,A,4053423243949,8199.29,ZAR,Bosch,71,Professional,T,,,2,Z5,,,,,GBH 6-42 C,846721000,CN,,1,1,20,ST;PAL;1,ST,9.000,7.800,KG,618,160.5,410,MM
06112790K0,Rotary hammer 5kg on GBH5-40V,C,4053423504125,5347.11,ZAR,Bosch,71,Professional,T,,,0,Z3,,,,,GBH5-40V,846721000,CN,,1,1,24,ST;PAL,ST,10.600,7.400,KG,630,55,420,MM
06112A3000,GBH 2-26D EU,A,3165140859127,3136.68,ZAR,Bosch,71,Professional,T,,,66,Z5,,,,,GBH 2-26,846721000,DE,,1,,40,ST;PMR;PA,ST,5.010,5.010,KG,448,116,357,MM
06112A6020,Rotary Hammer GBH 220,A,3165140992596,1853.20,ZAR,Bosch,71,Professional,T,,,80,Z5,,,,,GBH 220,846721000,CN,,1,,42,ST;SLS;PA,ST,4.278,2.680,KG,400,110,350,MM
061130A000,Rotary Hammer GSH 27 VC in carton,A,3165140524322,21390.59,ZAR,Bosch,71,Professional,T,,,33,Z5,,,,,GSH 27 VC,846729907,DE,,1,,10,ST;PAL;1,ST,31.800,29.500,KG,810,180,750,MM
06113160K0,Demolition Hammer GSH11EV,C,4053423619690,7129.72,ZAR,Bosch,71,Professional,T,,,0,Z5,,,,,GSH11EV,846729907,CN,,1,1,20,ST;PAL,ST,15.100,10.800,KG,620,150,410,MM
06113168K0,Demolition Hammer GSH11E,C,3165140962629,7486.25,ZAR,Bosch,71,Professional,T,,,0,Z5,,,,,GSH 11 E,846729907,DE,,1,,20,ST;SLS;PA,ST,15.300,10.620,KG,617,150,408,MM
0611332101,GBH 4-32 DFR,A,3165140463096,6416.68,ZAR,Bosch,71,Professional,T,,,3,Z5,,,,,GBH 4-32 DFR,846721000,DE,,1,1,31,ST;PAL,ST,7.625,4.800,KG,780,130,370,MM
0611335000,GSH 16-28 DEMOLITION HAMMER,A,3165140410274,17112.33,ZAR,Bosch,71,Professional,T,,,17,Z5,,,,,GSH 16-28,846729907,DE,,1,1,10,ST;PAL;1,ST,25.530,25.530,KG,235,900,370,MM
0611336000,Demolition Hammer GSH 11 VC,A,3165140546973,14616.68,ZAR,Bosch,71,Professional,T,,,3,Z5,,,,,GSH 11 VC,846729907,DE,,1,1,14,ST;PAL;KA,ST,16.830,16.000,KG,730,180,440,MM
06113389K1,Demolition Hammer GSH5MX,A,4053423504668,3921.03,ZAR,Bosch,71,Professional,T,,,10,Z5,,,,,GSH5MX,846729907,CN,,1,1,28,ST;PAL,ST,8.725,5.985,KG,510,125,410,MM
06113440K0,Demolition Hammer GSH 14 C,A,4059952545561,14260.15,ZAR,Bosch,71,Professional,T,,,6,Z5,,,,,GSH 14 C,846729907,CN,,1,1,8,ST;SLS;SA,ST,22.480,15.087,KG,890,210,390,MM
0611913120,Cordless Rotary Hammer GBH 18V-45 C,C,4059952513836,14260.15,ZAR,Bosch,71,Professional,T,,,0,Z5,,,,,GBH 18V-45 C,846721000,DE,,1,1,20,ST;PAL;1,ST,11.638,7.800,KG,617,150,499,MM
0611914021,Cordless Hammer Drill GBH18V-34 CF,A,4059952547718,12121.03,ZAR,Bosch,71,Professional,T,,,3,Z5,,,,,GBH 18V-34 CF,846721000,DE,,1,1,20,ST;PAL,ST,9.211,4.992,KG,616,147,408,MM
0611918200,Cordl. Demolition Hammer GSH 18V-5,A,4059952641515,10694.94,ZAR,Bosch,71,Professional,T,,,11,Z5,,,,,GSH 18V-5,846729907,HU,,1,1,20,ST;PAL;1,ST,8.789,5.300,KG,607,179,395,MM
0611924020,Cordless Hammer Drill GBH 185-LI,A,4059952613369,1731.45,ZAR,Bosch,71,Professional,T,,,66,Z5,,,,,GBH 185-LI,846721000,CN,,1,1,70,ST;SLS;PA,ST,2.940,1.890,KG,340,100,220,MM
0611927000,GBH 18V-18 solo (carton),A,4053423319415,1567.98,ZAR,Bosch,71,Professional,T,,,80,Z5,,,,,GBH 18V-18,846721000,CN,,1,1,72,ST;SLS;PA,ST,2.270,1.590,KG,300,130,210,MM
0611927001,Cordless Rotary Hammer GBH 18V-18,A,4053423319347,2708.85,ZAR,Bosch,71,Professional,T,,,80,Z5,,,,,GBH 18V-18,846721000,CN,3481,1,1,24,ST;SLS;SA,ST,4.750,1.580,KG,480,140,370,MM
1600A0014P,Sanding Roller Sanding Sleeve SH60 K80,C,3165140730013,106.25,ZAR,Bosch,72,Green DIY,A,,,0,Z5,,,,,,680510007,HU,,1,1,1440,ST;PAL;LU,ST,0.056,0.033,KG,50,119,146,MM
1600A0014V,Sanding Roller Lamella Roll LR60 K80,C,3165140730051,106.25,ZAR,Bosch,72,Green DIY,A,,,0,Z5,,,,,,680530006,HU,,1,1,1728,ST;PAL;LU,ST,0.149,0.118,KG,62,119,63,MM
1600A0014W,Sanding Roller Lamella Roll LR60 K120,C,3165140730068,106.25,ZAR,Bosch,72,Green DIY,A,,,0,Z5,,,,,,680530006,HU,,1,1,1728,ST;PAL;LU,ST,0.144,0.118,KG,62,120,62,MM
1600A0014Y,Sanding Roller Lamella Roll LR10 K80,A,3165140730082,70.59,ZAR,Bosch,72,Green DIY,A,,,80,Z5,,,,,,680530006,HU,,1,1,2304,ST;PAL;LU,ST,0.035,0.025,KG,61,87,62,MM
1600A00150,Sanding Roller Lamella Roll LR5 K80,A,3165140730105,70.59,ZAR,Bosch,72,Green DIY,A,,,80,Z5,,,,,,680530006,HU,,1,1,2304,ST;PAL;LU,ST,0.026,0.015,KG,62,87,62,MM
1600A00152,Sanding Roller Flexible Roll SW60 K80,A,3165140730129,177.55,ZAR,Bosch,72,Green DIY,A,,,80,Z5,,,,,,820790006,HU,,1,1,2592,ST;PAL;LU,ST,0.100,0.078,KG,62,118,65,MM
1600A00154,Sanding Roller Flexible Roll SW15 K80,A,3165140730143,106.25,ZAR,Bosch,72,Green DIY,A,,,80,Z5,,,,,,820790006,HU,,1,1,2304,ST;PAL;LU,ST,0.035,0.035,KG,62,89,64.999,MM
1600A00159,Sanding Roller Brass coated brush BM10,A,3165140730198,70.59,ZAR,Bosch,72,Green DIY,A,,,80,Z5,,,,,,960350203,HU,,1,1,2016,ST;PAL;LU,ST,0.077,0.067,KG,62,93,65,MM
1600A001GG,Paint Beaker PFS Evo AC - 1000ml,A,3165140761291,120.51,ZAR,Bosch,72,Green DIY,A,,,3,Z5,,,,,,842490004,HU,,1,,96,ST;PAL;LU,ST,0.240,0.195,KG,110,285,245,MM
1600A001S1,Insert Foam insert 136,A,3165140767613,355.81,ZAR,Bosch,71,Professional,A,,,15,Z5,,,,,,392690905,DE,,1,,40,ST;PAL,ST,0.260,0.260,KG,460,127,339,MM
1600A001T8,FSN OFA 32 KIT 800,A,3165140768580,3207.98,ZAR,Bosch,71,Professional,A,,,2,Z5,,,,,,842890904,CN,,1,1,21,ST;PAL;KG,ST,4.010,2.400,KG,1145,180,250,MM
1600A001Y8,IXO COLLECTION – ANGLE SCREW ADAPTER,C,3165140776318,163.29,ZAR,Bosch,72,Green DIY,A,,,0,Z5,,,,,,848340004,HU,,1,1,1620,ST;PAL;PA,ST,0.100,0.100,KG,45,70,80,MM
1600A001YC,IXO COLLECTION – GRILL BLOWER ADAPTER,A,3165140776332,248.85,ZAR,Bosch,72,Green DIY,A,,,80,Z5,,,,,,841490907,HU,,1,1,360,ST;PAL;PA,ST,0.300,0.183,KG,76,245,76,MM
1600A001YD,IXO COLLECTION – CORKCREW ADAPTER,A,3165140776349,248.85,ZAR,Bosch,72,Green DIY,A,,,30,Z5,,,,,,820790006,HU,,1,1,480,ST;PLA;PA,ST,0.192,0.089,KG,76,185,76,MM
1600A001YE,IXO COLLECTION – SPICE MILL ADAPTER,A,3165140776356,355.81,ZAR,Bosch,72,Green DIY,A,,,35,Z5,,,,,,821000002,CN,,1,1,480,ST;PAL;PA,ST,0.235,0.154,KG,185,76,76,MM
1600A001YF,IXO COLLECTION-UNIVERSAL CUTTING ADAPTER,C,3165140776363,355.81,ZAR,Bosch,72,Green DIY,A,,,0,Z5,,,,,,848340004,HU,,1,1,480,ST;PAL;PA,ST,0.278,0.148,KG,185,76,76,MM
1600A001Z9,BATTERY GBA 18V 5.0AH,A,3165140776790,783.63,ZAR,Bosch,71,Professional,A,,,29,Z5,,,,,,850760008,MY,3480,1,1,450,ST;PAL;DG,ST,0.650,0.600,KG,85,116,68,MM
1600A003BG,mini tool bag,A,3165140799690,106.25,ZAR,Bosch,71,Professional,A,,,80,Z5,,,,,,420212001,CN,,1,1,240,ST;PAL;LU,ST,0.220,0.220,KG,340,40,230,MM
1600A003BH,small tool bag,A,3165140799706,141.89,ZAR,Bosch,71,Professional,A,,,80,Z5,,,,,,420212001,CN,,1,1,120,ST;PAL;LU,ST,0.670,0.670,KG,430,45,330,MM
1600A003BJ,MEDIUM PROFESSIONAL TOOLBAG (48X28X30CM),A,3165140799713,284.51,ZAR,Bosch,71,Professional,A,,,80,Z5,,,,,,420212001,CN,,1,1,80,ST;PAL;LU,ST,1.590,1.568,KG,550,85,295,MM
1600A003BK,large tool bag,A,3165140799720,355.81,ZAR,Bosch,71,Professional,A,,,36,Z5,,,,,,420212001,CN,,1,1,64,ST;PAL;LU,ST,2.020,0.850,KG,615,80,360,MM
1600A003DK,GDE 115/125 FC-T,C,3165140800587,854.94,ZAR,Bosch,71,Professional,A,,,0,Z5,,,,,,847989904,TW,,1,1,168,ST;PAL;KG,ST,0.700,0.700,KG,175,144,123,MM
1600A003DL,GDE 230 FC-S,B,3165140800594,1567.98,ZAR,Bosch,71,Professional,A,,,1,Z5,,,,,,847989904,TW,,1,1,90,ST;PAL;KG,ST,2.378,2.000,KG,329,266,82,MM
1600A003DM,GDE 230 FC-T,A,3165140800600,1567.98,ZAR,Bosch,71,Professional,A,,,4,Z5,,,,,,847989904,TW,,1,1,90,ST;PAL;KG,ST,2.100,2.100,KG,329,266,82,MM
1600A004ZS,Charger GAL 3680 CV UNI,A,3165140818421,1211.46,ZAR,Bosch,71,Professional,A,,,2,Z5,,,,,,850440008,CN,,1,,201,ST;PLA;PA,ST,1.060,1.000,KG,250,96,140,MM
1600A005B0,PBA 18V 2.5Ah W-B (Battery),A,3165140821629,498.42,ZAR,Bosch,72,Green DIY,A,,,45,Z5,,,,,,850760008,HU,3480,1,,594,TU;ST;PLA,ST,0.425,0.363,KG,84,146,55,MM
1600A00B8G,Fast Charger GAL 1880 CV,C,3165140839327,712.33,ZAR,Bosch,71,Professional,A,,,0,Z5,,,,,,850440008,CN,,1,1,258,ST;PAL;1,ST,0.842,0.842,KG,95,250,140,MM
1600A00B8J,GAL 1880 CV + 2x 18 V 5 0 AH Karton UNI,A,3165140839341,2209.72,ZAR,Bosch,71,Professional,A,,,80,Z5,,,,,,850760008,MY,3480,1,1,72,ST;PAL;LU,ST,2.190,2.160,KG,265,95,207,MM
1600A00DD7,Battery Pack PBA 18V 6 0Ah,A,3165140843010,1211.46,ZAR,Bosch,72,Green DIY,A,,,26,Z5,,,,,,850760008,HU,3480,1,,432,ST;PLA;PA,ST,0.739,0.667,KG,118,105,85,MM
1600A00F6X,FREEDOM BATTERY (12V 2.0Ah LI-ION),A,3165140848138,432.32,ZAR,Bosch,71,Professional,A,,,11,Z5,,,,,,850760008,MY,3480,1,1,810,ST;PAL;DG,ST,0.220,0.170,KG,55,117,50,MM
1600A00L1M,Acumulator GBA 36V 6.0 Ah,A,3165140867955,3564.51,ZAR,Bosch,71,Professional,A,,,2,Z5,,,,,,850760008,HU,3480,1,,280,ST;PLA;PA,ST,1.490,1.400,KG,180,89,110,MM
1600A00X7H,Battery Pack GBA 12V 6.0Ah,C,3165140894579,937.54,ZAR,Bosch,71,Professional,A,,,0,Z5,,,,,,850760008,MY,3480,1,1,360,TU;ST;PLA,ST,0.460,0.385,KG,122,78,91,MM
1600A011T8,Battery Pack PBA 18V 4 0Ah W-C,A,4053423202120,712.33,ZAR,Bosch,72,Green DIY,A,,,12,Z5,,,,,,850760008,HU,3480,1,,432,ST;PLA;PA,ST,0.711,0.640,KG,118,105,85,MM
1600A011TZ,AL1880CV Ultra Rapide,C,3165140923590,712.33,ZAR,Bosch,72,Green DIY,A,,,0,Z5,,,,,,850440008,HU,,1,,300,ST;PAL,ST,0.850,0.629,KG,229,97,129,MM
1600A012G0,Carrying Case L-BOXX 136,A,3165140917421,498.42,ZAR,Bosch,71,Professional,A,,,54,Z5,,,,,,420212001,PL,,1,1,35,ST;PLA;PA,ST,1.840,1.800,KG,440,155,360,MM
1600A012G2,Carrying Case L-BOXX 238,A,3165140917445,641.03,ZAR,Bosch,71,Professional,A,,,60,Z5,,,,,,420212001,DE,,1,1,20,ST;PLA;PA,ST,2.204,2.100,KG,445,255,328,MM
1600A016BF,PRO Screwd SET PH/SL,A,3165140951524,445.65,ZAR,Bosch,74,Accessories,A,,,70,Z5,,,,,,820540901,CN,,1,,216,ST;SA;PAL,ST,1.000,0.660,KG,330,45,200,MM
1600A016BG,PRO Plier SET 3 pce,A,3165140951531,495.57,ZAR,Bosch,74,Accessories,A,,,86,Z5,,,,,,820320204,CN,,1,,216,ST;SA;PAL,ST,1.030,0.690,KG,330,45,200,MM
1600A016BH,PRO Tape Meas. 5 m,A,3165140951548,210.35,ZAR,Bosch,74,Accessories,A,,,173,Z5,,,,,,901780009,CN,,1,1,960,TU;ST;PAL,ST,0.360,0.350,KG,180,55,105,MM
1600A016BN,PRO Level 25 cm magn,A,3165140951593,317.31,ZAR,Bosch,74,Accessories,A,,,129,Z5,,,,,,903180002,CN,,1,1,1080,TU;ST;PAL,ST,0.264,0.246,KG,280,30,55,MM
1600A016BR,PRO Level 120 cm,A,3165140951616,923.39,ZAR,Bosch,74,Accessories,A,,,77,Z5,,,,,,903180002,CN,,1,1,240,ST;PAL;LU,ST,1.530,1.520,KG,1250,45,70,MM
1600A01921,Battery Pack,A,3165140959377,355.81,ZAR,Bosch,79,Industrial Products,A,,,80,Z7,,,,,,850760008,MY,3480,1,1,468,ST;PAL;DG,ST,0.390,0.350,KG,310,210,210,MM
1600A01922,Battery Pack,A,3165140959384,648.84,ZAR,Bosch,79,Industrial Products,A,,,80,Z5,,,,,,850760008,MY,3480,1,1,450,ST;PAL;DG,ST,0.550,0.510,KG,310,210,210,MM
1600A0193R,BATTERY PACK (PROCORE 18V 12.0AH) SOLO,C,3165140959698,2994.07,ZAR,Bosch,71,Professional,A,,,0,Z5,,,,,,850760008,MY,3480,1,1,266,ST;PAL;DG,ST,1.500,1.450,KG,126,83,122,MM
1600A019R3,GAL 12 V-40 Solo Doos,C,3165140968133,432.32,ZAR,Bosch,71,Professional,A,,,0,Z5,,,,,,850440008,CN,,1,1,258,ST;PAL;1,ST,0.608,0.450,KG,250,95,140,MM
1600A019RJ,CHARGER GAL 18V-40 (SOLO),A,3165140967860,360.15,ZAR,Bosch,71,Professional,A,,,80,Z5,,,,,,850440008,CN,,1,1,180,ST;SLS;PL,ST,0.690,0.688,KG,250,95,140,MM
1600A019S0,GAL 18V-40 + 2 x GBA 4 0Ah carton,C,3165140967969,1425.37,ZAR,Bosch,71,Professional,A,,08.29.2026,3,Z5,,,,,,850760008,MY,3480,1,1,72,ST;PLA;PA,ST,2.157,2.157,KG,268,95,215,MM
1600A01B9Y,GAL 18V-40 + 1 x GBA 4 0Ah carton,A,3165140970297,961.89,ZAR,Bosch,71,Professional,A,,,41,Z5,,,,,,850760008,MY,3480,1,1,72,ST;PLA;PA,ST,1.500,1.450,KG,265,93,205,MM
1600A01L2W,Module Modul,A,3165140978200,391.46,ZAR,Bosch,71,Professional,A,,,18,Z5,,,,,,851762909,PL,3091,1,1,1440,ST;PAL;DG,ST,0.064,0.060,KG,123,35,98,MM
1600A01RU6,Power supply charger,C,4059952534466,355.81,ZAR,Bosch,72,Green DIY,A,,,0,Z5,,,,,,850440008,CN,,1,,720,ST;PAL;1,ST,0.230,0.130,KG,90,23,46,MM
1600A01S5X,Cutting-Off Wheel RB - 1ER CMW Ø50mm,A,4059952507118,78.26,ZAR,Bosch,74,Accessories,A,,,28,Z7,,,,,,680422906,CH,,1,1,9300,ST;PAL;LU,ST,0.021,0.021,KG,167,5,96,MM
1600A01S5Y,Cutting Disc expert for Inox,A,4059952507125,49.57,ZAR,Bosch,74,Accessories,A,,,6,Z5,,,,,,680422906,TH,,1,3,3750,ST;PAL;LU,ST,0.030,0.020,KG,85,8,60,MM
1600A01TF8,Screwdriver SL 3.5 x 75 mm,A,4059952512358,64.17,ZAR,Bosch,74,Accessories,A,,,54,Z5,,,,,,820540901,CN,,1,1,2160,TU;ST;PAL,ST,0.050,0.040,KG,230,25,60,MM
1600A01TF9,Screwdriver SL 4.5 x 100 mm,A,4059952512365,92.69,ZAR,Bosch,74,Accessories,A,,,54,Z5,,,,,,820540901,CN,,1,1,1920,TU;ST;PAL,ST,0.120,0.100,KG,245,30,60,MM
1600A01TG0,Screwdriver SL 5.5 x 100 mm,A,4059952512372,92.69,ZAR,Bosch,74,Accessories,A,,,64,Z5,,,,,,820540901,CN,,1,1,1920,TU;ST;PAL,ST,0.130,0.110,KG,240,30,60,MM
1600A01TG1,Screwdriver SL 6.5 x 125 mm,A,4059952512389,106.95,ZAR,Bosch,74,Accessories,A,,,63,Z5,,,,,,820540901,CN,,1,1,1440,TU;ST;PAL,ST,0.170,0.160,KG,275,35,60,MM
1600A01TG2,Screwdriver PH1 x 100 mm,A,4059952512396,92.69,ZAR,Bosch,74,Accessories,A,,,53,Z5,,,,,,820540901,CN,,1,1,1920,TU;ST;PAL,ST,0.120,0.100,KG,245,30,60,MM
1600A01TG3,Screwdriver PH2 x 125 mm,A,4059952512402,103.39,ZAR,Bosch,74,Accessories,A,,,24,Z5,,,,,,820540901,CN,,1,1,1440,TU;ST;PAL,ST,0.160,0.150,KG,275,35,60,MM
1600A01TH4,Allen Key Torx 9 pcs,A,4059952512518,253.13,ZAR,Bosch,74,Accessories,A,,,33,Z5,,,,,,820411900,CN,,1,10,864,TU;ST;SA;,ST,0.320,0.300,KG,265,30,110,MM
1600A01TH5,Allen Key Hex 9 pcs,A,4059952512525,246.00,ZAR,Bosch,74,Accessories,A,,,26,Z5,,,,,,820411900,CN,,1,10,864,TU;ST;SA;,ST,0.340,0.330,KG,265,30,110,MM
1600A01TH7,Universal plier,C,4059952512549,213.91,ZAR,Bosch,74,Accessories,A,,,0,Z5,,,,,,820320204,CN,,1,1,1296,TU;ST;PAL,ST,0.280,0.270,KG,240,25,60,MM
1600A01TH8,Long nose plier,A,4059952512556,181.83,ZAR,Bosch,74,Accessories,A,,,114,Z5,,,,,,820320204,CN,,1,1,1296,TU;ST;PAL,ST,0.210,0.200,KG,230,25,60,MM
1600A01TH9,Diagonal Side Cutter,A,4059952512563,174.69,ZAR,Bosch,74,Accessories,A,,,97,Z5,,,,,,820320204,CN,,1,1,1296,TU;ST;PAL,ST,0.220,0.210,KG,210,25,60,MM
1600A01V03,Wire Strippers,A,4059952522760,174.69,ZAR,Bosch,74,Accessories,A,,,126,Z5,,,,,,820320204,CN,,1,1,1296,TU;ST;PAL,ST,0.180,0.170,KG,210,27,72,MM
1600A01V09,6 pcs Screwdriver Set,A,4059952522814,402.87,ZAR,Bosch,74,Accessories,A,,,148,Z5,,,,,,820540901,CN,,1,,216,ST;SA;PAL,ST,0.850,0.440,KG,330,45,200,MM
1600A01V3Y,Box Level 60cm,A,4059952523668,402.87,ZAR,Bosch,74,Accessories,A,,,114,Z5,,,,,,903180002,CN,,1,1,432,TU;ST;PAL,ST,0.540,0.530,KG,645,30,55,MM
1600A01V3Z,Box Level 120cm,A,4059952523675,545.48,ZAR,Bosch,74,Accessories,A,,,108,Z5,,,,,,903180002,CN,,1,1,336,TU;ST;PAL,ST,1.000,0.980,KG,1245,30,55,MM
1600A020Y1,Fast Charger GAL 12V-20 WEU/EEU,C,4053423222180,355.81,ZAR,Bosch,72,Green DIY,A,,,0,Z5,,,,,,850440008,CN,,1,,429,ST;PLA;PA,ST,0.383,0.246,KG,228,60,106,MM
1600A02149,ProCORE18V 5.5Ah UNI,C,4059952560076,1924.51,ZAR,Bosch,71,Professional,A,,,0,Z5,,,,,,850760008,HU,3480,1,1,360,TU;ST;PLA,ST,1.060,1.060,KG,125,97,85,MM
1600A0214C,2xPC 18V5.5Ah + GAL1880CV Battery Pack,C,4059952560106,4634.07,ZAR,Bosch,71,Professional,A,,,0,Z5,,,,,,850760008,HU,3480,1,1,140,ST;PLA;PA,ST,2.980,2.558,KG,265,95,207,MM
1600A023KW,Power Scrubber Bristle brush,A,4053423227093,85.57,ZAR,Bosch,72,Green DIY,A,,,5,Z5,,,,,,960350203,HU,,1,,936,TU;ST;PLA,ST,0.019,0.019,KG,81,87,55,MM
1600A023KX,Power Scrubber Brush pad holder,A,4053423227321,85.57,ZAR,Bosch,72,Green DIY,A,,,9,Z5,,,,,,846610006,HU,,1,,1188,TU;ST;PAL,ST,0.012,0.012,KG,68,92,45,MM
1600A023KY,ower Scrubber Brush detailed brush,A,4053423227277,85.57,ZAR,Bosch,72,Green DIY,A,,,6,Z5,,,,,,960350203,HU,,1,,1440,TU;ST;PLA,ST,0.016,0.016,KG,51,110,42,MM
1600A023KZ,Microfibre non-scratch pad X3,A,4053423227239,85.57,ZAR,Bosch,72,Green DIY,A,,,6,Z5,,,,,,392690905,HU,,1,,1080,TU;ST;SA;,ST,0.016,0.016,KG,68,92,45,MM
1600A023L0,Power Scrubber Green kitchen sour pad X3,A,4053423227246,85.57,ZAR,Bosch,72,Green DIY,A,,,6,Z5,,,,,,392690905,HU,,1,,1080,TU;ST;SA;,ST,0.016,0.016,KG,68,92,45,MM
1600A023L1,Power Scrubber Brown heavy duty pad X3,A,4053423227086,85.57,ZAR,Bosch,72,Green DIY,A,,,8,Z5,,,,,,680530006,HU,,1,,1836,TU;ST;SA;,ST,0.009,0.009,KG,68,93,30,MM
1600A025GD,GMA55,A,4059952593364,1247.11,ZAR,Bosch,71,Professional,A,,,21,Z5,,,,,,846799909,TW,,1,,210,ST;PAL;1,ST,0.530,0.390,KG,253,72,156,MM
1600A0275H,2 pcs Plier Set,A,4059952609935,234.59,ZAR,Bosch,74,Accessories,A,,,16,Z5,,,,,,820320204,CN,,6,,672,TU;ST;PAL,ST,0.501,0.420,KG,208,32,124,MM
1600A0275J,Hand tool Universal Set 25-Piece (V3),A,4059952609942,783.63,ZAR,Bosch,74,Accessories,A,,,146,Z7,,,,,,820600001,CN,,1,,152,ST;PAL,ST,2.187,2.187,KG,338,65,232,MM
1600A027PT,Hand tool Easy Starter Set 14-Piece,A,4059952614229,498.42,ZAR,Bosch,74,Accessories,A,,,185,Z5,,,,,,820600001,CN,,1,,192,ST;PAL,ST,1.637,1.637,KG,338,45,232,MM
1600A02AU0,10 pcs Spanner Set,A,4059952640587,1536.61,ZAR,Bosch,74,Accessories,A,,,95,Z5,,,,,,820411900,CN,,1,,120,ST;SA;PAL,ST,1.660,1.470,KG,325,60,205,MM
1600A02BX8,Screwdriver 8pcs Set,A,4059952643281,277.37,ZAR,Bosch,74,Accessories,A,,,24,Z5,,,,,,820540901,CN,,6,,336,TU;ST;PAL,ST,0.804,0.650,KG,255,37,190,MM
1600A02BY1,Ratchet Set + Universal screwdriver,A,4059952643311,391.46,ZAR,Bosch,74,Accessories,A,,,198,Z5,,,,,,820600001,CN,,6,,330,TU;ST;PAL,ST,1.008,1.008,KG,223,51,155,MM
1600A02BY2,Hand tool Mobility Mixed Set,A,4059952643328,462.77,ZAR,Bosch,74,Accessories,A,,,156,Z5,,,,,,820600001,CN,,1,,240,TU;ST;PAL,ST,1.150,1.150,KG,218,59,157,MM
1600A02BY5,Hand tool Universal Set V1,A,4059952643359,712.33,ZAR,Bosch,74,Accessories,A,,,15,Z7,,,,,,820600001,CN,,1,,120,ST;PAL,ST,2.387,2.387,KG,365,55,310,MM
1600A02CV3,6 pcs Screwdriver Set,A,4059952644585,467.05,ZAR,Bosch,74,Accessories,A,,,107,Z5,,,,,,820540901,CN,,1,,216,ST;SA;PAL,ST,0.890,0.530,KG,330,45,200,MM
1600A02F4K,NB‑16 - 16mm for Concrete - Smooth,A,4059952655321,712.33,ZAR,Bosch,71,Professional,A,,,24,Z5,,,,,,731700060,TW,,1,1000,288,TU;ST;PAL,ST,1.050,0.990,KG,212,88,85,MM
1600A02F4L,NB‑19 - 19mm for Concrete - Smooth,A,4059952655338,712.33,ZAR,Bosch,71,Professional,A,,,24,Z5,,,,,,731700060,TW,,1,1000,288,ST;PAL;1,ST,1.210,1.140,KG,212,88,85,MM
1600A02F4M,NB‑25 - 25mm for Concrete - Smooth,A,4059952655345,712.33,ZAR,Bosch,71,Professional,A,,,24,Z5,,,,,,731700060,TW,,1,1000,288,TU;ST;PAL,ST,1.480,1.420,KG,212,88,85,MM
1600A02F4N,NB‑32 - 32mm for Concrete - Smooth,A,4059952655352,712.33,ZAR,Bosch,71,Professional,A,,,24,Z5,,,,,,731700060,TW,,1,1000,216,ST;PAL;KA,ST,1.810,1.750,KG,212,88,85,MM
1600A02F4P,NB‑38 - 38mm for Concrete - Smooth,A,4059952655369,712.33,ZAR,Bosch,71,Professional,A,,,24,Z5,,,,,,731700060,TW,,1,1000,216,ST;PAL;KA,ST,2.040,1.980,KG,212,88,85,MM
1600A02F4R,NK‑35 - 35mm for Concrete - Knurled,A,4059952655376,712.33,ZAR,Bosch,71,Professional,A,,,24,Z5,,,,,,731700060,TW,,1,1000,216,ST;PAL;LU,ST,1.830,1.720,KG,211,87,89,MM
1600A02F4S,NM‑13 - 13mm for Steel - Graduated,A,4059952655383,712.33,ZAR,Bosch,71,Professional,A,,,24,Z5,,,,,,731700060,TW,,1,1000,288,ST;PAL;KA,ST,1.030,0.960,KG,212,88,85,MM
1600A02F4T,NM‑16 - 16mm for Steel - Graduated,A,4059952655390,712.33,ZAR,Bosch,71,Professional,A,,,25,Z5,,,,,,731700060,TW,,1,1000,288,TU;ST;PAL,ST,1.140,1.080,KG,212,88,85,MM
1600A02F4U,NM‑19 - 19mm for Steel - Graduated,A,4059952655406,712.33,ZAR,Bosch,71,Professional,A,,,24,Z5,,,,,,731700060,TW,,1,1000,288,ST;PAL;KA,ST,1.350,1.290,KG,212,88,85,MM
1600A02NB8,Screwdriver VDE Screwdriver PH1,A,4053423246414,60.61,ZAR,Bosch,74,Accessories,A,,,53,Z5,,,,,,820540901,CN,,1,1,1440,TU;ST;PAL,ST,0.081,0.056,KG,262,31,63,MM
1600A02NB9,Screwdriver Screwdriver PH2,A,4053423246445,64.17,ZAR,Bosch,74,Accessories,A,,,29,Z5,,,,,,820540901,CN,,1,1,1080,TU;ST;PAL,ST,0.133,0.108,KG,307,38.5,63,MM
1600A02NC0,Screwdriver VDE Screwdriver SL2.5,A,4053423246452,57.05,ZAR,Bosch,74,Accessories,A,,,124,Z5,,,,,,820540901,CN,,1,1,1440,TU;ST;PAL,ST,0.054,0.029,KG,222,30,63,MM
1600A02NC1,Screwdriver VDE Screwdriver SL3.5,A,4053423246490,57.05,ZAR,Bosch,74,Accessories,A,,,48,Z5,,,,,,820540901,CN,,1,1,1440,TU;ST;PAL,ST,0.057,0.032,KG,222,30,63,MM
1600A02NC3,Screwdriver VDE SL 5.5,A,4053423246520,60.61,ZAR,Bosch,74,Accessories,A,,,40,Z5,,,,,,820540901,CN,,1,1,1080,TU;ST;PAL,ST,0.121,0.096,KG,307,38.5,63,MM
1600A02NC4,Screwdriver VDE SL 6.5,A,4053423246537,74.87,ZAR,Bosch,74,Accessories,A,,,66,Z5,,,,,,820540901,CN,,1,1,1080,TU;ST;PAL,ST,0.140,0.115,KG,307,35,63,MM
1600A02NC9,Screwdriver VDE TX30,A,4053423246599,67.74,ZAR,Bosch,74,Accessories,A,,,92,Z5,,,,,,820540901,CN,,1,1,1080,TU;ST;PAL,ST,0.132,0.107,KG,307,38.5,63,MM
1600A02ND1,Screwdriver VDE PZ1,A,4053423246612,60.61,ZAR,Bosch,74,Accessories,A,,,75,Z5,,,,,,820540901,CN,,1,1,1440,TU;ST;PAL,ST,0.081,0.056,KG,262,31,63,MM
1600A02ND2,Screwdriver VDE PZ2,A,4053423246629,64.17,ZAR,Bosch,74,Accessories,A,,,60,Z5,,,,,,820540901,CN,,1,1,1080,TU;ST;PAL,ST,0.132,0.107,KG,307,38.5,63,MM
1600A02ND3,Screwdriver VDE PZ3,A,4053423246636,74.87,ZAR,Bosch,74,Accessories,A,,,84,Z5,,,,,,820540901,CN,,1,1,1080,TU;ST;PAL,ST,0.170,0.140,KG,300,40,63,MM
1600A02ND5,Screwdriver VDE SL/PH2,A,4053423246650,74.87,ZAR,Bosch,74,Accessories,A,,,47,Z5,,,,,,820540901,CN,,1,1,1080,TU;ST;PAL,ST,0.132,0.107,KG,307,38.5,63,MM
1600A02ND8,Voltage Tester VT SL 3,A,4053423246780,67.74,ZAR,Bosch,74,Accessories,A,,,34,Z5,,,,,,903033005,CN,,1,1,1800,TU;ST;PAL,ST,0.060,0.029,KG,205,25,63,MM
1600A02NE8,Open-End Spanner VDE Set 8/10/13/17mm 4p,A,4053423246766,531.22,ZAR,Bosch,74,Accessories,A,,,99,Z5,,,,,,820600001,CN,,1,,1152,ST;SA;PAL,ST,0.347,0.231,KG,236,34,70,MM
1600A02NF3,Screwdriver VDE SW Set hex 7/8/10/12/13/,A,4053423246773,980.43,ZAR,Bosch,74,Accessories,A,,,98,Z5,,,,,,820540901,CN,,1,,120,ST;SA;PAL,ST,1.269,0.939,KG,325,66,205,MM
1600A02NF5,Knife VDE Cable Knife,A,4053423246476,106.95,ZAR,Bosch,74,Accessories,A,,,62,Z5,,,,,,821192905,CN,,1,1,1560,ST;PAL;LU,ST,0.115,0.088,KG,220,31,54,MM
1600A02NF6,Knife VDE Dismantling Knife,A,4053423246896,181.83,ZAR,Bosch,74,Accessories,A,,,145,Z5,,,,,,821192905,CN,,1,,1560,ST;PAL;LU,ST,0.112,0.086,KG,220,31,54,MM
1600A02NF7,Screwdriver VDE Screwdriver Set SL/PH 7p,A,4053423246742,424.26,ZAR,Bosch,74,Accessories,A,,,44,Z5,,,,,,820540901,CN,,1,,120,ST;SA;PAL,ST,0.792,0.462,KG,335,66,210,MM
1600A02NF8,Screwdriver VDE Screwdriver Set TX 7pc,A,4053423246759,424.26,ZAR,Bosch,74,Accessories,A,,,167,Z5,,,,,,820540901,CN,,1,,120,ST;SA;PAL,ST,0.829,0.499,KG,335,66,210,MM
1600A02NF9,Screwdriver VDE Screwdriver Set mixed 14,A,4053423246803,1422.52,ZAR,Bosch,74,Accessories,A,,,75,Z5,,,,,,820540901,CN,,1,16,45,ST;SA;PAL,ST,2.850,0.918,KG,445,120,360,MM
1600A02T5G,Fast Charger GAL 18V-160,C,4053423248234,926.25,ZAR,Bosch,71,Professional,A,,,0,Z5,,,,,,850440008,CN,,1,1,180,ST;PAL;1,ST,1.000,0.950,KG,250,95,140,MM
1600A02W7T,Hand tool Advent Calendar,A,4053423250039,712.33,ZAR,Bosch,74,Accessories,A,,,200,Z7,,,,,,820600001,CN,,6,,72,TU;ST;PAL,ST,1.752,1.102,KG,506,45,420,MM
1600A02X00,Battery Pack ProCORE18V+ 8.0Ah,C,4053423252644,2494.94,ZAR,Bosch,71,Professional,A,,,0,Z5,,,,,,850760008,HU,3480,1,1,420,ST;PAL;DG,ST,1.080,1.005,KG,126,119,86,MM
1600A02YG5,Fast Charger EXAL18V2-320,A,4053423256826,3564.51,ZAR,Bosch,71,Professional,A,,,16,Z5,,,,,,850440008,MY,,1,1,25,ST;PAL;1,ST,5.931,5.131,KG,444,167,360,MM
1600A02Z3D,combination wrench 5pc Ratchet Set satin,A,4053423251463,809.31,ZAR,Bosch,74,Accessories,A,,,200,Z5,,,,,,820411153,CN,,1,,480,ST;PAL;LU,ST,0.860,0.640,KG,315,36,95,MM
1600A031FZ,Battery Pack BA 3.7V 3.0Ah XL,A,4053423305012,926.25,ZAR,Bosch,82,Measuring Tools,A,,,62,Z5,,,,,,850760008,CN,3480,1,1,735,ST;PLA;PA,ST,0.202,0.073,KG,150,38,110,MM
1600A031T5,Battery Set Starter-Set 18V,A,4053423257908,1425.37,ZAR,Bosch,72,Green DIY,A,,,37,Z5,,,,,,850760008,HU,3480,1,1,108,ST;PAL;DG,ST,1.540,1.200,KG,296,89,178,MM
1600A031T6,Battery Set Starter-Set 18V,A,4053423257878,1390.43,ZAR,Bosch,72,Green DIY,A,,,6,Z5,,,,,,850760008,HU,3480,1,1,144,ST;PAL;LU,ST,1.430,1.115,KG,212,94,167,MM
1600A031X0,Fast Charger AL 18V-44,A,4053423257854,391.46,ZAR,Bosch,72,Green DIY,A,,,6,Z5,,,,,,850440008,HU,,1,1,140,ST;PLA;PA,ST,0.665,0.475,KG,157,94,150,MM
1600A032A8,Battery Set Starter Set 18 V,C,4053423257953,2173.04,ZAR,Bosch,72,Green DIY,A,,,0,Z5,,,,,,850760008,HU,3480,1,1,144,ST;PAL;LU,ST,1.457,1.142,KG,212,94,167,MM
1600A033ZB,Suction Hood GDE 180-CG,A,4053423321265,712.33,ZAR,Bosch,71,Professional,A,,,10,Z5,,,,,,846799909,CN,,1,1,200,ST;PAL;1,ST,0.400,0.400,KG,249,135,81,MM
1600A036YW,Battery Pack EXBA18V-40,A,4053423341027,1211.46,ZAR,Bosch,71,Professional,A,,,31,Z5,,,,,,850760008,HU,3480,1,1,324,ST;PAL;DG,ST,0.891,0.830,KG,144,74,94,MM
1600A036Z6,Battery Pack EXBA18V-55,A,4053423341041,1425.37,ZAR,Bosch,71,Professional,A,,,51,Z5,,,,,,850760008,HU,3480,1,1,288,ST;PAL;LU,ST,1.130,1.130,KG,132,90,90,MM
1600A036ZB,Battery Pack EXBA18V-80,C,4053423341058,2352.33,ZAR,Bosch,71,Professional,A,,,0,Z5,,,,,,850760008,HU,3480,1,1,252,ST;PAL;DG,ST,1.221,1.160,KG,132,123,92,MM
1600A036ZM,Battery Pack EXBA18V-150,C,4053423340952,4277.55,ZAR,Bosch,71,Professional,A,,,0,Z5,,,,,,850760008,MY,3480,1,1,252,ST;PAL;LU,ST,1.670,1.573,KG,130,120,95,MM
1600A0373J,Starter kit 2xEXBA18V-40 + GAL12V/18V-80,C,4053423342017,2566.25,ZAR,Bosch,71,Professional,A,,,0,Z5,,,,,,850760008,HU,3480,1,1,60,ST;PAL;DG,ST,2.700,2.375,KG,343,96,222,MM
1600A0373P,Starter kit 2xEXBA18V-55 + GAL12V/18V-80,A,4053423342055,3279.29,ZAR,Bosch,71,Professional,A,,,12,Z5,,,,,,850760008,HU,3480,1,1,60,ST;PAL;DG,ST,3.498,3.165,KG,343,96,222,MM
1600A0373T,Starter kit 2x EXBA18V-80 + EXAL18V-160,A,4053423342079,5204.51,ZAR,Bosch,71,Professional,A,,,4,Z5,,,,,,850760008,HU,3480,1,1,60,ST;PAL;DG,ST,3.281,2.948,KG,343,96,222,MM
1600A037CH,Fast Charger GAL 12V/18V-80,A,4053423333510,569.72,ZAR,Bosch,71,Professional,A,,,80,Z5,,,,,,850440008,CN,,1,1,176,ST;PAL,ST,0.888,0.650,KG,252,103,140,MM
1600A037DY,L-BOXX Contractor Set 3,A,4053423619096,4634.07,ZAR,Bosch,71,Professional,A,,,50,Z5,,,,,,392690905,SI,,1,1,2,ST;SA;PAL,ST,21.060,19.700,KG,559,936,530,MM
1600A037DZ,L-BOXX Contractor 170,A,4053423619027,926.25,ZAR,Bosch,71,Professional,A,,,65,Z5,,,,,,392690905,SI,,1,1,16,ST;PAL,ST,3.700,3.700,KG,559,170,432,MM
1600A037E0,L-BOXX Contractor 322,A,4053423619034,1211.46,ZAR,Bosch,71,Professional,A,,,54,Z5,,,,,,392690905,SI,,1,1,8,ST;PAL,ST,5.000,5.000,KG,559,322,432,MM
1600A037E1,CARRYING CASE L-BOXX 476,A,4053423619041,2851.46,ZAR,Bosch,71,Professional,A,,,64,Z5,,,,,,392690905,SI,,1,1,4,ST;PAL,ST,11.000,11.000,KG,559,476,530,MM
1600A037E2,L-BOXX Contractor Crate,A,4053423619065,997.55,ZAR,Bosch,71,Professional,A,,,70,Z5,,,,,,392690905,SI,,1,1,6,ST;PAL,ST,3.200,3.200,KG,559,322,432,MM
1600A037E3,L-BOXX Contractor Drawer 3,A,4053423619072,3350.59,ZAR,Bosch,71,Professional,A,,,35,Z5,,,,,,392690905,SI,,1,1,4,ST;PAL,ST,12.360,9.700,KG,559,476,432,MM
1600A037E4,L-BOXX Contractor Rack 2,A,4053423619089,2708.85,ZAR,Bosch,71,Professional,A,,,66,Z5,,,,,,392690905,SI,,1,1,4,ST;PAL,ST,9.990,9.990,KG,559,476,432,MM
1600A038CY,Magnet holder MH 1,A,4053423503111,177.55,ZAR,Bosch,82,Measuring Tools,A,,,39,Z5,,,,,,903090003,CN,,1,1,3000,ST;PAL;KA,ST,0.042,0.025,KG,94,55,48,MM
1600A038D2,Measuring Probe MS 90,A,4053423503104,213.20,ZAR,Bosch,82,Measuring Tools,A,,,41,Z5,,,,,,854442907,CN,,1,1,1280,ST;PAL;LU,ST,0.096,0.096,KG,56,185,44,MM
1600A039PG,Screwdriver Scrd S TX 5pc,C,4059952736341,181.83,ZAR,Bosch,74,Accessories,A,,,0,Z5,,,,,,820540901,CN,,4,5,480,TU;ST;PLA,ST,0.491,0.491,KG,254,39,138,MM
1600A039PH,SCREWDRIVER SET PH/PZ/SL  6 PCS,C,4059952736358,210.35,ZAR,Bosch,74,Accessories,A,,,0,Z5,,,,,,820540901,CN,,4,6,420,TU;ST;SA;,ST,0.589,0.589,KG,253,39,162,MM
1600A039PJ,SCREWDRIVER SET PH/TX/SL  6PCS,C,4059952736365,206.07,ZAR,Bosch,74,Accessories,A,,,0,Z5,,,,,,820540901,CN,,4,6,420,TU;ST;SA;,ST,0.556,0.556,KG,258,39,158,MM
1600A039PK,Screwdriver BR Scrd w/ M 12 bits,C,4059952736372,206.07,ZAR,Bosch,74,Accessories,A,,,0,Z5,,,,,,820790006,CN,,4,13,560,TU;ST;PLA,ST,0.307,0.307,KG,320,42.5,80,MM
1600A039PW,Screwdriver Sty BR Scrd w/ M 6bt,A,4059952736495,163.29,ZAR,Bosch,74,Accessories,A,,,48,Z5,,,,,,820790006,CN,,4,7,960,TU;ST;PLA,ST,0.202,0.202,KG,208,40,80,MM
1600A039R7,General Purpose Saw Handsaw 500 mm,A,4059952737256,235.31,ZAR,Bosch,74,Accessories,A,,,51,Z5,,,,,,820210001,CN,,4,1,336,TU;ST;PLA,ST,0.480,0.480,KG,138,38,607,MM
1600A039R8,General Purpose Saw Handsaw 550 mm,A,4059952737263,246.00,ZAR,Bosch,74,Accessories,A,,,51,Z5,,,,,,820210001,CN,,4,1,312,TU;ST;PLA,ST,0.521,0.521,KG,138,38,660,MM
1600A039R9,Multip. slip joint pliers WP Pli 250 mm,A,4059952737041,208.21,ZAR,Bosch,74,Accessories,A,,,42,Z5,,,,,,820320204,CN,,6,1,960,TU;ST;PLA,ST,0.402,0.022,KG,300,20,80,MM
1600A039RC,Pliers CombP 180 mm 2K H,A,4059952736969,141.89,ZAR,Bosch,74,Accessories,A,,,42,Z5,,,,,,820320204,CN,,6,1,1260,TU;ST;PLA,ST,0.247,0.247,KG,230,26,80,MM
1600A039RD,Side-Cutting Pliers DiagS Cut 160mm 2K H,A,4059952736983,134.77,ZAR,Bosch,74,Accessories,A,,,44,Z5,,,,,,820320204,CN,,6,1,1440,TU;ST;PLA,ST,0.182,0.182,KG,220,26,80,MM
1600A039RE,Pair Of Tongs L-n Pliers 180mm 2KH,A,4059952737003,134.77,ZAR,Bosch,74,Accessories,A,,,44,Z5,,,,,,820320204,CN,,6,1,1800,TU;ST;PLA,ST,0.161,0.161,KG,220,22,80,MM
1600A039T3,Screwdriver Scrd PH1x75,A,4059952736020,34.94,ZAR,Bosch,74,Accessories,A,,,33,Z5,,,,,,820540901,CN,,6,1,2340,TU;ST;PLA,ST,0.058,0.058,KG,225,29,60,MM
1600A039T4,Screwdriver Scrd PH2x100,A,4059952736037,42.07,ZAR,Bosch,74,Accessories,A,,,36,Z5,,,,,,820540901,CN,,5,1,1690,TU;ST;PLA,ST,0.102,0.102,KG,260,34,60,MM
1600A039T5,Screwdriver Scrd PZ1x75,A,4059952736044,34.94,ZAR,Bosch,74,Accessories,A,,,33,Z5,,,,,,820540901,CN,,6,1,2340,TU;ST;PLA,ST,0.058,0.058,KG,225,29,60,MM
1600A039T6,Screwdriver Scrd PZ2x100,A,4059952736051,42.07,ZAR,Bosch,74,Accessories,A,,,36,Z5,,,,,,820540901,CN,,5,1,1690,TU;ST;PLA,ST,0.102,0.102,KG,260,34,60,MM
1600A039T7,Screwdriver Scrd SL0.8 x4.0x125,A,4059952736068,35.65,ZAR,Bosch,74,Accessories,A,,,33,Z5,,,,,,820540901,CN,,6,1,2028,TU;ST;PLA,ST,0.066,0.066,KG,275,29,60,MM
1600A039T8,Screwdriver Scrd SL1.0x5.5x125,A,4059952736075,35.65,ZAR,Bosch,74,Accessories,A,,,33,Z5,,,,,,820540901,CN,,6,1,2028,TU;ST;PLA,ST,0.066,0.066,KG,275,29,60,MM
1600A039T9,Screwdriver Scrd SL1.2x6.5x125,A,4059952736082,42.07,ZAR,Bosch,74,Accessories,A,,,36,Z5,,,,,,820540901,CN,,5,1,1560,TU;ST;PLA,ST,0.105,0.105,KG,283,34,60,MM
1600A039TY,Pair Of Tongs CarpPinc. 200 mm 1KH,A,4059952737102,114.09,ZAR,Bosch,74,Accessories,A,,,29,Z5,,,,,,820320204,CN,,6,1,1200,TU;ST;PLA,ST,0.356,0.356,KG,255,24,80,MM
1600A039TZ,Pair Of Tongs ConcNip 225 mm 1KH,A,4059952737119,117.65,ZAR,Bosch,74,Accessories,A,,,29,Z5,,,,,,820320204,CN,,6,1,1200,TU;ST;PLA,ST,0.341,0.341,KG,273,23,80,MM
1600A03A9W,PRO MASONRY FLAT CHISEL 250X22X16MM,C,4059952737201,156.15,ZAR,Bosch,74,Accessories,A,,,0,Z5,,,,,,820559903,CN,,2,1,280,TU;ST;PLA,ST,0.536,0.536,KG,252,52,102,MM
1600A03AA5,BOX LEVEL 60 CM,A,4059952736532,227.46,ZAR,Bosch,74,Accessories,A,,,36,Z5,,,,,,903180002,CN,,5,1,750,TU;ST;PLA,ST,0.399,0.399,KG,600,25,52,MM
1600A03AA6,BOX LEVEL 100 CM,A,4059952736549,327.29,ZAR,Bosch,74,Accessories,A,,,36,Z5,,,,,,903180002,CN,,5,5,375,TU;ST;PLA,ST,0.666,0.666,KG,1,25,52,MM
1600A03AB7,Tape Measure Tape Measure 3m/10ft,A,4059952737126,113.37,ZAR,Bosch,74,Accessories,A,,,33,Z5,,,,,,901780009,CN,,4,1,896,TU;ST;PLA,ST,0.175,0.175,KG,159,41,102,MM
1600A03AB8,TAPE MEASURE 5M / 16FT AUTO-LOCK,A,4059952737133,163.29,ZAR,Bosch,74,Accessories,A,,,35,Z5,,,,,,901780009,CN,,3,1,792,TU;ST;PLA,ST,0.270,0.270,KG,169,47,111,MM
1600A03AC2,SNAP OFF KNIFE 18MM,A,4059952737355,106.25,ZAR,Bosch,74,Accessories,A,,,54,Z5,,,,,,821194908,CN,,6,1,1620,TU;ST;PLA,ST,0.143,0.143,KG,243,25,80,MM
1600A03AC3,FOLDING KNIFE,A,4059952737362,141.89,ZAR,Bosch,74,Accessories,A,,,32,Z5,,,,,,821193308,CN,,6,1,1968,TU;ST;PLA,ST,0.136,0.136,KG,173,26,100,MM
1600A03AC7,RATCHET 1/4" SET 37PCS,C,4059952737386,427.11,ZAR,Bosch,74,Accessories,A,,,0,Z5,,,,,,820600001,CN,,1,37,288,TU;ST;SA;,ST,1.046,1.046,KG,140,40,260,MM
1600A03AC8,RATCHET 1/2",C,4059952737393,227.46,ZAR,Bosch,74,Accessories,A,,,0,Z5,,,,,,820412206,CN,,3,1,540,TU;ST;PLA,ST,0.584,0.584,KG,310,10,80,MM
1600A03AG5,Combination wrench set 8-19mm  8pcs,C,4059952736655,747.98,ZAR,Bosch,74,Accessories,A,,,0,Z5,,,,,,820411153,CN,,9,8,324,TU;ST;SA;,ST,1.332,1.332,KG,125,45,290,MM
1600A03AH6,combination wrench Comb Wrench 6,A,4059952736761,37.79,ZAR,Bosch,74,Accessories,A,,,22,Z5,,,,,,820411153,CN,,6,1,5292,TU;ST;PLA,ST,0.022,0.022,KG,148,48,55,MM
1600A03AH8,combination wrench Comb Wrench 8,A,4059952736785,37.79,ZAR,Bosch,74,Accessories,A,,,22,Z5,,,,,,820411153,CN,,6,1,4872,TU;ST;PLA,ST,0.031,0.031,KG,168,68,55,MM
1600A03AJ0,combination wrench Comb Wrench 10,A,4059952736808,41.35,ZAR,Bosch,74,Accessories,A,,,22,Z5,,,,,,820411900,CN,,6,1,4056,TU;ST;PLA,ST,0.049,0.049,KG,189,89,60,MM
1600A03AJ3,combination wrench Comb Wrench 13,A,4059952736839,47.06,ZAR,Bosch,74,Accessories,A,,,22,Z5,,,,,,820411153,CN,,6,1,3588,TU;ST;PLA,ST,0.084,0.084,KG,221,21,60,MM
1600A03AJ5,combination wrench Comb Wrench 15,A,4059952736853,54.91,ZAR,Bosch,74,Accessories,A,,,22,Z5,,,,,,820411153,CN,,6,1,2112,TU;ST;PLA,ST,0.116,0.116,KG,239,39,70,MM
1600A03AJ7,combination wrench Comb Wrench 17,A,4059952736877,60.61,ZAR,Bosch,74,Accessories,A,,,22,Z5,,,,,,820411153,CN,,6,1,1848,TU;ST;PLA,ST,0.151,0.151,KG,257,57,70,MM
1600A03AK7,Hammer CHam 16oz/450g Cur.,A,4059952737171,177.55,ZAR,Bosch,74,Accessories,A,,,56,Z5,,,,,,820520104,CN,,3,1,324,TU;ST;PLA,ST,0.727,0.727,KG,328,28,131,MM
1600A03AL2,Hand tool HT Kit 86pc,C,4059952737423,1839.65,ZAR,Bosch,74,Accessories,A,,,0,Z5,,,,,,820600001,CN,,1,1,60,ST;PAL,ST,5.320,5.163,KG,331,100,405,MM
1600A03AX7,Blade Trap Bl 10pc,A,4059952741031,35.65,ZAR,Bosch,74,Accessories,A,,,18,Z5,,,,,,821194908,CN,,10,10,3600,TU;ST;PLA,ST,0.051,0.051,KG,110,13,45,MM
1600A03B64,DEEP HOLE MECHANICAL PENCIL,A,4059952741253,70.59,ZAR,Bosch,74,Accessories,A,,,112,Z5,,,,,,960840002,CN,,6,1,2508,TU;ST;PLA,ST,0.031,0.031,KG,245,45,70,MM
1600A03B65,ADJUSTABLE WRENCH 150 MM / 6",A,4059952741260,99.11,ZAR,Bosch,74,Accessories,A,,,36,Z5,,,,,,820412206,CN,,6,1,2100,TU;ST;PLA,ST,0.147,0.147,KG,210,10,80,MM
1600A03B66,ADJUSTABLE WRENCH 200 MM / 8",C,4059952741277,131.91,ZAR,Bosch,74,Accessories,A,,,0,Z5,,,,,,820412206,CN,,6,1,1500,TU;ST;PLA,ST,0.278,0.278,KG,250,50,80,MM
1600A03B68,ADJUSTABLE WRENCH 300 MM / 12",A,4059952741291,284.51,ZAR,Bosch,74,Accessories,A,,,36,Z5,,,,,,820412206,CN,,6,1,504,TU;ST;PLA,ST,0.729,0.729,KG,347,47,100,MM
1600A03B6D,Machinists' Hammer Engineer's Ham. 500g,C,4059952741819,167.57,ZAR,Bosch,74,Accessories,A,,,0,Z5,,,,,,820520104,CN,,3,1,360,TU;ST;PLA,ST,0.745,0.745,KG,324,24,117,MM
1600A03C07,Charger GAL 18V-20 (II),A,4053423619751,287.98,ZAR,Bosch,71,Professional,A,,,80,Z5,,,,,,850440008,MY,,1,1,210,ST;PAL,ST,0.300,0.260,KG,,,,MM
1600A03C0H,STARTER KIT 1XGBA18V2.0AH + GAL 18V-20,C,4053423691610,569.72,ZAR,Bosch,71,Professional,A,,,0,Z3,,,,,,850760008,MY,3480,1,1,72,ST;SA;PAL,ST,1.135,1.135,KG,270,95,205,MM
1600A03C0S,STARTER KIT 2XGBA18V2.0AH + GAL 18V-20,C,4053423691634,926.25,ZAR,Bosch,71,Professional,A,,,0,Z3,,,,,,850760008,MY,3480,1,1,72,ST;SA;PAL,ST,2.368,2.360,KG,350,98,225,MM
1600A03D3A,Fast Charger EXAL18V-160,A,4053423622355,997.55,ZAR,Bosch,71,Professional,A,,,35,Z5,,,,,,850440008,CN,,1,1,216,ST;PAL,ST,1.100,0.783,KG,250,90,135,MM
1600A03K19,Battery GBA18V-20,C,4053423686944,355.81,ZAR,Bosch,71,Professional,A,,,0,Z3,,,,,,850760008,MY,3480,1,1,585,ST;PAL;LU,ST,0.504,0.400,KG,140,70,90,MM
1600Z00009,Connector FSN VEL,A,3165140608060,1068.85,ZAR,Bosch,71,Professional,A,,,3,Z5,,,,,,392690905,DE,,1,,500,TU;ST;PAL,ST,0.392,0.360,KG,450,6,80,MM
1600Z0000F,Guide Rail FSN 1600,A,3165140608152,1211.46,ZAR,Bosch,71,Professional,A,,,5,Z5,,,,,,761699907,DE,,1,,50,ST;PAL;KG,ST,2.280,1.640,KG,1650,90,145,MM
1600Z0003W,FSN RA 32 1600,C,3165140727082,1567.98,ZAR,Bosch,71,Professional,A,,,0,Z5,,,,,,761699907,DE,,1,,50,ST;PAL;KG,ST,2.280,2.240,KG,1650,92,143,MM
1602025024,MINI GRINDER SIDE HANDLE,A,3165140016377,39.13,ZAR,Bosch,74,Accessories,A,,,27,Z5,,,,,,846799909,DE,,1,1,2240,ST;PLA;PA,ST,0.067,0.064,KG,135,70,70,MM
1603115004,Taper mandrel MK2 16UNF,A,3165140024235,507.13,ZAR,Bosch,74,Accessories,A,,,1,Z5,,,,,,846610006,DE,,1,1,2000,ST;PAL;LU,ST,0.168,0.165,KG,140,18,70,MM
1603340031,Fast Locking Flange GWS-SDS CLIC,B,3165140033206,329.22,ZAR,Bosch,74,Accessories,A,,,1,Z5,,,,,,846610006,RO,,1,1,2400,ST;PAL;LU,ST,0.140,0.130,KG,113,20,85,MM
1603340040,LOCKING. FRONT FLANGE,A,3165140052078,47.48,ZAR,Bosch,74,Accessories,A,,,200,Z5,,,,,,731816903,CN,,1,1,6000,ST;PLA;PA,ST,0.072,0.068,KG,125,10,70,MM
1605703084,FASTENING FLANGE,A,3165140057646,129.91,ZAR,Bosch,74,Accessories,A,,,3,Z7,,,,,,846610006,DE,,1,1,6750,ST;PLA;PA,ST,0.059,0.055,KG,95,8,70,MM
1605703099,Clamping-Flange GWS FL.E/ZHWS 180-230MM,A,3165140046947,39.13,ZAR,Bosch,74,Accessories,A,,,172,Z5,,,,,,846610006,DE,,5,1,6750,TU;ST;PLA,ST,0.068,0.064,KG,155,11,77,MM
1607950004,115mm PIN SPANNER,A,3165140002356,164.35,ZAR,Bosch,74,Accessories,A,,,12,Z5,,,,,,820411900,DE,,1,1,1280,ST;PLA;PA,ST,0.229,0.200,KG,264,50,92,MM
1607950041,Chuck Wrench GSB BF.SCHL.SPS,A,3165140024556,88.70,ZAR,Bosch,74,Accessories,A,,,41,Z5,,,,,,820411900,DE,,5,1,5000,TU;ST;PAL,ST,0.084,0.083,KG,137,22,65,MM
1607950043,Pin-Type Face-Wrench GWS ZWL.S. EHWS,A,3165140016483,54.26,ZAR,Bosch,74,Accessories,A,,,200,Z5,,,,,,820411900,DE,,1,1,4480,ST;PLA;PA,ST,0.088,0.084,KG,221,14,92,MM
1607950045,Chuck Wrench CSB BF.SCHL.13,B,3165140002370,44.87,ZAR,Bosch,74,Accessories,A,,,6,Z5,,,,,,820411900,DE,,5,1,6000,TU;ST;PAL,ST,0.065,0.060,KG,195,20,55,MM
1607950048,Pin-Type Face-Wrench GWS ZWLS.ZHWS N,A,3165140040891,56.87,ZAR,Bosch,74,Accessories,A,,,134,Z5,,,,,,820411900,CN,,1,1,2400,ST;PLA;PA,ST,0.189,0.179,KG,335,12,93,MM
1607950525,SPINDLE SPANNER FOR GRINDERS,A,3165140048491,34.43,ZAR,Bosch,74,Accessories,A,,,18,Z5,,,,,,820411900,DE,,1,1,5600,ST;PLA;PA,ST,0.076,0.072,KG,200,5,100,MM
1608552021,HEXAGON SOCKET WRENCH,A,3165140025799,62.61,ZAR,Bosch,74,Accessories,A,,,1,Z7,,,,,,820420402,TW,,1,1,1600,ST;PAL;LU,ST,0.089,0.080,KG,102,27,27,MM
1608555024,EXAGON SOCKET 22,C,3165140025805,75.13,ZAR,Bosch,74,Accessories,A,,,0,Z5,,,,,,820420909,TW,,1,1,2000,ST;PAL;LU,ST,0.125,0.125,KG,102,31,31,MM
1608555059,HEXAGON SOCKET 27,A,3165140025812,100.70,ZAR,Bosch,74,Accessories,A,,,7,Z5,,,,,,820420909,TW,,1,1,1600,ST;PAL;LU,ST,0.185,0.185,KG,106,37,37,MM
1608555065,HEXAGON SOCKET 30,A,3165140088091,125.74,ZAR,Bosch,74,Accessories,A,,,12,Z5,,,,,,820420909,TW,,1,1,1600,ST;PAL;LU,ST,0.245,0.225,KG,108,41,41,MM
1608556005,HEXAGON SOCKET WRENCH,A,3165140025836,163.30,ZAR,Bosch,74,Accessories,A,,,9,Z5,,,,,,820420909,TW,,1,1,960,ST;PAL;LU,ST,0.183,0.183,KG,122,34,34,MM
1608556011,HEXAGON SOCKET WRENCH,A,3165140025843,165.91,ZAR,Bosch,74,Accessories,A,,,8,Z5,,,,,,820420909,TW,,1,1,600,ST;PAL;LU,ST,0.230,0.230,KG,122,37,37,MM
1608556015,HEXAGON SOCKET WRENCH,A,3165140025850,169.04,ZAR,Bosch,74,Accessories,A,,,7,Z5,,,,,,820420909,TW,,1,1,960,ST;PAL;LU,ST,0.235,0.185,KG,123,37,37,MM
1608556021,HEXAGON SOCKET WRENCH,A,3165140025867,182.09,ZAR,Bosch,74,Accessories,A,,,8,Z5,,,,,,820420909,TW,,1,1,864,ST;PAL;LU,ST,0.280,0.280,KG,124,37,37,MM
1608556027,HEXAGON SOCKET WRENCH,A,3165140025874,187.82,ZAR,Bosch,74,Accessories,A,,,9,Z5,,,,,,820420909,TW,,1,1,960,ST;PAL;LU,ST,0.285,0.285,KG,126,37,37,MM
1608556029,HEXAGON SOCKET WRENCH,A,3165140025881,206.61,ZAR,Bosch,74,Accessories,A,,,15,Z5,,,,,,820420402,TW,,1,1,960,ST;PAL;LU,ST,0.291,0.291,KG,128,37,37,MM
1608556033,HEXAGON SOCKET WRENCH,A,3165140088107,238.43,ZAR,Bosch,74,Accessories,A,,,9,Z7,,,,,,820420909,TW,,1,1,900,ST;PAL;LU,ST,0.392,0.392,KG,130,39,39,MM
1608557043,HEXAGON SOCKET WRENCH,A,3165140025898,469.04,ZAR,Bosch,74,Accessories,A,,,9,Z5,,,,,,820420909,TW,,1,1,480,ST;PAL;LU,ST,0.570,0.570,KG,90,55,140,MM
1608557046,HEXAGON SOCKET WRENCH,A,3165140025904,469.04,ZAR,Bosch,74,Accessories,A,,,9,Z5,,,,,,820420909,TW,,1,1,480,ST;PAL;LU,ST,0.585,0.585,KG,120,54,110,MM
1608557049,HEXAGON SOCKET WRENCH,A,3165140025911,469.04,ZAR,Bosch,74,Accessories,A,,,11,Z5,,,,,,820420909,TW,,1,1,720,ST;PAL;LU,ST,0.744,0.640,KG,134,55,55,MM
1608557050,HEXAGON SOCKET WRENCH,A,3165140025928,469.04,ZAR,Bosch,74,Accessories,A,,,9,Z5,,,,,,820420909,TW,,1,1,690,ST;PAL;LU,ST,0.745,0.650,KG,134,55,55,MM
1608557054,HEXAGON SOCKET WRENCH,A,3165140025935,469.04,ZAR,Bosch,74,Accessories,A,,,11,Z5,,,,,,820420909,TW,,1,1,576,ST;PAL;LU,ST,0.730,0.675,KG,134,55,55,MM
1608557058,HEXAGON SOCKET WRENCH,A,3165140025942,521.22,ZAR,Bosch,74,Accessories,A,,,5,Z5,,,,,,820420909,TW,,1,1,480,ST;PAL;LU,ST,0.905,0.830,KG,140,55,55,MM
1608557060,HEXAGON SOCKET WRENCH,A,3165140088114,625.57,ZAR,Bosch,74,Accessories,A,,,2,Z7,,,,,,820420909,TW,,1,1,480,ST;PAL;LU,ST,0.905,0.905,KG,144,53,53,MM
1608557063,HEXAGON SOCKET WRENCH,A,3165140088121,625.57,ZAR,Bosch,74,Accessories,A,,,5,Z7,,,,,,820420909,TW,,1,1,360,ST;PAL;LU,ST,1.105,1.013,KG,148,55,55,MM
1608557067,HEXAGON SOCKET WRENCH,A,3165140088138,782.09,ZAR,Bosch,74,Accessories,A,,,5,Z5,,,,,,820420909,TW,,1,1,240,ST;PAL;LU,ST,1.227,1.227,KG,156,57,57,MM
1608571056,Key Chuck GBM BF 16 5/8,A,3165140047241,922.43,ZAR,Bosch,74,Accessories,A,,,7,Z5,,,,,,846610006,DE,,1,1,720,ST;PAL;LU,ST,0.630,0.630,KG,92,58,62,MM
1608571057,5/8 x 16 UNF CHUCK & KEY,A,3165140026116,922.43,ZAR,Bosch,74,Accessories,A,,,12,Z5,,,,,,846610006,DE,,1,1,1296,ST;PAL;LU,ST,0.652,0.647,KG,150,50,50,MM
1608571062,Key Chuck CSB BF13 R/L1/2,A,3165140002639,127.30,ZAR,Bosch,74,Accessories,A,,,94,Z5,,,,,,846610006,CN,,1,1,1080,ST;PAL;LU,ST,0.405,0.083,KG,45,135,45,MM
1608601033,Backing Pad 125mm 1x,C,3165140016551,110.61,ZAR,Bosch,74,Accessories,A,,,0,Z5,,,,,,846610006,CH,,1,1,2100,ST;PAL;LU,ST,0.120,0.115,KG,172,40,123,MM
1608610000,Polishing Cap 180mm 1x,A,3165140026499,117.91,ZAR,Bosch,74,Accessories,A,,,5,Z5,,,,,,591190900,CH,,1,,480,TU;ST;PMR,ST,0.040,0.030,KG,185,25,185,MM
1608613013,Polishing Sponge 160mm 1x,A,3165140026550,276.00,ZAR,Bosch,74,Accessories,A,,,8,Z5,,,,,,392690905,CH,,1,1,252,TU;ST;PAL,ST,0.120,0.120,KG,153,63,153,MM
1608614000,M14 Cup Brush 90mm  Knotted  0.8mm Steel,A,3165140026567,178.43,ZAR,Bosch,74,Accessories,A,,,13,Z5,,,,,,960350203,CN,,1,1,450,ST;PAL;LU,ST,0.795,0.774,KG,113,134.5,83,MM
1608614001,M14 Cup Brush 90mm  Knotted  0.5mm Steel,A,3165140003124,178.43,ZAR,Bosch,74,Accessories,A,,,12,Z5,,,,,,960350203,CN,,1,1,450,ST;PAL;LU,ST,0.776,0.750,KG,113,134.5,83,MM
1608614002,M14 Cup Brush 100mm  Knotted 0.8mm Steel,A,3165140026574,216.52,ZAR,Bosch,74,Accessories,A,,,200,Z5,,,,,,960350203,CN,,1,1,450,ST;PAL;LU,ST,1.065,0.960,KG,113,134.5,83,MM
1608614011,Bosch 100Mm Crimped Wire Cup Brush,A,3165140026611,114.78,ZAR,Bosch,74,Accessories,A,,,18,Z5,,,,,,960350203,CN,,1,1,520,ST;PAL;LU,ST,0.630,0.580,KG,135,85,115,MM
1608614020,M14 Cup Brush 70mm  Crimped  0.3mm Brass,C,3165140003131,56.87,ZAR,Bosch,74,Accessories,A,,,0,Z5,,,,,,960350203,CN,,1,1,900,ST;PAL;LU,ST,0.208,0.196,KG,135,85,115,MM
1608622015,6mm Shank Wire Wheel 75mm  Crimped Steel,A,3165140041119,35.48,ZAR,Bosch,74,Accessories,A,,,11,Z5,,,,,,960350203,CN,,1,1,960,ST;PAL;LU,ST,0.093,0.073,KG,130,50,80,MM
1608622029,Bosch 75Mm Knotted Wire Cup Brush,A,3165140026628,82.43,ZAR,Bosch,74,Accessories,A,,,200,Z5,,,,,,960350203,CN,,1,1,1000,ST;PAL;LU,ST,0.307,0.295,KG,115,60,90,MM
1608M0005B,Assembly LASER GLASSES RED,A,3165140617499,84.85,ZAR,Bosch,82,Measuring Tools,A,,,20,Z5,,,,,,900490000,TW,,1,1,720,ST;PAL;KG,ST,0.070,0.065,KG,210,55,95,MM
1608M0005J,Laser Glasses (Green),A,3165140617550,99.11,ZAR,Bosch,82,Measuring Tools,A,,,23,Z5,,,,,,900490000,TW,,1,1,500,ST;PAL;KG,ST,0.080,0.060,KG,170,85,85,MM
1609200270,6mm Shank Cup Brush 70mm Crimped Steel,C,3165140004510,37.57,ZAR,Bosch,74,Accessories,A,,,0,Z5,,,,,,960350203,CN,,1,1,800,ST;PAL;LU,ST,0.125,0.125,KG,130,70,80,MM
1609200271,Cup Brush CSB TOPFB 70 FE,A,3165140004527,37.57,ZAR,Bosch,74,Accessories,A,,,6,Z5,,,,,,960350203,CN,,1,1,990,ST;PAL;LU,ST,0.120,0.120,KG,130,70,80,MM
1609200273,Circular Brush CSB SCH.B100 GR,A,3165140004541,37.57,ZAR,Bosch,74,Accessories,A,,,17,Z5,,,,,,960350203,CN,,1,1,960,TU;ST;PAL,ST,0.138,0.125,KG,160,45,105,MM
1609200274,6mm Shank Wire Wheel 100mm  Crimped ,A,3165140004558,37.57,ZAR,Bosch,74,Accessories,A,,,30,Z5,,,,,,960350203,DE,,1,1,1110,ST;PAL;LU,ST,0.123,0.115,KG,160,45,105,MM
1609200286,Grinding Point Set CSB S.STIFT SAT,A,3165140004565,159.13,ZAR,Bosch,74,Accessories,A,,,12,Z5,,,,,,680422906,DE,,1,5,512,ST;PAL;LU,ST,0.160,0.160,KG,120,25,120,MM
1609200326,Fine Wire Staples  Type 53/6,A,3165140012126,51.65,ZAR,Bosch,74,Accessories,A,,,15,Z5,,,,,,830520009,AT,,1,1000,5760,ST;PAL;LU,ST,0.754,0.069,KG,120,60,83,MM
1609200365,Fine Wire Staples  Type 53/8,A,3165140004756,51.65,ZAR,Bosch,74,Accessories,A,,,200,Z5,,,,,,830520009,AT,,1,1000,4320,ST;PAL;LU,ST,0.084,0.080,KG,120,11,82,MM
1609200366,Fine Wire Staples  Type 53/10,A,3165140004763,51.65,ZAR,Bosch,74,Accessories,A,,,6,Z5,,,,,,830520009,AT,,1,1000,6000,ST;PAL;LU,ST,0.095,0.095,KG,120,12,82,MM
1609201649,GRINDING POINT,A,3165140008990,143.48,ZAR,Bosch,74,Accessories,A,,,8,Z5,,,,,,680422906,IN,,1,1,1050,ST;PAL;LU,ST,0.865,0.810,KG,159,21,159,MM
1609201650,GRINDING POINT,A,3165140009003,143.48,ZAR,Bosch,74,Accessories,A,,,6,Z5,,,,,,680422906,IN,,1,1,1050,ST;PAL;LU,ST,0.825,0.782,KG,159,21,159,MM
1609201795,50MM WIDE HOT AIR GUN NOZZLE,A,3165140013109,41.22,ZAR,Bosch,74,Accessories,A,,,14,Z5,,,,,,841990905,CN,,1,1,1440,ST;PAL;LU,ST,0.030,0.030,KG,130,30,75,MM
1609201797,REDUCER NOZZLE FOR HOT AIR GUN,A,3165140013123,150.78,ZAR,Bosch,74,Accessories,A,,,9,Z5,,,,,,841990905,DE,,1,1,960,TU;ST;PAL,ST,0.025,0.025,KG,128,38,78,MM
1617000132,SDS CHUCK ADAPTOR,A,3165140012584,113.74,ZAR,Bosch,74,Accessories,A,,,14,Z5,,,,,,846610006,IT,,1,1,1140,ST;PMR;PL,ST,0.053,0.050,KG,18.9,129.54,72,MM
1618596507,SDS-Max-9  NaturalStone  32x800x920,A,3165140560160,1906.96,ZAR,Bosch,74,Accessories,A,,,6,Z5,,,,,,820750008,DE,,1,1,150,ST;PLA;PA,ST,2.716,2.580,KG,960,46,45,MM
1618601011,Asphalt chisel HEX 28mm  500x125 mm,A,3165140042574,1645.57,ZAR,Bosch,74,Accessories,A,,,10,Z5,,,,,,820790006,IT,,1,1,150,ST;PAL;LU,ST,4.040,4.040,KG,500,37,150,MM
1618601019,Tile chisel SDS-Max  300x80 mm,A,3165140052979,342.78,ZAR,Bosch,74,Accessories,A,,,14,Z5,,,,,,820790006,IT,,1,1,720,ST;PAL;LU,ST,0.786,0.778,KG,394,22,80,MM
1618601101,Gouging chisel SDS-Max  300 x 26 mm,A,3165140022163,273.39,ZAR,Bosch,74,Accessories,A,,,8,Z5,,,,,,820790006,IT,,1,1,780,ST;PAL;LU,ST,0.554,0.535,KG,382,24,42,MM
1618601302,COMB CHISEL 300MM -MAX,A,3165140022194,685.04,ZAR,Bosch,74,Accessories,A,,,10,Z5,,,,,,820790006,DE,,1,1,800,ST;PAL;LU,ST,0.458,0.420,KG,392,32,42,MM
1618609003,Chisel Holder SDS MAX Lt220,A,3165140022200,394.96,ZAR,Bosch,74,Accessories,A,,,1,Z7,,,,,,846610006,IT,,1,1,840,ST;PAL;LU,ST,0.550,0.525,KG,310,25,42,MM
1618662000,Rounded wide chisel HEX 28mm  400x135mm,A,3165140029421,1645.57,ZAR,Bosch,74,Accessories,A,,,18,Z5,,,,,,820790006,IT,,1,1,150,TU;ST;PAL,ST,2.760,2.760,KG,450,35,150,MM
1619BZ0100,Tool Bag Bosch Professional,A,3165140843782,177.55,ZAR,Bosch,71,Professional,A,,,80,Z5,,,,,,420222006,CN,,1,1,150,ST;PAL;LU,ST,0.860,0.825,KG,529,62,286,MM
1619V74008,115 X 2.4 X 16MM MASONRY CUT (PF166),A,,25.04,ZAR,Others,74,Accessories,A,,,90,Z5,,,,,,680422906,ZA,,1,1,,ST,ST,0.010,0.010,KG,125,70,125,MM
1619V74009,125 X 2.4 X 16MM MASONRY CUT(PF169),C,,29.48,ZAR,Others,74,Accessories,A,,,0,Z5,,,,,,680422906,ZA,,1,1,,ST,ST,0.010,0.010,KG,135,70,135,MM
1619V74015,115mmx22.2X1.0 Steel Cutting SG- INOX,A,,24.08,ZAR,Others,74,Accessories,A,,,200,Z5,,,,,,680422906,ZA,,1,1,,ST,ST,0.010,0.010,KG,125,30,125,MM
1619V74016,115mmx22.2X2.4 Steel Cutting SSG (PF 164,A,,21.08,ZAR,Others,74,Accessories,A,,,200,Z5,,,,,,680422906,ZA,,1,1,,ST,ST,0.010,0.010,KG,125,67,125,MM
1619V74025,230mmx22.2X3.0 Steel Cutting PPSF(PF 176,A,,38.72,ZAR,Others,74,Accessories,A,,,200,Z5,,,,,,680422906,ZA,,1,1,,ST,ST,0.010,0.010,KG,240,90,240,MM
1619V74026,230mmx22.2X3.2 Steel Cutting SSG(PF 178),A,,42.68,ZAR,Others,74,Accessories,A,,,200,Z5,,,,,,680422906,ZA,,1,1,,ST,ST,0.010,0.010,KG,240,90,240,MM
1619V74027,230mmx22.2X3.2 Steel Cutting RSG - INOX(,C,,59.08,ZAR,Others,74,Accessories,A,,,0,Z5,,,,,,680422906,ZA,,1,1,,ST,ST,0.010,0.010,KG,240,90,240,MM
1619V74030,115x22.2X30mm Steel Grinding SG INOX - (,A,,40.12,ZAR,Others,74,Accessories,A,,,24,Z5,,,,,,680422906,ZA,,1,1,,ST,ST,0.010,0.010,KG,125,75,125,MM
1619V74031,115x22.2X24mm Steel GrindingPSF - (PF125,A,,33.64,ZAR,Others,74,Accessories,A,,,200,Z5,,,,,,680422906,ZA,,1,1,,ST,ST,0.010,0.010,KG,125,75,125,MM
1619V74032,115x22.2X24mm Steel Grinding SG - (PF123,C,,35.40,ZAR,Others,74,Accessories,A,,,0,Z5,,,,,,680422906,ZA,,1,1,,ST,ST,0.010,0.010,KG,125,75,125,MM
1619V74034,125x22.2X24mm Steel Grinding SG - (PF128,C,,27.45,ZAR,Others,74,Accessories,A,,,0,Z5,,,,,,680422906,ZA,,1,1,,ST,ST,0.010,0.010,KG,135,75,135,MM
1619V74038,230x22.2X24mm Steel Grinding SG - (PF152,A,,88.68,ZAR,Others,74,Accessories,A,,,18,Z5,,,,,,680422906,ZA,,1,1,,ST,ST,0.010,0.010,KG,240,75,240,MM
1619V74039,230x22.2X24mm Steel Grinding P PSF(PF156,A,,81.96,ZAR,Others,74,Accessories,A,,,200,Z5,,,,,,680422906,ZA,,1,1,,ST,ST,0.010,0.010,KG,240,75,240,MM
1619V74040,230x22.2X24mm Steel Grinding SG - (PF154,C,,103.20,ZAR,Others,74,Accessories,A,,,0,Z5,,,,,,680422906,ZA,,1,1,,ST,ST,0.010,0.010,KG,240,75,240,MM
1619V74045,300mmx3.4x25.4 Steel Cutting SG -INOX,C,,98.48,ZAR,Bosch,74,Accessories,A,,,0,Z5,,,,,,680422906,ZA,,1,1,,ST,ST,0.010,0.010,KG,310,75,310,MM
1619V74046,300mmx3.6x25.4 Steel Cutting SG -UNI (PF,C,,97.96,ZAR,Bosch,74,Accessories,A,,,0,Z5,,,,,,680422906,ZA,,1,1,,ST,ST,0.010,0.010,KG,310,75,310,MM
1619V74050,350 X 3.6 X 25.4MM STEEL DISC(PF086),A,,129.44,ZAR,Others,74,Accessories,A,,,120,Z5,,,,,,680422906,ZA,,1,1,,ST,ST,0.010,0.010,KG,360,45,360,MM
1619V74051,350 X 2.8 X 25.4MM STEEL DISC)PF083),A,,114.32,ZAR,Others,74,Accessories,A,,,24,Z5,,,,,,680422906,ZA,,1,1,,ST,ST,0.010,0.010,KG,360,35,360,MM
1619V74054,400 X 4.0 X 25.4MM STEEL DISC(PF093),A,,171.68,ZAR,Others,74,Accessories,A,,,36,Z5,,,,,,680422906,ZA,,1,1,,ST,ST,0.010,0.010,KG,410,45,410,MM
1619V74055,400 X 3.2 X 25.4MM STEEL DISC (PF090),A,,152.92,ZAR,Others,74,Accessories,A,,,12,Z5,,,,,,680422906,ZA,,1,1,,ST,ST,0.010,0.010,KG,410,37,410,MM
1619V74076,620 X 100MM 120 GRIT SANDING BELT(PF207),C,,34.30,ZAR,Bosch,74,Accessories,A,,,0,Z5,,,,,,680510007,ZA,,1,1,,ST,ST,0.010,0.010,KG,270,115,115,MM
1619V74079,115 X 22.2MM X 36G FIBRE DISC(PF217),A,,9.32,ZAR,Others,74,Accessories,A,,,200,Z5,,,,,,999999998,CN,,1,1,,ST,ST,0.010,0.010,KG,120,35,120,MM
1619V74081,115 X 22.2MM X 80 FIBRE DISC(PF219),A,,7.36,ZAR,Others,74,Accessories,A,,,135,Z5,,,,,,999999998,ZA,,1,1,,ST,ST,0.010,0.010,KG,120,30,120,MM
1619V74089,180 X 22.2MM X 36G FIBRE DISC(PF227),A,,16.20,ZAR,Others,74,Accessories,A,,,200,Z5,,,,,,999999998,ZA,,1,1,,ST,ST,0.010,0.010,KG,185,35,185,MM
1619V74095,235 X 22.2MM X 36G FIBRE DISC(PF235),C,,24.60,ZAR,Others,74,Accessories,A,,,0,Z5,,,,,,999999998,ZA,,1,1,,ST,ST,0.010,0.010,KG,235,40,235,MM
2600100208,Reducing Ring H 30x20-1 2,A,3165140433747,10.96,ZAR,Bosch,74,Accessories,A,,,4,Z5,,,,,,732690907,CN,,1,1,,ST;PAL;LU,ST,0.005,0.003,KG,106,2,47,MM
2600100220,Reducing Ring H 30x20-1 5,A,3165140433860,10.96,ZAR,Bosch,74,Accessories,A,,,4,Z5,,,,,,731822007,CN,,1,1,,ST;PAL;LU,ST,0.006,0.006,KG,106,2,47,MM
2600100221,Reducing Ring H 30x25-1 5,A,3165140433877,10.96,ZAR,Bosch,74,Accessories,A,,,19,Z5,,,,,,731822007,DE,,1,1,,ST;PAL;LU,ST,0.004,0.003,KG,106,2,47,MM
2600100231,Reducing Ring H 30x25-1 8,A,3165140433976,10.96,ZAR,Bosch,74,Accessories,A,,,15,Z5,,,,,,732690907,CN,,1,1,,ST;PAL;LU,ST,0.004,0.003,KG,106,2,47,MM
2600306007,ADAPTOR FOR LIGHT WEIGHT HOSES,A,3165140063050,164.35,ZAR,Bosch,74,Accessories,A,,,8,Z5,,,,,,391740008,CH,,1,1,2560,ST;PLA;PA,ST,0.032,0.030,KG,160,30,90,MM
2602025075,HAND GRIP FOR ANGLE GRINDERS,A,3165140070232,44.87,ZAR,Bosch,74,Accessories,A,,,10,Z5,,,,,,846799909,CN,,1,1,1280,ST;PLA;PA,ST,0.135,0.128,KG,155,70,70,MM
2602025076,HANDLE FOR GSH 10 C,C,3165140072380,460.70,ZAR,Bosch,74,Accessories,A,,,0,Z5,,,,,,846799909,DE,,1,1,576,TU;ST;PLA,ST,0.344,0.327,KG,160,50,170,MM
2602025103,Auxiliary Handle GBH 7,A,3165140167178,329.22,ZAR,Bosch,74,Accessories,A,,,4,Z5,,,,,,846799909,DE,,1,1,320,TU;ST;PAL,ST,0.260,0.255,KG,310,73,190,MM
2605411067,3 PAPER DUST BAGS PEX12/GEX150,A,3165140077477,111.65,ZAR,Bosch,74,Accessories,A,,,9,Z5,,,,,,481940001,DE,,1,3,1080,ST;PAL;LU,ST,0.087,0.080,KG,300,35,115,MM
2605411112,CLOTH DUST BAG GSS 230/280,A,3165140111911,207.13,ZAR,Bosch,74,Accessories,A,,,6,Z5,,,,,,481940001,CH,,1,1,960,ST;PAL;LU,ST,0.067,0.055,KG,287,32,150,MM
2605411147,MICROFILTER DUSTBOX,A,3165140198615,145.04,ZAR,Bosch,74,Accessories,A,,,13,Z5,,,,,,846799909,CN,,1,1,512,ST;PLA;PA,ST,0.133,0.126,KG,276,55,97,MM
2605411163,DUST BAGS 5PK GAS50 WOOD ONLY,A,3165140257633,394.96,ZAR,Bosch,74,Accessories,A,,,3,Z5,,,,,,481940001,DE,,1,5,80,ST;PAL;LU,ST,0.724,0.520,KG,380,20,300,MM
2605411229,Filter bag for GAS15L (5pcs),A,3165140605779,414.78,ZAR,Bosch,74,Accessories,A,,,8,Z5,,,,,,591190501,DE,,1,5,200,ST;PAL;KG,ST,0.402,0.393,KG,540,40,398,MM
2605411231,Disposal bags for GAS 15 (5pcs),A,3165140617161,336.00,ZAR,Bosch,74,Accessories,A,,,3,Z7,,,,,,392690905,CZ,,1,5,200,ST;PAL;KG,ST,0.370,0.320,KG,390,15,370,MM
2607000074,Chips Bag,A,3165140006514,316.70,ZAR,Bosch,74,Accessories,A,,,1,Z5,,,,,,591190900,CH,,1,1,384,ST;PLA;PA,ST,0.138,0.130,KG,380,50,200,MM
2607000096,Planing knife Carbide Reversible,C,3165140010450,126.26,ZAR,Bosch,74,Accessories,A,,,0,Z5,,,,,,820820008,CN,,5,,9000,ST;PAL;LU,ST,0.015,0.010,KG,147,5,49,MM
2607000157,UNIVERSAL HOLDER 75MM 1/4HEX,A,3165140039000,123.13,ZAR,Bosch,74,Accessories,A,,,4,Z5,,,,,,820790006,CN,,5,1,5120,TU;ST;PAL,ST,0.044,0.040,KG,150,16,50,MM
2607000982,SDS-PLUS CHUCK AND ADAPTER,A,3165140101813,196.18,ZAR,Bosch,74,Accessories,A,,,200,Z5,,,,,,846610006,CN,,1,1,720,ST;PAL;LU,ST,0.445,0.083,KG,45,135,45,MM
2607001375,Adapter GKS ADAPTER,A,3165140229852,394.96,ZAR,Bosch,74,Accessories,A,,,2,Z5,,,,,,846799909,DE,,1,1,1040,ST;PAL;LU,ST,0.180,0.174,KG,285,15,10,MM
2607001459,LS 0.6 x 4.4 (25mm) x 3,A,3165140299817,12.00,ZAR,Bosch,74,Accessories,A,,,15,Z5,,,,,,820790006,US,,5,3,,TU;ST;PLA,ST,0.014,0.010,KG,100,8,50,MM
2607001461,Screwdriver Bits 25Mm,A,3165140299862,12.00,ZAR,Bosch,74,Accessories,A,,,10,Z5,,,,,,820790006,US,,5,3,,TU;ST;PLA,ST,0.019,0.016,KG,100,8,50,MM
2607001508,Screwdriver Bits 25Mm,A,3165140300346,12.00,ZAR,Bosch,74,Accessories,A,,,66,Z5,,,,,,820790006,CN,,5,3,,TU;ST;PLA,ST,0.014,0.013,KG,100,8,50,MM
2607001510,Set 25 pcs. PH1  25 mm,A,3165140300360,58.96,ZAR,Bosch,74,Accessories,A,,,59,Z5,,,,,,820790006,CN,,1,25,4800,ST;PLA;PA,ST,0.100,0.095,KG,150,40,100,MM
2607001511,PH2 (25mm) x 3,A,3165140300377,12.00,ZAR,Bosch,74,Accessories,A,,,122,Z5,,,,,,820790006,CN,,5,3,,TU;ST;PLA,ST,0.017,0.016,KG,100,8,50,MM
2607001515,PH3 (25mm) x 3,A,3165140300414,12.00,ZAR,Bosch,74,Accessories,A,,,177,Z5,,,,,,820790006,CN,,5,3,,TU;ST;PLA,ST,0.018,0.017,KG,100,8,50,MM
2607001516,Set 25 pcs. PH3  25 mm,A,3165140300421,58.96,ZAR,Bosch,74,Accessories,A,,,26,Z5,,,,,,820790006,US,,1,25,4800,ST;PLA;PA,ST,0.096,0.091,KG,170,10,100,MM
2607001526,PH1 (49mm) x 3,A,3165140300520,17.22,ZAR,Bosch,74,Accessories,A,,,138,Z5,,,,,,820790006,CN,,5,3,6400,TU;ST;PLA,ST,0.028,0.027,KG,105,6,50,MM
2607001528,PH2(49MM)x 3,A,3165140300544,17.22,ZAR,Bosch,74,Accessories,A,,,137,Z5,,,,,,820790006,CN,,5,3,7680,TU;ST;PLA,ST,0.033,0.032,KG,120,8,50,MM
2607001531,PH3 (49mm) x 3,C,3165140300575,17.22,ZAR,Bosch,74,Accessories,A,,,0,Z5,,,,,,820790006,CN,,5,3,2560,TU;ST;PLA,ST,0.031,0.029,KG,120,8,50,MM
2607001533,Screwdriver Bit PH1 (89mm) x 3,C,3165140300599,30.26,ZAR,Bosch,74,Accessories,A,,,0,Z5,,,,,,820790006,CN,,5,3,5760,TU;ST;PLA,ST,0.048,0.045,KG,159,8,50,MM
2607001535,Screwdriver Bit PH2 (89mm) x 3,A,3165140300612,30.26,ZAR,Bosch,74,Accessories,A,,,39,Z5,,,,,,820790006,CN,,5,3,3520,TU;ST;PLA,ST,0.055,0.052,KG,159,6,50,MM
2607001537,Screwdriver Bit PH3 (89mm) x 3,A,3165140300636,30.26,ZAR,Bosch,74,Accessories,A,,,18,Z5,,,,,,820790006,US,,5,3,5760,TU;ST;PLA,ST,0.061,0.058,KG,159,6,50,MM
2607001539,PH1 (152mm) x 1,C,3165140300650,33.39,ZAR,Bosch,74,Accessories,A,,,0,Z5,,,,,,820790006,US,,5,1,6080,TU;ST;PLA,ST,0.033,0.024,KG,222,8,50,MM
2607001540,PH2 (152mm) x 1,C,3165140300667,27.13,ZAR,Bosch,74,Accessories,A,,,0,Z5,,,,,,820790006,CN,,5,1,5120,TU;ST;PLA,ST,0.035,0.033,KG,222,8,50,MM
2607001542,PH3 (152mm) x 1,C,3165140300681,40.18,ZAR,Bosch,74,Accessories,A,,,0,Z5,,,,,,820790006,US,,5,1,2560,TU;ST;PLA,ST,0.039,0.039,KG,222,8,50,MM
2607001554,PZ1 (25mm) x 3,A,3165140300803,12.00,ZAR,Bosch,74,Accessories,A,,,131,Z5,,,,,,820790006,CN,,5,3,5120,TU;ST;PLA,ST,0.013,0.012,KG,100,8,50,MM
2607001556,Set 25 pcs. PZ1  25 mm,A,3165140300827,57.39,ZAR,Bosch,74,Accessories,A,,,41,Z5,,,,,,820790006,CN,,1,25,4800,ST;PLA;PA,ST,0.099,0.094,KG,150,40,100,MM
2607001558,PZ2 (25mm) x 3,C,3165140300841,12.00,ZAR,Bosch,74,Accessories,A,,,0,Z5,,,,,,820790006,CN,,5,3,,TU;ST;PLA,ST,0.017,0.016,KG,100,8,50,MM
2607001561,PZ2 (25mm) x 100,C,3165140300872,229.04,ZAR,Bosch,74,Accessories,A,,,0,Z5,,,,,,820790006,US,,1,100,800,ST;PLA;PA,ST,0.494,0.430,KG,150,60,100,MM
2607001562,PZ3 (25mm) x 3,C,3165140300889,12.00,ZAR,Bosch,74,Accessories,A,,,0,Z5,,,,,,820790006,CN,,5,3,,TU;ST;PLA,ST,0.018,0.017,KG,100,8,50,MM
2607001564,Set 25 pcs. PZ3  25 mm,A,3165140300902,57.39,ZAR,Bosch,74,Accessories,A,,,39,Z5,,,,,,820790006,US,,1,25,2880,ST;PLA;PA,ST,0.134,0.127,KG,165,10,100,MM
2607001575,PZ1 (49mm) x 3,A,3165140301015,17.22,ZAR,Bosch,74,Accessories,A,,,171,Z5,,,,,,820790006,US,,5,3,6400,TU;ST;PLA,ST,0.030,0.028,KG,120,8,50,MM
2607001577,PZ2 (49mm) x 3,A,3165140301039,17.22,ZAR,Bosch,74,Accessories,A,,,200,Z5,,,,,,820790006,CN,,5,3,6400,TU;ST;PLA,ST,0.034,0.032,KG,120,8,50,MM
2607001579,PZ3 (49mm) x 3,A,3165140301053,17.22,ZAR,Bosch,74,Accessories,A,,,62,Z5,,,,,,820790006,CN,,5,3,2560,TU;ST;PLA,ST,0.031,0.030,KG,120,8,50,MM
2607001581,PZ1 (89mm) x 3,A,3165140301077,30.26,ZAR,Bosch,74,Accessories,A,,,65,Z5,,,,,,820790006,US,,5,3,5760,TU;ST;PLA,ST,0.050,0.045,KG,159,8,50,MM
2607001583,PZ2 (89mm) x 3,A,3165140301091,30.26,ZAR,Bosch,74,Accessories,A,,,200,Z5,,,,,,820790006,CN,,5,3,5760,TU;ST;PLA,ST,0.060,0.057,KG,159,8,50,MM
2607001585,PZ3 (89mm) x 3,A,3165140301114,30.26,ZAR,Bosch,74,Accessories,A,,,33,Z5,,,,,,820790006,US,,5,3,2560,TU;ST;PLA,ST,0.063,0.060,KG,159,8,50,MM
2607001587,PZ1 (152mm) x 1,C,3165140301138,40.18,ZAR,Bosch,74,Accessories,A,,,0,Z5,,,,,,820790006,US,,5,1,5120,TU;ST;PLA,ST,0.029,0.027,KG,222,6,50,MM
2607001588,PZ2 (152mm) x 1,C,3165140301145,29.22,ZAR,Bosch,74,Accessories,A,,,0,Z5,,,,,,820790006,CN,,5,1,6080,TU;ST;PLA,ST,0.038,0.036,KG,222,8,50,MM
2607001590,PZ3 (152mm) x 1,C,3165140301169,32.87,ZAR,Bosch,74,Accessories,A,,,0,Z5,,,,,,820790006,US,,5,1,2560,TU;ST;PLA,ST,0.031,0.029,KG,222,8,50,MM
2607001604,T10 (25mm) x 3,A,3165140301305,12.00,ZAR,Bosch,74,Accessories,A,,,12,Z5,,,,,,820790006,CN,,5,3,,TU;ST;PLA,ST,0.015,0.014,KG,100,8,50,MM
2607001607,T15 (25mm) x 3,A,3165140301336,12.00,ZAR,Bosch,74,Accessories,A,,,54,Z5,,,,,,820790006,CN,,5,3,,TU;ST;PLA,ST,0.016,0.015,KG,100,8,50,MM
2607001615,T25 (25mm) x 3,A,3165140301411,12.00,ZAR,Bosch,74,Accessories,A,,,89,Z5,,,,,,820790006,CN,,5,3,,TU;ST;PLA,ST,0.017,0.016,KG,100,8,50,MM
2607001652,Screwdriver Bit T20 (89mm) x 1,C,3165140301787,22.43,ZAR,Bosch,74,Accessories,A,,,0,Z5,,,,,,820790006,CN,,5,1,3520,TU;ST;PLA,ST,0.014,0.013,KG,159,6,50,MM
2607001654,Screwdriver Bit T25 (89mm) x 1,C,3165140301800,22.43,ZAR,Bosch,74,Accessories,A,,,0,Z5,,,,,,820790006,CN,,5,1,2560,TU;ST;PLA,ST,0.018,0.016,KG,159,8,50,MM
2607001656,T27 (89mm) x 1,C,3165140301824,34.96,ZAR,Bosch,74,Accessories,A,,,0,Z5,,,,,,820790006,US,,5,1,2560,TU;ST;PLA,ST,0.019,0.018,KG,159,8,50,MM
2607001658,Screwdriver Bit T30 (89mm) x 1,C,3165140301848,22.96,ZAR,Bosch,74,Accessories,A,,,0,Z5,,,,,,820790006,CN,,5,1,5760,TU;ST;PLA,ST,0.015,0.014,KG,159,8,50,MM
2607001660,T40 (89mm) x 1,C,3165140301862,26.09,ZAR,Bosch,74,Accessories,A,,,0,Z5,,,,,,820790006,US,,5,1,2560,TU;ST;PLA,ST,0.031,0.026,KG,159,8,50,MM
2607001662,T8 (152mm) x 1,C,3165140301886,35.48,ZAR,Bosch,74,Accessories,A,,,0,Z5,,,,,,820790006,US,,5,1,2560,TU;ST;PLA,ST,0.015,0.014,KG,222,8,50,MM
2607001664,T10 (152mm) x 1,C,3165140301909,42.26,ZAR,Bosch,74,Accessories,A,,,0,Z5,,,,,,820790006,CN,,5,1,2560,TU;ST;PLA,ST,0.016,0.016,KG,222,8,50,MM
2607001666,T15 (152mm) x 1,C,3165140301923,34.96,ZAR,Bosch,74,Accessories,A,,,0,Z5,,,,,,820790006,CN,,5,1,2560,TU;ST;PLA,ST,0.019,0.018,KG,222,8,50,MM
2607001670,T25 (152mm) x 1,C,3165140301961,31.30,ZAR,Bosch,74,Accessories,A,,,0,Z5,,,,,,820790006,CN,,5,1,6080,TU;ST;PLA,ST,0.027,0.026,KG,222,8,50,MM
2607001672,T27 (152mm) x 1,C,3165140301985,34.96,ZAR,Bosch,74,Accessories,A,,,0,Z5,,,,,,820790006,CN,,5,1,1280,TU;ST;PLA,ST,0.314,0.299,KG,222,8,50,MM
2607001674,T30 (152mm) x 1,C,3165140302005,31.30,ZAR,Bosch,74,Accessories,A,,,0,Z5,,,,,,820790006,US,,5,1,6080,TU;ST;PLA,ST,0.035,0.033,KG,222,8,50,MM
2607001676,T40 (152mm) x 1,C,3165140302029,34.43,ZAR,Bosch,74,Accessories,A,,,0,Z5,,,,,,820790006,US,,5,1,5120,TU;ST;PLA,ST,0.020,0.019,KG,222,8,50,MM
2607002568,RobustLine 18+1pcs extra-hard set,A,3165140401517,268.18,ZAR,Bosch,74,Accessories,A,,,3,Z7,,,,,,820790006,CN,,5,19,1350,TU;ST;PLA,ST,0.208,0.198,KG,90,21,125,MM
2607002632,Tool adaptor,A,3165140605755,262.43,ZAR,Bosch,74,Accessories,A,,,7,Z5,,,,,,391740008,HU,,1,1,340,ST;PAL,ST,0.080,0.080,KG,260,60,140,MM
2607002797,Screwdriver Bit ExH PH2 25mm 25pc,A,3165140980166,58.43,ZAR,Bosch,74,Accessories,A,,,50,Z5,,,,,,820790006,CN,,10,25,2560,TU;ST;PAL,ST,0.145,0.145,KG,95,145,128,MM
2607002798,Screwdriver Bit ExH PZ2 25mm 25pc,C,3165140980173,57.39,ZAR,Bosch,74,Accessories,A,,,0,Z5,,,,,,820790006,CN,,10,25,2560,TU;ST;PAL,ST,0.143,0.143,KG,95,145,128,MM
2607002802,Screwdriver Bit ExH T40 25mm 25pc,A,3165140980210,88.70,ZAR,Bosch,74,Accessories,A,,,18,Z5,,,,,,820790006,CN,,10,25,2560,TU;ST;PAL,ST,0.180,0.155,KG,95,145,128,MM
2607002803,Screwdriver Bit Impact PH2 25mm 25pc,C,3165140980227,105.91,ZAR,Bosch,74,Accessories,A,,,0,Z5,,,,,,820790006,CN,,10,25,2560,TU;ST;PAL,ST,0.121,0.113,KG,95,145,128,MM
2607002804,Screwdriver Bit Impact PZ2 25mm 25pc,A,3165140980234,152.87,ZAR,Bosch,74,Accessories,A,,,15,Z5,,,,,,820790006,CN,,10,25,2560,TU;ST;PAL,ST,0.110,0.110,KG,95,145,128,MM
2607002805,Screwdriver Bit Impact T20 25mm 25pc,C,3165140980241,117.91,ZAR,Bosch,74,Accessories,A,,,0,Z5,,,,,,820790006,CN,,10,25,2560,TU;ST;PAL,ST,0.110,0.039,KG,95,145,128,MM
2607002806,Screwdriver Bit Impact T25 25mm 25pc,C,3165140980258,108.52,ZAR,Bosch,74,Accessories,A,,,0,Z5,,,,,,820790006,CN,,10,25,2560,TU;ST;PAL,ST,0.113,0.113,KG,95,145,128,MM
2607002807,Screwdriver Bit Impact T30 25mm 25pc,C,3165140980265,108.52,ZAR,Bosch,74,Accessories,A,,,0,Z5,,,,,,820790006,CN,,10,25,2560,TU;ST;PAL,ST,0.131,0.113,KG,95,145,128,MM
2607002835,Precision Screwdriver Bit 42pc Set,A,6949509244857,312.52,ZAR,Bosch,74,Accessories,A,,,200,Z5,,,,,,820540901,CN,,3,42,432,TU;ST;PLA,ST,0.440,0.400,KG,167,53,109,MM
2607002837,Precision Screwdriver Bit 5x43pc Set  Di,C,6949509244871,364.70,ZAR,Bosch,74,Accessories,A,,,0,Z5,,,,,,820540901,CN,,5,43,180,TU;ST;SA;,ST,0.510,0.500,KG,205,60,147,MM
2607002884,PRO Impact Bit Adapter,A,4059952730875,164.35,ZAR,Bosch,74,Accessories,A,,,45,Z3,,,,,,846610006,CN,,5,1,2400,TU;ST;PAL,ST,0.089,0.080,KG,143,19,64,MM
2607010025,Set of knives GSC 1506MESSERS,A,3165140029803,394.96,ZAR,Bosch,74,Accessories,A,,,9,Z5,,,,,,820810003,DE,,1,5,7200,TU;ST;SA;,ST,0.030,0.030,KG,125,11,64,MM
2607010079,ANTI-SPLINTERING SHOE (5),A,3165140006651,47.48,ZAR,Bosch,74,Accessories,A,,,10,Z5,,,,,,392690905,CH,,5,5,9600,TU;ST;PLA,ST,0.017,0.015,KG,170,5,55,MM
2607010515,JSB 3pcSet Progressor T123X/T234X/T345XF,A,3165140198868,96.42,ZAR,Bosch,74,Accessories,A,,,23,Z5,,,,,,820299005,CH,,10,3,,TU;ST;PAL,ST,0.030,0.030,KG,200,3,55,MM
2607010527,RobustLine Brad Point 5pcs,A,3165140446112,171.65,ZAR,Bosch,74,Accessories,A,,,62,Z5,,,,,,820750008,CN,,5,5,1920,TU;ST;PLA,ST,0.105,0.100,KG,180,20,70,MM
2607010530,RobustLine HSS-TiN  135° 6pcs,A,3165140446143,196.18,ZAR,Bosch,74,Accessories,A,,,14,Z7,,,,,,820750008,CN,,1,6,2112,ST;PLA;PA,ST,0.186,0.177,KG,178,22,70,MM
2607010533,RobustLine Brad Point 8pcs,A,3165140446174,249.91,ZAR,Bosch,74,Accessories,A,,,20,Z5,,,,,,820750008,CN,,5,8,1280,TU;ST;PLA,ST,0.324,0.308,KG,178,22,107,MM
2607010610,Accessory Assortment 54PC X-LINE IIW,A,3165140563161,380.35,ZAR,Bosch,74,Accessories,A,,,114,Z5,,,,,,820790006,CN,,1,54,180,ST;PAL;LU,ST,1.145,1.085,KG,243,63,259,MM
2607010611,Accessory Assortment 60PC X-LINE IIW,A,3165140563178,380.35,ZAR,Bosch,74,Accessories,A,,,49,Z5,,,,,,820790006,CN,,1,60,180,ST;PAL;LU,ST,1.105,1.090,KG,243,63,259,MM
2607010902,RSB 20pc set for Wood+Metal Tops. (Box),C,3165140846486,656.35,ZAR,Bosch,74,Accessories,A,,,0,Z5,,,,,,820299005,CH,,1,20,720,ST;PAL;LU,ST,0.578,0.578,KG,210,43,87,MM
2607010903,Wood and Metal Jigsaw Blade Set  30 pcs,C,3165140846493,535.30,ZAR,Bosch,74,Accessories,A,,,0,Z5,,,,,,820299005,CH,,1,30,720,ST;PAL;LU,ST,0.408,0.408,KG,179,41,82,MM
2607010996,Coffret Scie Sabre 20p - Bois / Métal,C,3165140893701,896.87,ZAR,Bosch,74,Accessories,A,,,0,Z5,,,,,,820299005,CH,,1,20,320,ST;PAL;LU,ST,1.288,1.288,KG,120,50,355,MM
2607011943,Saw Blade Set RBP- 10ER SET JSB RL,C,4059952653747,356.87,ZAR,Bosch,74,Accessories,A,,,0,Z3,,,,,,820299005,CH,,1,10,1344,ST;PLA;PA,ST,0.177,0.168,KG,145,20,105,MM
2607012042,Accessory Set 35pcs Premium Set,C,4059952665986,416.87,ZAR,Bosch,74,Accessories,A,,,0,Z5,,,,,,820750008,CN,,1,35,300,ST;PMR;PA,ST,0.840,0.840,KG,165.5,62,237,MM
2607012043,Accessory Set 50pcs Premium Set,C,4059952665993,521.22,ZAR,Bosch,74,Accessories,A,,,0,Z5,,,,,,820750008,CN,,1,50,300,ST;PMR;PA,ST,0.920,0.920,KG,165.5,62,237,MM
2607012044,Accessory Set 100pcs Premium Set,A,4059952666006,1042.96,ZAR,Bosch,74,Accessories,A,,,14,Z5,,,,,,820750008,CN,,1,100,144,ST;PMR;PA,ST,1.190,1.190,KG,233,75,322,MM
2607012080,Extra Hard Screwdriver Bit Set  50 pcs,A,6949509252159,294.78,ZAR,Bosch,74,Accessories,A,,,200,Z5,,,,,,820790006,CN,,3,,432,TU;ST;PAL,ST,0.580,0.580,KG,200,54,113,MM
2607017160,27pc Ratchet Screwdriving Set,A,3165140659208,133.04,ZAR,Bosch,74,Accessories,A,,,200,Z5,,,,,,820790006,CN,,10,27,1200,TU;ST;PAL,ST,0.338,0.330,KG,121,34,88,MM
2607017164,Screwdriver Bit Set 43pc ScrewdrivingSet,A,3165140669702,315.65,ZAR,Bosch,74,Accessories,A,,,56,Z7,,,,,,820790006,CN,,6,43,216,TU;ST;SA;,ST,0.640,0.640,KG,190,90,183,MM
2607017314,Accessory Set V-Line 48pcs,A,3165140751544,349.57,ZAR,Bosch,74,Accessories,A,,,49,Z5,,,,,,820790006,CN,,1,48,300,ST;PAL;LU,ST,0.840,0.820,KG,234,59,158,MM
2607017316,Accessory Set V-Line 41pcs,A,3165140751568,281.74,ZAR,Bosch,74,Accessories,A,,,200,Z5,,,,,,820790006,CN,,1,41,300,ST;PAL;LU,ST,0.900,0.860,KG,236,67,166,MM
2607017319,Screwdriver Bit Set 32pcs,A,3165140761734,101.74,ZAR,Bosch,74,Accessories,A,,,200,Z5,,,,,,820790006,CN,,10,32,1200,TU;ST;PAL,ST,0.262,0.260,KG,105,45,67,MM
2607017333,Set mixte Mini X-Line 40+1outilHex,A,6949509219596,343.30,ZAR,Bosch,74,Accessories,A,,,68,Z5,,,,,,820750008,CN,,12,1,288,TU;ST;PAL,ST,0.881,0.768,KG,295,30,275,MM
2607017398,X-line 33,A,6949509227003,164.35,ZAR,Bosch,74,Accessories,A,,,200,Z5,,,,,,820750008,CN,,10,33,450,TU;ST;PAL,ST,0.542,0.500,KG,172,46,156,MM
2607017399,Screwdriver Bit Set,A,6949509227010,211.30,ZAR,Bosch,74,Accessories,A,,,200,Z5,,,,,,820600001,TW,,1,46,360,ST;SA;PAL,ST,0.774,0.746,KG,238,51,134,MM
2607017400,Screwdriver Bit Set,C,6949509227027,55.82,ZAR,Bosch,74,Accessories,A,,,0,Z5,,,,,,820790006,CN,,12,25,1728,ST;SA;PAL,ST,0.295,0.295,KG,151,20,83,MM
2607017401,Accessory Set,A,6949509227034,174.26,ZAR,Bosch,74,Accessories,A,,,27,Z5,,,,,,820750008,CN,,10,30,450,TU;ST;PAL,ST,0.479,0.479,KG,171,48,154,MM
2607017402,Accessory Set,C,6949509227041,521.22,ZAR,Bosch,74,Accessories,A,,,0,Z5,,,,,,820750008,CN,,1,91,144,ST;PAL;LU,ST,1.747,1.747,KG,320,71,228,MM
2607017403,V-line 83,A,6949509227058,453.91,ZAR,Bosch,74,Accessories,A,,,127,Z5,,,,,,820750008,CN,,1,83,144,ST;PAL;LU,ST,1.748,1.748,KG,321,71,228,MM
2607017404,Screwdriver Bit Set (25pcs Big Bit),A,6949509227065,42.78,ZAR,Bosch,74,Accessories,A,,,200,Z5,,,,,,820790006,CN,,40,25,1600,TU;ST;PAL,ST,0.237,0.237,KG,164,48,52,MM
2607017405,Accessory Set,A,6949509227072,174.26,ZAR,Bosch,74,Accessories,A,,,12,Z5,,,,,,820750008,CN,,1,34,480,TU;ST;PAL,ST,0.538,0.538,KG,172,48,170,MM
2607017406,Accessory Set,A,6949509227089,328.18,ZAR,Bosch,74,Accessories,A,,,54,Z5,,,,,,820750008,CN,,6,50,162,TU;ST;PAL,ST,1.220,1.220,KG,258,64,231,MM
2607017407,'crewdriver Bit Set,A,6949509227096,145.57,ZAR,Bosch,74,Accessories,A,,,158,Z5,,,,,,820790006,CN,,12,26,1440,TU;ST;PAL,ST,0.326,0.314,KG,85,35,120,MM
2607017412,Accessory Set,A,6949509227140,395.48,ZAR,Bosch,74,Accessories,A,,,23,Z5,,,,,,820750008,CN,,6,70,162,TU;ST;PAL,ST,1.410,1.410,KG,255,65,225,MM
2607017467,PRO Router Bit Straight Set  Shank 1/4'',A,3165140957984,364.70,ZAR,Bosch,74,Accessories,A,,,33,Z5,,,,,,820790006,CN,,1,6,360,ST;SA;PAL,ST,0.438,0.438,KG,138,48.5,212,MM
2607017470,PRO Router Bit Trim and Edging Set  Shan,A,3165140958011,427.30,ZAR,Bosch,74,Accessories,A,,,62,Z5,,,,,,820790006,CN,,1,6,360,ST;SA;PAL,ST,0.517,0.517,KG,138,48.5,212,MM
2607017473,PRO Router Bit Mixed Set  Shank 1/4  1,A,3165140958042,922.96,ZAR,Bosch,74,Accessories,A,,,23,Z5,,,,,,820790006,CN,,1,15,144,ST;SA;PAL,ST,1.091,1.091,KG,222,48.5,285,MM
2607017476,PRO Router Bit Mixed Set  Shank 1/4''  3,A,3165140958073,1642.96,ZAR,Bosch,74,Accessories,A,,,12,Z5,,,,,,820790006,CN,,1,30,90,ST;PAL;LU,ST,2.101,2.101,KG,326,48.5,370,MM
2607017503,Accessory Set 27pcs promobasket se,A,6949509229892,140.87,ZAR,Bosch,74,Accessories,A,,,32,Z5,,,,,,820540901,CN,,1,27,648,ST;PAL;LU,ST,0.400,0.400,KG,225,37,175,MM
2607017504,Set Of Twist Drills,A,6949509229908,73.04,ZAR,Bosch,74,Accessories,A,,,200,Z5,,,,,,820750008,CN,,1,15,1152,ST;PAL;LU,ST,0.307,0.307,KG,148,20,158,MM
2607017505,Set Of Twist Drills,C,6949509229915,51.65,ZAR,Bosch,74,Accessories,A,,08.29.2026,3,Z5,,,,,,820750008,CN,,1,1,1944,ST;PAL;LU,ST,0.180,0.144,KG,142,20,82,MM
2607017508,Set Of Twist Drills,A,6949509229946,65.22,ZAR,Bosch,74,Accessories,A,,,48,Z5,,,,,,820750008,CN,,1,7,1944,ST;PAL;LU,ST,0.185,0.176,KG,148,20,82,MM
2607017509,Masonry Drill,C,6949509229953,41.22,ZAR,Bosch,74,Accessories,A,,,0,Z5,,,,,,820750008,CN,,1,7,1944,ST;PAL;LU,ST,0.146,0.144,KG,142,20,82,MM
2607017510,Screwdriver Bit Set,A,6949509229960,260.35,ZAR,Bosch,74,Accessories,A,,,46,Z5,,,,,,820790006,CN,,1,43,450,ST;PAL;LU,ST,0.745,0.743,KG,150,44,172,MM
2607017511,Sales-Campaign Set,A,6949509229977,140.87,ZAR,Bosch,74,Accessories,A,,,200,Z5,,,,,,820600001,CN,,1,38,720,ST;PAL;LU,ST,0.620,0.615,KG,215,38,135,MM
2607018010,BLADE SET 130 MM. GSG300 1575,A,3165140029827,249.39,ZAR,Bosch,74,Accessories,A,,,7,Z5,,,,,,820299005,CH,,1,2,7200,ST;PLA;PA,ST,0.029,0.029,KG,165,18.54,18.54,MM
2607018011,BLADE SET 220 MM. GSG300 1575,A,3165140029834,270.78,ZAR,Bosch,74,Accessories,A,,,6,Z5,,,,,,820299005,CH,,1,2,,TU;ST;PLA,ST,0.082,0.041,KG,267,16,16,MM
2607018012,BLADE SET 300MM. GSG300 1575,A,3165140029841,298.43,ZAR,Bosch,74,Accessories,A,,,12,Z5,,,,,,820299005,CH,,1,2,4000,ST;PLA;PA,ST,0.050,0.050,KG,365,16,16,MM
2607018013,BLADE SET 70 MM. GSG300 1575,A,3165140029858,226.43,ZAR,Bosch,74,Accessories,A,,,8,Z5,,,,,,820299005,CH,,1,2,,ST;PLA;PA,ST,0.020,0.020,KG,137,15,15,MM
2607018277,SET OF TWIST DRILLS,C,3165140040914,714.78,ZAR,Bosch,74,Accessories,A,,,0,Z5,,,,,,820750008,DE,,4,7,640,TU;ST;PLA,ST,0.575,0.546,KG,40,215,115,MM
2607018395,SET OF TWIST DRILLS,C,3165140098120,730.43,ZAR,Bosch,74,Accessories,A,,,0,Z5,,,,,,820750008,CN,,1,5,480,ST;PAL;LU,ST,0.588,0.588,KG,127,50,175,MM
2607018750,SET OF TWIST DRILLS,A,3165140148375,1042.96,ZAR,Bosch,74,Accessories,A,,,5,Z7,,,,,,820750008,CN,,1,5,480,ST;PAL;LU,ST,0.601,0.601,KG,127,50,175,MM
2607019447,Set Of Twist Drills SDS+ Ø5-10 6PC,A,3165140415651,193.57,ZAR,Bosch,74,Accessories,A,,,3,Z5,,,,,,820750008,CN,,1,6,1140,ST;PAL;LU,ST,0.370,0.363,KG,195,19,100,MM
2607019450,Hole Saw Set T,B,3165140415682,117.39,ZAR,Bosch,74,Accessories,A,,,1,Z5,,,,,,820790006,CN,,1,11,672,ST;PAL;LU,ST,0.563,0.505,KG,195,50,110,MM
2607019451,5-piece Hole Saw Set,A,3165140415699,101.22,ZAR,Bosch,74,Accessories,A,,,72,Z5,,,,,,820790006,CN,,1,5,448,ST;PAL;LU,ST,0.430,0.430,KG,180,90,90,MM
2607019454,10pc Promoline S/driver bit round set,A,3165140415729,102.78,ZAR,Bosch,74,Accessories,A,,,17,Z5,,,,,,820790006,CN,,1,10,1350,ST;PLA;PA,ST,0.100,0.095,KG,105,45,45,MM
2607019461,Saw Blade Set RB - 10ER SET,A,3165140415798,122.61,ZAR,Bosch,74,Accessories,A,,,2,Z7,,,,,,820299005,CH,,1,10,3350,ST;PAL;LU,ST,0.082,0.082,KG,200,8,100,MM
2607019579,15 Pc Promoline Acc Set (EU),A,3165140430289,81.39,ZAR,Bosch,74,Accessories,A,,,200,Z5,,,,,,820790006,CN,,1,15,1968,ST;PAL;LU,ST,0.240,0.235,KG,127.9,20,82.9,MM
2607019904,8-piece Tough Box SDS-plus-3 set,C,3165140509558,285.91,ZAR,Bosch,74,Accessories,A,,,0,Z5,,,,,,820750008,CN,,1,8,675,ST;PAL;LU,ST,0.560,0.560,KG,180,42,85,MM
2607019924,RL HSS-Co 6pcs,A,3165140517041,240.00,ZAR,Bosch,74,Accessories,A,,,50,Z5,,,,,,820750008,CN,,1,6,2048,ST;PLA;PA,ST,0.184,0.175,KG,178,22,70,MM
2607019925,RL HSS-Co 10pcs,C,3165140517058,500.87,ZAR,Bosch,74,Accessories,A,,,0,Z5,,,,,,820750008,CN,,1,10,1008,ST;PLA;PA,ST,0.358,0.340,KG,178,22,107,MM
2607019927,Set 5 Robust Line SDS-Plus 5  5 6 6 8 10,C,3165140517072,467.48,ZAR,Bosch,74,Accessories,A,,,0,Z5,,,,,,820750008,DE,,5,5,1120,TU;ST;PLA,ST,0.401,0.381,KG,220,20,85,MM
2607019928,SDS-Plus-5  5pcs RL  6 6 8 8 10x165,C,3165140517089,487.82,ZAR,Bosch,74,Accessories,A,,,0,Z5,,,,,,820750008,DE,,5,5,1120,TU;ST;PLA,ST,0.394,0.375,KG,218,22,88,MM
2607019929,SDS-Plus-5  5pcs RL  5.5 6 7 8 10x165,C,3165140517102,510.26,ZAR,Bosch,74,Accessories,A,,,0,Z5,,,,,,820750008,DE,,5,5,1120,TU;ST;PLA,ST,0.394,0.375,KG,218,22,88,MM
2607432024,Bellows filter,A,3165140619240,537.91,ZAR,Bosch,74,Accessories,A,,,8,Z5,,,,,,842139909,RO,,1,1,144,ST;PAL;KG,ST,0.470,0.368,KG,190,150,190,MM
2607432034,PES flat pleated filter,A,3165140713573,1318.43,ZAR,Bosch,74,Accessories,A,,,8,Z5,,,,,,842139909,DE,,1,1,240,ST;PAL;LU,ST,0.300,0.215,KG,275,65,150,MM
2607432043,Disposal bag GAS 35 + 55,A,3165140744850,823.82,ZAR,Bosch,74,Accessories,A,,,8,Z5,,,,,,392329901,DE,,1,10,120,ST;PAL;LU,ST,1.098,1.098,KG,575,30,450,MM
2607990014,TOP TO BOTTOM STIRRING BASKET,A,3165140078771,462.78,ZAR,Bosch,74,Accessories,A,,,8,Z5,,,,,,820790006,DE,,1,1,72,ST;PAL;LU,ST,1.200,1.200,KG,625,20,120,MM
2607990016,STIRRING ATTACHMENT FOR GRW11E,C,3165140078788,462.78,ZAR,Bosch,74,Accessories,A,,,0,Z5,,,,,,820790006,CN,,1,1,72,ST;PAL;LU,ST,1.245,1.203,KG,625,20,135,MM
2607990017,STIRRING ATTACHMENT FOR GRW11E,A,3165140078795,626.09,ZAR,Bosch,74,Accessories,A,,,8,Z5,,,,,,820790006,CN,,1,1,30,ST;PAL;LU,ST,1.435,1.356,KG,625,20,165,MM
2608000149,Sander Plate 93mm 1x,A,3165140076401,154.96,ZAR,Bosch,74,Accessories,A,,,9,Z5,,,,,,846610006,DE,,1,1,3990,ST;PAL;LU,ST,0.032,0.024,KG,107,9,92,MM
2608000349,Backing Pad 125mm MH 1x,A,3165140454957,135.13,ZAR,Bosch,74,Accessories,A,,,38,Z5,,,,,,846610006,MY,,1,1,1500,ST;PAL;LU,ST,0.070,0.047,KG,154,23,127,MM
2608000426,Adjustable screw clamp SCHRAUBZWINGE,C,3165140516532,813.91,ZAR,Bosch,74,Accessories,A,,,0,Z5,,,,,,820570204,DE,,1,2,1200,ST;PAL;LU,ST,0.605,0.605,KG,245,35,155,MM
2608000489,GOF1600 vacuum adapter,A,3165140617147,795.13,ZAR,Bosch,74,Accessories,A,,,1,Z5,,,,,,846799909,MX,,1,1,750,ST;PAL;LU,ST,0.073,0.046,KG,80,165,165,MM
2608000547,PRO CS 3.9 Coarse Thread Screw Belt  25,A,3165140688277,234.26,ZAR,Bosch,74,Accessories,A,,,2,Z5,,,,,,731814005,TW,,1,1000,180,ST;PAL;LU,ST,1.654,1.640,KG,562,53,122,MM
2608000550,PRO CS 3.9 Fine Thread Screw Belt  25 TM,C,3165140688307,234.26,ZAR,Bosch,74,Accessories,A,,,0,Z5,,,,,,731814005,TW,,1,1000,180,ST;PAL;LU,ST,1.598,1.598,KG,562,53,122,MM
2608000551,PRO CS 3.9 Fine Thread Screw Belt  30 TM,A,3165140688314,234.26,ZAR,Bosch,74,Accessories,A,,,1,Z5,,,,,,731815265,TW,,1,1000,180,ST;PAL;LU,ST,1.900,1.900,KG,562,53,122,MM
2608000552,PRO CS 3.9 Fine Thread Screw Belt  35 TM,A,3165140688321,234.26,ZAR,Bosch,74,Accessories,A,,,11,Z5,,,,,,731814005,TW,,1,1000,180,ST;PAL;LU,ST,2.060,2.014,KG,562,53,122,MM
2608000554,PRO CS 3.9 Fine Thread And Drilling Tip,A,3165140688345,311.48,ZAR,Bosch,74,Accessories,A,,,5,Z5,,,,,,731814005,TW,,1,1000,180,ST;PAL;LU,ST,2.272,2.200,KG,562,53,122,MM
2608000610,Roller 90x100mm 1x,A,3165140732932,889.57,ZAR,Bosch,74,Accessories,A,,,3,Z5,,,,,,848390007,CN,,1,1,440,ST;PAL;LU,ST,0.680,0.622,KG,105,105,105,MM
2608000632,Protective Cover,A,3165140841450,52.18,ZAR,Bosch,74,Accessories,A,,,7,Z5,,,,,,846799909,SK,,1,1,3024,ST;PAL,ST,0.039,0.026,KG,97,42,65,MM
2608000638,SDS-Clic M14x1.5,A,3165140860062,394.96,ZAR,Bosch,74,Accessories,A,,,2,Z5,,,,,,846610006,RO,,1,1,1200,ST;PAL;LU,ST,0.139,0.116,KG,115,25,90,MM
2608000709,Filter bag Fleece Bag,C,6949509232038,413.74,ZAR,Bosch,74,Accessories,A,,,0,Z5,,,,,,392329901,CN,,1,5,80,ST;PAL;LU,ST,0.870,0.697,KG,370,100,260,MM
2608000713,Sanding Sheet F460 50mm P120 6x,A,4059952546216,28.70,ZAR,Bosch,74,Accessories,A,,,9,Z5,,,,,,680530006,CH,,5,6,3200,TU;ST;PLA,ST,0.020,0.019,KG,173,61,10,MM
2608000756,Protective Cover Combination guard,A,6949509239952,86.09,ZAR,Bosch,74,Accessories,A,,,7,Z5,,,,,,846799909,CN,,1,1,768,ST;PAL,ST,0.201,0.170,KG,160,50,90,MM
2608000764,Backing Pad  medium  215mm,A,6949509234087,302.09,ZAR,Bosch,74,Accessories,A,,,9,Z5,,,,,,846610006,CN,,1,1,336,ST;PAL;LU,ST,0.310,0.260,KG,230,30,230,MM
2608000765,Intermediate Layer  215mm,A,6949509234094,302.09,ZAR,Bosch,74,Accessories,A,,,4,Z5,,,,,,392690905,CN,,1,1,336,ST;PAL;LU,ST,0.120,0.050,KG,230,30,230,MM
2608000766,Backing Pad set  soft  215mm,A,6949509234117,469.04,ZAR,Bosch,74,Accessories,A,,,2,Z5,,,,,,846610006,CN,,1,1,336,ST;PAL;LU,ST,0.340,0.250,KG,230,30,230,MM
2608000774,Cleaning Kit GAS 18V-12 MC,C,4059952628943,1361.22,ZAR,Bosch,74,Accessories,A,,,0,Z5,,,,,,850870901,HU,,1,1,45,ST;PAL,ST,2.723,2.601,KG,440,117,360,MM
2608000882,PRO Dust Extraction Hood for Angle Grind,C,6949509246417,158.61,ZAR,Bosch,74,Accessories,A,,,0,Z5,,,,,,846799909,CN,,1,1,192,ST;PAL;LU,ST,0.437,0.233,KG,205,80,190,MM
2608000908,BASE PLATE,A,3165140052153,991.30,ZAR,Bosch,74,Accessories,A,,,7,Z5,,,,,,846799909,DE,,1,1,2560,ST;PLA;PA,ST,0.164,0.156,KG,170,10,70,MM
2608002004,Gluey Sticks Transparent,A,3165140941273,45.39,ZAR,Bosch,74,Accessories,A,,,47,Z5,,,,,,350610000,GB,,5,70,2800,TU;ST;PAL,ST,0.057,0.050,KG,160,40,110,MM
2608002005,Gluey Sticks Colour Mix,A,3165140941280,51.65,ZAR,Bosch,74,Accessories,A,,,35,Z5,,,,,,350610000,GB,,5,70,2800,TU;ST;PAL,ST,0.060,0.050,KG,160,40,110,MM
2608002006,Gluey Sticks Glitter Mix,A,3165140941297,105.91,ZAR,Bosch,74,Accessories,A,,,41,Z5,,,,,,350610000,GB,,5,70,2800,TU;ST;PAL,ST,0.060,0.050,KG,160,40,110,MM
2608003024,Handsaw Blade,A,3165140939201,14.09,ZAR,Bosch,74,Accessories,A,,,200,Z5,,,,,,820299005,CN,,50,1,,TU;ST;PLA,ST,0.018,0.018,KG,313,0.65,12.5,MM
2608003025,Handsaw Blade,A,3165140939218,14.09,ZAR,Bosch,74,Accessories,A,,,200,Z5,,,,,,820299005,CN,,50,1,,TU;ST;PLA,ST,0.018,0.018,KG,313,0.65,12.5,MM
2608003027,Handsaw Blade,A,3165140939232,31.30,ZAR,Bosch,74,Accessories,A,,,200,Z5,,,,,,,CN,,56,2,7168,TU;ST;PLA,ST,0.063,0.060,KG,375,1.5,85,MM
2608003028,Handsaw Blade,A,3165140939249,31.30,ZAR,Bosch,74,Accessories,A,,,200,Z5,,,,,,846799909,CN,,56,2,7168,TU;ST;PLA,ST,0.063,0.060,KG,375,1.5,85,MM
2608003032,PRO Impact Socket 1/2" Standard 7-PC Set,C,6949509246790,291.65,ZAR,Bosch,74,Accessories,A,,,0,Z5,,,,,,820420909,CN,,1,7,420,ST;PAL;LU,ST,0.940,0.940,KG,50,186,103.9,MM
2608003033,PRO Impact Sockets 1/2" Extra Deep 3-PC,A,6949509246691,364.70,ZAR,Bosch,74,Accessories,A,,,9,Z5,,,,,,820420909,CN,,1,3,512,TU;ST;SA;,ST,0.830,0.810,KG,92,98,38,MM
2608003039,PRO Impact Sockets 1/2" Deep 9-PC Set,A,6949509246752,573.39,ZAR,Bosch,74,Accessories,A,,,3,Z5,,,,,,820420909,CN,,1,9,216,TU;ST;PAL,ST,1.759,1.759,KG,83,245,36,MM
2608003044,PRO Impact Socket 1/2" 10 MM Deep,A,6949509246813,62.61,ZAR,Bosch,74,Accessories,A,,,42,Z5,,,,,,820420402,CN,,1,1,2000,TU;ST;PAL,ST,0.178,0.178,KG,14,68,44,MM
2608003045,PRO Impact Socket 1/2" 11 MM Deep,A,6949509246820,62.61,ZAR,Bosch,74,Accessories,A,,,10,Z5,,,,,,820420402,CN,,1,1,2000,TU;ST;PAL,ST,0.180,0.180,KG,14,68,44,MM
2608003047,PRO Impact Socket 1/2" 13 MM Deep,A,6949509246844,62.61,ZAR,Bosch,74,Accessories,A,,,8,Z5,,,,,,820420402,CN,,1,1,2000,TU;ST;PAL,ST,0.174,0.174,KG,14,68,44,MM
2608003049,PRO Impact Socket 1/2" 17 MM Deep,A,6949509246868,62.61,ZAR,Bosch,74,Accessories,A,,,33,Z5,,,,,,820420402,CN,,1,1,2000,TU;ST;PAL,ST,0.185,0.185,KG,14,68,44,MM
2608003051,PRO Impact Socket 1/2" 19 MM Deep,C,6949509246882,65.22,ZAR,Bosch,74,Accessories,A,,,0,Z5,,,,,,820420402,CN,,1,1,2000,TU;ST;PAL,ST,0.209,0.209,KG,14,68,44,MM
2608003052,PRO Impact Socket 1/2" 21 MM Deep,A,6949509246899,73.04,ZAR,Bosch,74,Accessories,A,,,6,Z5,,,,,,820420402,CN,,1,1,1600,TU;ST;PAL,ST,0.245,0.245,KG,14,68,44,MM
2608003053,PRO Impact Socket 1/2" 22 MM Deep,A,6949509246905,78.26,ZAR,Bosch,74,Accessories,A,,,4,Z5,,,,,,820420909,CN,,1,1,1600,TU;ST;PAL,ST,0.269,0.269,KG,14,68,44,MM
2608003055,PRO Impact Socket 1/2" 24 MM Deep,A,6949509246929,91.30,ZAR,Bosch,74,Accessories,A,,,44,Z5,,,,,,820420909,CN,,1,1,1200,TU;ST;PAL,ST,0.335,0.335,KG,14,68,44,MM
2608003056,PRO Impact Socket 1/2" 27 MM Standard,A,6949509246936,67.82,ZAR,Bosch,74,Accessories,A,,,11,Z5,,,,,,820420909,CN,,1,1,1440,TU;ST;PAL,ST,0.215,0.215,KG,14,68,44,MM
2608003057,PRO Impact Socket 1/2" 30 MM Standard,A,6949509246943,73.04,ZAR,Bosch,74,Accessories,A,,,2,Z5,,,,,,820420909,CN,,1,1,1440,TU;ST;PAL,ST,0.270,0.270,KG,14,68,44,MM
2608003058,PRO Impact Socket 3/4" 19 MM Standard,A,6949509246950,125.22,ZAR,Bosch,74,Accessories,A,,,2,Z5,,,,,,820420402,CN,,1,1,1200,TU;ST;PAL,ST,0.345,0.345,KG,20.5,70,44,MM
2608003059,PRO Impact Socket 3/4" 22 MM Standard,C,6949509246967,125.22,ZAR,Bosch,74,Accessories,A,,,0,Z5,,,,,,820420909,CN,,1,1,1200,TU;ST;PAL,ST,0.350,0.350,KG,20.5,70,44,MM
2608003060,PRO Impact Socket 3/4" 24 MM Standard,A,6949509246974,125.22,ZAR,Bosch,74,Accessories,A,,,8,Z5,,,,,,820420909,CN,,1,1,1200,TU;ST;PAL,ST,0.370,0.370,KG,20.5,70,44,MM
2608003061,PRO Impact Socket 3/4" 27 MM Standard,A,6949509246981,125.22,ZAR,Bosch,74,Accessories,A,,,13,Z5,,,,,,820420909,CN,,1,1,1200,TU;ST;PAL,ST,0.370,0.370,KG,20.5,70,44,MM
2608003062,PRO Impact Socket 3/4" 30 MM Standard,A,6949509246998,135.65,ZAR,Bosch,74,Accessories,A,,,3,Z5,,,,,,820420909,CN,,1,1,960,TU;ST;PAL,ST,0.415,0.415,KG,20.5,70,44,MM
2608003063,PRO Impact Socket 3/4" 32 MM Standard,A,6949509247001,135.65,ZAR,Bosch,74,Accessories,A,,,2,Z5,,,,,,820420909,CN,,1,1,960,TU;ST;PAL,ST,0.444,0.444,KG,20.5,70,44,MM
2608003064,Retaining Ring & Pin for PRO 1/4" Impact,A,6949509247018,30.78,ZAR,Bosch,74,Accessories,A,,,1,Z5,,,,,,731829001,CN,,50,4,4000,TU;ST;PAL,ST,0.006,0.005,KG,2,88,73,MM
2608003066,Retaining Ring & Pin for PRO 1/2" Impact,C,6949509247032,41.22,ZAR,Bosch,74,Accessories,A,,,0,Z5,,,,,,731829001,CN,,20,6,6000,TU;ST;PAL,ST,0.011,0.011,KG,2,88,73,MM
2608003067,Retaining Ring & Pin for PRO 3/4" Impact,C,6949509247049,36.00,ZAR,Bosch,74,Accessories,A,,,0,Z5,,,,,,731829001,CN,,1,4,6000,TU;ST;PAL,ST,0.016,0.016,KG,2,88,73,MM
2608135020,130MM BLADE GUIDE. GSG300 1575,A,3165140030540,929.22,ZAR,Bosch,74,Accessories,A,,,8,Z5,,,,,,846610006,DE,,1,1,1350,ST;PMR;PL,ST,0.105,0.083,KG,36.982,52.984,195.986,MM
2608135021,200MM BLADE GUIDE. GSG300 1575,A,3165140030557,991.30,ZAR,Bosch,74,Accessories,A,,,2,Z5,,,,,,846610006,DE,,1,1,1000,ST;PMR;PL,ST,0.127,0.083,KG,264,44,50.8,MM
2608135022,300MM BLADE GUIDE. GSG300 1575,C,3165140030564,1053.39,ZAR,Bosch,74,Accessories,A,,,0,Z5,,,,,,846610006,DE,,1,1,720,TU;ST;PLA,ST,0.180,0.083,KG,354,45,46,MM
2608200507,2500 Stauchkopfn. 1 6/63mm verzkt.,A,3165140563789,342.26,ZAR,Bosch,74,Accessories,A,,,27,Z5,,,,,,731700060,AT,,1,2500,270,ST;PAL;LU,ST,2.350,2.350,KG,100,56,97,MM
2608201231,Diamond Cup Wheel Best for Universal T,A,3165140772181,984.00,ZAR,Bosch,74,Accessories,A,,,9,Z5,,,,,,680421004,CN,,1,1,640,ST;PAL;LU,ST,0.600,0.566,KG,154,28,126,MM
2608521039,Screwdriver Bit grey 65mm 10pcs-PH2,A,3165140206327,52.18,ZAR,Bosch,74,Accessories,A,,,131,Z5,,,,,,820790006,TW,,1,10,5184,TU;ST;PAL,ST,0.150,0.150,KG,135,10,95,MM
2608521042,Screwdriver Bit Golden 65mm 10pc-PH2,A,3165140206358,62.61,ZAR,Bosch,74,Accessories,A,,,21,Z5,,,,,,820790006,TW,,1,1,5184,TU;ST;SA;,ST,0.155,0.155,KG,130,10,90,MM
2608521108,Screwdriver bit Extra-Hard R1  25 mm,A,3165140447256,12.00,ZAR,Bosch,74,Accessories,A,,,75,Z5,,,,,,820790006,US,,5,3,,TU;ST;PLA,ST,0.017,0.016,KG,100,5,50,MM
2608521109,Screwdriver bit Extra-Hard R2  25 mm,A,3165140447263,12.00,ZAR,Bosch,74,Accessories,A,,,140,Z5,,,,,,820790006,US,,5,3,,TU;ST;PLA,ST,0.017,0.016,KG,100,7,50,MM
2608521110,Screwdriver bit Extra-Hard R3  25 mm,A,3165140447270,12.00,ZAR,Bosch,74,Accessories,A,,,30,Z5,,,,,,820790006,US,,5,3,1920,TU;ST;PLA,ST,0.217,0.207,KG,120,7,50,MM
2608521114,Screwdriver bit Extra-Hard R1  49 mm,A,3165140447317,17.22,ZAR,Bosch,74,Accessories,A,,,31,Z5,,,,,,820790006,US,,5,3,2560,TU;ST;PLA,ST,0.028,0.026,KG,120,7,50,MM
2608521115,Screwdriver bit Extra-Hard R2  49 mm,C,3165140447324,17.22,ZAR,Bosch,74,Accessories,A,,,0,Z5,,,,,,820790006,US,,5,3,7040,TU;ST;PLA,ST,0.036,0.036,KG,120,7,50,MM
2608521116,Screwdriver bit Extra-Hard R3  49 mm,A,3165140447331,17.22,ZAR,Bosch,74,Accessories,A,,,11,Z5,,,,,,820790006,US,,5,3,5120,TU;ST;PLA,ST,0.037,0.035,KG,120,5,50,MM
2608521243,SCREWDRIVER BIT,A,3165140476263,297.39,ZAR,Bosch,74,Accessories,A,,,200,Z5,,,,,,820790006,CN,,1,60,672,ST;PAL;LU,ST,0.630,0.620,KG,120,38,40,MM
2608521U54,Screwdriver bit PRO T Impact Set,C,6949509242037,50.61,ZAR,Bosch,74,Accessories,A,,,0,Z3,,,,,,820790006,CN,,1,3,7040,ST;PLA;PA,ST,0.024,0.023,KG,100,10,50,MM
2608521U55,Screwdriver bit PRO T Impact Set,C,6949509242044,51.13,ZAR,Bosch,74,Accessories,A,,,0,Z3,,,,,,820790006,CN,,1,3,7040,ST;PLA;PA,ST,0.033,0.031,KG,120,10,50,MM
2608522320,Impact UniBitholder+QC Chuck + Magnet,A,3165140851107,73.04,ZAR,Bosch,74,Accessories,A,,,3,Z5,,,,,,846610006,CN,,5,1,2160,TU;ST;PAL,ST,0.033,0.020,KG,145,22,65,MM
2608522321,Impact UniBitholder:Standard+Magnet,A,3165140851114,61.04,ZAR,Bosch,74,Accessories,A,,,30,Z5,,,,,,846610006,CN,,5,1,2160,TU;ST;PAL,ST,0.032,0.029,KG,145,22,65,MM
2608522324,Impact SD Bit Insert Pack: PH2 (8pc),C,3165140851145,41.22,ZAR,Bosch,74,Accessories,A,,,0,Z5,,,,,,820790006,CN,,5,8,2800,TU;ST;SA;,ST,0.046,0.045,KG,170,22,70,MM
2608522325,Impact SD Bit Insert Pack: PZ2 (8pc),A,3165140851152,61.04,ZAR,Bosch,74,Accessories,A,,,14,Z5,,,,,,820790006,CN,,5,8,2160,TU;ST;PAL,ST,0.045,0.040,KG,170,22,70,MM
2608522330,Impact Power Bit Insert Pack PH2 (8pcs),C,3165140851206,62.09,ZAR,Bosch,74,Accessories,A,,,0,Z5,,,,,,820790006,CN,,5,8,1280,TU;ST;SA;,ST,0.080,0.080,KG,170,22,120,MM
2608522331,Impact Power Bit Insert Pack PZ2 (8pc),A,3165140851213,79.30,ZAR,Bosch,74,Accessories,A,,,36,Z5,,,,,,820790006,CN,,5,8,1280,TU;ST;PAL,ST,0.085,0.080,KG,170,22,120,MM
2608522332,Impact Power Bit Insert Pack H5&H6 (8pc),C,3165140851220,80.35,ZAR,Bosch,74,Accessories,A,,,0,Z5,,,,,,820790006,DE,,1,8,1280,TU;ST;PAL,ST,0.110,0.045,KG,170,21,120,MM
2608522339,Impact DEB Insert Pack T20 (8pc),C,3165140851299,91.30,ZAR,Bosch,74,Accessories,A,,,0,Z5,,,,,,820790006,CN,,5,8,1280,TU;ST;PAL,ST,0.120,0.113,KG,170,22,120,MM
2608522351,Impact Nutsetter 8mm,A,3165140851411,48.52,ZAR,Bosch,74,Accessories,A,,,15,Z5,,,,,,820420909,VN,,5,1,2160,TU;ST;PAL,ST,0.030,0.030,KG,145,22,65,MM
2608522352,Impact Nutsetter 10mm,A,3165140851428,48.52,ZAR,Bosch,74,Accessories,A,,,9,Z5,,,,,,820420402,VN,,5,1,2160,TU;ST;PAL,ST,0.035,0.032,KG,145,22,65,MM
2608522353,IMPACT CONTROL NUTSETTER (13-50MM),A,3165140851435,57.39,ZAR,Bosch,74,Accessories,A,,,7,Z5,,,,,,820420402,CN,,5,1,2160,TU;ST;PAL,ST,0.042,0.042,KG,145,22,65,MM
2608522362,EMPTY CASE MEDIUM (1PC),A,3165140851527,80.87,ZAR,Bosch,74,Accessories,A,,,3,Z5,,,,,,420212001,CN,,5,1,540,TU;ST;PAL,ST,0.168,0.160,KG,195,41,110,MM
2608522363,Cassette Impact Control,C,3165140851534,92.35,ZAR,Bosch,74,Accessories,A,,,0,Z5,,,,,,420212001,CN,,5,1,480,TU;ST;PAL,ST,0.200,0.195,KG,195,55,110,MM
2608522380,Screwdriver Bit ImpactControl T20,C,3165140912150,42.26,ZAR,Bosch,74,Accessories,A,,,0,Z5,,,,,,820790006,CN,,5,8,2640,TU;ST;PAL,ST,0.046,0.046,KG,170,22,70,MM
2608522381,Screwdriver Bit ImpactControl T25,C,3165140912167,42.26,ZAR,Bosch,74,Accessories,A,,,0,Z5,,,,,,820790006,CN,,5,8,2640,TU;ST;PAL,ST,0.046,0.046,KG,159,15,63,MM
2608522382,Screwdriver Bit ImpactControl T30,C,3165140912174,42.26,ZAR,Bosch,74,Accessories,A,,,0,Z5,,,,,,820790006,CN,,5,8,2640,TU;ST;PAL,ST,0.054,0.048,KG,170,22,70,MM
2608522400,Screwdriver bit 25mm  2xPZ1,C,3165140919982,18.26,ZAR,Bosch,74,Accessories,A,,,0,Z5,,,,,,820790006,VN,,5,2,6400,TU;ST;PLA,ST,0.007,0.007,KG,100,6,50,MM
2608522403,Screwdriver bit 5mm  2xPH2,C,3165140920018,17.74,ZAR,Bosch,74,Accessories,A,,,0,Z5,,,,,,820790006,VN,,5,2,6400,TU;ST;PLA,ST,0.010,0.009,KG,100,7,50,MM
2608522468,Screwdriver bit Impact 2xPH1 Insert,C,6949509233394,19.30,ZAR,Bosch,74,Accessories,A,,,0,Z5,,,,,,820790006,VN,,5,2,6400,TU;ST;PLA,ST,0.009,0.008,KG,100,8,50,MM
2608522472,Screwdriver bit Impact 2xT10 Insert,C,6949509233356,25.04,ZAR,Bosch,74,Accessories,A,,,0,Z5,,,,,,820790006,VN,,5,2,6400,TU;ST;PLA,ST,0.008,0.008,KG,100,63,50,MM
2608522473,Screwdriver bit Impact 2xT15 Insert,C,6949509233349,25.04,ZAR,Bosch,74,Accessories,A,,,0,Z5,,,,,,820790006,VN,,5,2,6400,TU;ST;PLA,ST,0.008,0.008,KG,95,8,50,MM
2608522474,Screwdriver bit Impact 2xT20 Insert,A,6949509233332,18.78,ZAR,Bosch,74,Accessories,A,,,12,Z3,,,,,,820790006,VN,,5,2,,TU;ST;PLA,ST,0.009,0.009,KG,95,8,50,MM
2608522475,Screwdriver bit Impact 2xT 5 Insert,C,6949509233325,18.78,ZAR,Bosch,74,Accessories,A,,,0,Z5,,,,,,820790006,VN,,5,2,6400,TU;ST;PLA,ST,0.008,0.008,KG,100,63,50,MM
2608522476,Screwdriver bit Impact 2xT 7 Insert,C,6949509233318,30.26,ZAR,Bosch,74,Accessories,A,,,0,Z5,,,,,,820790006,VN,,5,2,,TU;ST;PLA,ST,0.010,0.010,KG,96,63,50,MM
2608522477,Screwdriver bit Impact 2xT30 Insert,C,6949509233301,18.78,ZAR,Bosch,74,Accessories,A,,,0,Z5,,,,,,820790006,VN,,5,2,6400,TU;ST;PLA,ST,0.011,0.010,KG,96,63,50,MM
2608522478,Screwdriver bit Impact 2xT40 Insert,A,6949509233295,18.78,ZAR,Bosch,74,Accessories,A,,,102,Z5,,,,,,820790006,VN,,5,2,6400,TU;ST;PLA,ST,0.013,0.012,KG,95,63,50,MM
2608522517,Screwdriver Bit Set PRO Impact Set,C,6949509242532,603.65,ZAR,Bosch,74,Accessories,A,,,0,Z5,,,,,,820790006,CN,,6,36,432,TU;ST;PLA,ST,0.594,0.594,KG,200,55,107,MM
2608522518,Drill/Screwdriver bit set PRO Mixed Set,C,6949509242631,706.43,ZAR,Bosch,74,Accessories,A,,,0,Z5,,,,,,820790006,CN,,6,35,432,TU;ST;PLA,ST,0.533,0.533,KG,200,55,107,MM
2608522519,Screwdriver bit PRO PH1 Impact,C,6949509241887,26.61,ZAR,Bosch,74,Accessories,A,,,0,Z5,,,,,,820790006,CN,,5,2,7680,TU;ST;PLA,ST,0.017,0.016,KG,100,8,50,MM
2608522520,Screwdriver bit PRO PH2 Impact,C,6949509241894,25.04,ZAR,Bosch,74,Accessories,A,,,0,Z5,,,,,,820790006,CN,,5,2,7680,TU;ST;SA;,ST,0.020,0.019,KG,120,6,50,MM
2608522522,Screwdriver bit PRO PH2 Impact,C,6949509242730,45.91,ZAR,Bosch,74,Accessories,A,,,0,Z5,,,,,,820790006,CN,,5,5,7360,TU;ST;PLA,ST,0.045,0.043,KG,100,10,50,MM
2608522523,Screwdriver bit PRO PH2 Impact,A,6949509241924,110.61,ZAR,Bosch,74,Accessories,A,,,6,Z5,,,,,,820790006,CN,,10,15,2560,TU;ST;PAL,ST,0.175,0.175,KG,92,26,57,MM
2608522524,Screwdriver bit PRO PH2 Impact,C,6949509241931,22.96,ZAR,Bosch,74,Accessories,A,,,0,Z5,,,,,,820790006,CN,,5,1,5120,TU;ST;PLA,ST,0.022,0.021,KG,240,30,100,MM
2608522525,Screwdriver bit PRO PH2 Impact,C,6949509241948,28.18,ZAR,Bosch,74,Accessories,A,,,0,Z5,,,,,,820790006,CN,,5,1,7680,TU;ST;PLA,ST,0.037,0.036,KG,220,6,50,MM
2608522530,Screwdriver bit PRO T20 Impact,C,6949509241993,28.70,ZAR,Bosch,74,Accessories,A,,,0,Z5,,,,,,820790006,CN,,5,2,7680,TU;ST;SA;,ST,0.018,0.017,KG,120,6,50,MM
2608522531,Screwdriver bit PRO T25 Impact,C,6949509242006,28.70,ZAR,Bosch,74,Accessories,A,,,0,Z5,,,,,,820790006,CN,,5,2,7680,TU;ST;SA;,ST,0.019,0.018,KG,120,6,50,MM
2608522532,Screwdriver bit PRO T30 Impact,C,6949509242013,30.26,ZAR,Bosch,74,Accessories,A,,,0,Z5,,,,,,820790006,CN,,1,2,7680,ST;SA;PLA,ST,0.023,0.021,KG,120,6,50,MM
2608522533,Screwdriver bit PRO T40 Impact,C,6949509242020,30.26,ZAR,Bosch,74,Accessories,A,,,0,Z5,,,,,,820790006,CN,,5,2,7680,TU;ST;SA;,ST,0.027,0.026,KG,100,8,50,MM
2608522534,Screwdriver bit PRO T25 Impact,C,6949509242051,114.26,ZAR,Bosch,74,Accessories,A,,,0,Z5,,,,,,820790006,CN,,10,15,2560,TU;ST;PAL,ST,0.175,0.175,KG,92,26,57,MM
2608522535,Screwdriver bit PRO T20 Impact,C,6949509242068,28.70,ZAR,Bosch,74,Accessories,A,,,0,Z5,,,,,,820790006,CN,,1,1,7680,ST;PLA;PA,ST,0.020,0.019,KG,160,6,50,MM
2608522543,Screwdriver bit PRO PZ1 Impact,C,6949509242150,32.35,ZAR,Bosch,74,Accessories,A,,,0,Z5,,,,,,820790006,CN,,1,2,7680,ST;PLA;PA,ST,0.017,0.016,KG,120,5,500,MM
2608522544,PRO POZIDRIV IMPACT BIT  PZ2  55 MM 2pcs,C,6949509242167,27.65,ZAR,Bosch,74,Accessories,A,,,0,Z5,,,,,,820790006,CN,,5,2,7680,TU;ST;SA;,ST,0.020,0.019,KG,120,6,50,MM
2608522546,Screwdriver bit PRO PZ2 Impact,C,6949509242198,110.61,ZAR,Bosch,74,Accessories,A,,,0,Z5,,,,,,820790006,CN,,10,15,2560,TU;ST;PAL,ST,0.175,0.175,KG,92,26,57,MM
2608522547,Screwdriver bit PRO PZ2 Impact,A,6949509242204,26.09,ZAR,Bosch,74,Accessories,A,,,6,Z5,,,,,,820790006,CN,,5,1,7680,TU;ST;PLA,ST,0.020,0.019,KG,160,6,50,MM
2608522548,Screwdriver bit PRO PZ2 Impact,C,6949509242211,30.26,ZAR,Bosch,74,Accessories,A,,,0,Z5,,,,,,820790006,CN,,5,1,3200,TU;ST;PLA,ST,0.034,0.032,KG,290,30,100,MM
2608522559,PRO STANDARD BIT HOLDER IMPACT  75 MM,A,6949509242457,41.74,ZAR,Bosch,74,Accessories,A,,,3,Z7,,,,,,846610006,CN,,5,1,2400,TU;ST;PAL,ST,0.040,0.040,KG,144,17,66,MM
2608550057,SDS-Plus adaptor CoreCutter M16  105mm,A,3165140046138,469.04,ZAR,Bosch,74,Accessories,A,,,58,Z5,,,,,,820790006,DE,,1,1,3500,ST;PLA;PA,ST,0.133,0.126,KG,212,28,44,MM
2608550074,Core Cutter PSB HBK 40MM,A,3165140084642,990.78,ZAR,Bosch,74,Accessories,A,,,56,Z5,,,,,,820790006,DE,,1,1,1600,ST;PLA;PA,ST,0.271,0.258,KG,173,40,42,MM
2608550075,Core Cutter PSB HBK 50MM,A,3165140084659,1042.96,ZAR,Bosch,74,Accessories,A,,,8,Z5,,,,,,820790006,DE,,1,1,1280,ST;PLA;PA,ST,0.346,0.329,KG,178,50,52,MM
2608550076,SDS-Plus 9 Core Cutter  68 x 50 x 72 mm,A,3165140084666,1121.22,ZAR,Bosch,74,Accessories,A,,,9,Z5,,,,,,820790006,DE,,1,1,800,ST;PLA;PA,ST,0.531,0.505,KG,66,170,66,MM
2608550077,SDS-Plus 9 Core Cutter  82 x 50 x 72 mm,A,3165140084673,1303.82,ZAR,Bosch,74,Accessories,A,,,6,Z5,,,,,,820790006,DE,,1,1,576,ST;PLA;PA,ST,0.749,0.712,KG,175,85,85,MM
2608550078,Hexag adaptor CoreCutter M16  11x80 mm,A,3165140084680,326.09,ZAR,Bosch,74,Accessories,A,,,26,Z5,,,,,,846610006,DE,,1,1,3600,ST;PLA;PA,ST,0.121,0.115,KG,187,26,44,MM
2608550080,Socket 50mm x 8.0mm  M5,A,3165140084987,52.18,ZAR,Bosch,74,Accessories,A,,,8,Z5,,,,,,820420909,TW,,5,1,2400,TU;ST;PAL,ST,0.037,0.025,KG,142,25,64,MM
2608550560,Socket Spanner 65 x 8.0mm x 11mm  M5,A,3165140409957,62.61,ZAR,Bosch,74,Accessories,A,,,184,Z5,,,,,,820420909,IT,,5,1,2880,TU;ST;PAL,ST,0.049,0.041,KG,150,15,50,MM
2608550561,Socket Spanner 65mm  10.0mm x 11.0mm  M6,A,3165140409964,73.04,ZAR,Bosch,74,Accessories,A,,,21,Z5,,,,,,820420909,CN,,5,1,2880,TU;ST;PAL,ST,0.047,0.041,KG,150,15,50,MM
2608550562,Socket Spanner 65mm  1/4"  11.0mm,A,3165140409971,62.61,ZAR,Bosch,74,Accessories,A,,,134,Z5,,,,,,820420909,IT,,5,1,2400,TU;ST;PAL,ST,0.047,0.038,KG,150,15,50,MM
2608550563,Socket Spanner 65mm  5/16" x 11.0mm,A,3165140409988,62.61,ZAR,Bosch,74,Accessories,A,,,108,Z5,,,,,,820420909,IT,,5,1,2160,TU;ST;PAL,ST,0.050,0.041,KG,150,15,50,MM
2608550564,Socket Spanner 65mm  3/8"  11.0mm,A,3165140409995,62.61,ZAR,Bosch,74,Accessories,A,,,50,Z5,,,,,,820411900,IT,,5,1,2880,TU;ST;PAL,ST,0.045,0.041,KG,150,15,50,MM
2608550614,CORE CUTTER  PLUS-9 - 35 MM,A,3165140605342,677.74,ZAR,Bosch,74,Accessories,A,,,15,Z5,,,,,,820790006,DE,,1,1,1920,ST;PLA;PA,ST,0.235,0.223,KG,174,43,47,MM
2608551108,Adapter - 3/8” square,A,3165140704229,65.22,ZAR,Bosch,74,Accessories,A,,,11,Z5,,,,,,846610006,,,5,1,2160,TU;ST;PAL,ST,0.031,0.030,KG,143,34,64,MM
2608570048,COLLET 1/4IN(ROUTERS/GRINDERS),A,3165140006699,121.04,ZAR,Bosch,74,Accessories,A,,,9,Z5,,,,,,846610006,DE,,1,1,,TU;ST;PLA,ST,0.009,0.009,KG,125,14,60,MM
2608570084,Collet GGS 27 SPZ 6,A,3165140031110,230.09,ZAR,Bosch,74,Accessories,A,,,5,Z5,,,,,,846610006,DE,,1,1,7200,ST;PAL;LU,ST,0.020,0.020,KG,100,19,77,MM
2608570101,Collet SPANNZANGE,A,3165140062671,255.13,ZAR,Bosch,74,Accessories,A,,,9,Z5,,,,,,846610006,DE,,1,1,,ST;LU;1,ST,0.034,0.030,KG,130,20,75,MM
2608570104,COLLET 1/4 INCH,A,3165140062701,265.04,ZAR,Bosch,74,Accessories,A,,,10,Z5,,,,,,846610006,DE,,1,1,,ST;LU;KG;,ST,0.060,0.060,KG,70,25,35,MM
2608570108,COLLET AND NUT SET 1/2 inch,A,3165140062749,265.04,ZAR,Bosch,74,Accessories,A,,,9,Z5,,,,,,846610006,DE,,1,1,7200,ST;PAL;LU,ST,0.048,0.048,KG,130,25,75,MM
2608570135,Collet Chuck 1/4" GLF 18V 8,A,3165140431866,77.74,ZAR,Bosch,74,Accessories,A,,,14,Z5,,,,,,846610006,MY,,1,1,5328,ST;PAL;LU,ST,0.020,0.016,KG,83,62,65,MM
2608570143,Collet 1/4",A,4059952664835,81.91,ZAR,Bosch,74,Accessories,A,,,10,Z5,,,,,,846610006,CN,,1,1,3600,ST;PAL;LU,ST,0.028,0.026,KG,145,20,75,MM
2608571020,Key Chuck DIN6349 A16M x B16,A,3165140047876,1120.18,ZAR,Bosch,74,Accessories,A,,,5,Z5,,,,,,846610006,DE,,1,1,440,ST;PAL;LU,ST,0.651,0.630,KG,93,57,64,MM
2608572105,KEYLESS CHUCK 1/2IN X 20 13MM,A,3165140111942,526.96,ZAR,Bosch,74,Accessories,A,,,5,Z5,,,,,,846610006,DE,,1,1,1116,ST;PAL;LU,ST,0.340,0.315,KG,98,45,45,MM
2608572149,Keyless Chuck SSBF GSB13-16RE,A,3165140223416,526.96,ZAR,Bosch,74,Accessories,A,,,24,Z5,,,,,,846610006,CN,,1,1,1650,ST;PAL;LU,ST,0.253,0.230,KG,92,44,44,MM
2608572150,KEYLESS CHUCK,A,3165140223423,658.96,ZAR,Bosch,74,Accessories,A,,,21,Z5,,,,,,846610006,DE,,1,1,1440,ST;PAL;LU,ST,0.328,0.308,KG,113,43,43,MM
2608572212,Keyless Chuck for GBH2-26 DFR,A,3165140336925,454.43,ZAR,Bosch,74,Accessories,A,,,6,Z5,,,,,,846610006,DE,,1,1,1200,TU;ST;PAL,ST,0.368,0.360,KG,110,53,53,MM
2608577153,HSS PointTeQ Drill Bit 1.0mm,A,3165140906623,6.26,ZAR,Bosch,74,Accessories,A,,,200,Z5,,,,,,820750008,CN,,5,2,,TU;ST;PLA,ST,0.010,0.010,KG,146,6.5,41,MM
2608577154,HSS PointTeQ Drill Bit 1.5mm,A,3165140906630,6.26,ZAR,Bosch,74,Accessories,A,,,200,Z5,,,,,,820750008,CN,,5,2,,TU;ST;PLA,ST,0.010,0.010,KG,146,6.5,41,MM
2608577155,HSS PointTeQ Drill Bit 2.0mm,A,3165140906647,6.26,ZAR,Bosch,74,Accessories,A,,,200,Z5,,,,,,820750008,CN,,5,2,,TU;ST;PLA,ST,0.006,0.006,KG,146,6.5,41,MM
2608577156,HSS PointTeQ Drill Bit 2.5mm,A,3165140906654,6.78,ZAR,Bosch,74,Accessories,A,,,200,Z5,,,,,,820750008,CN,,5,2,,TU;ST;PLA,ST,0.007,0.007,KG,146,6.5,41,MM
2608577157,HSS PointTeQ Drill Bit 2.6mm,A,3165140906661,7.82,ZAR,Bosch,74,Accessories,A,,,74,Z5,,,,,,820750008,CN,,5,2,,TU;ST;PLA,ST,0.008,0.008,KG,146,6.5,41,MM
2608577158,HSS PointTeQ Drill Bit 3.0mm,A,3165140906678,7.82,ZAR,Bosch,74,Accessories,A,,,200,Z5,,,,,,820750008,CN,,5,2,,TU;ST;PLA,ST,0.009,0.008,KG,146,4.9,41,MM
2608577159,HSS PointTeQ Drill Bit 3.2mm,A,3165140906685,8.35,ZAR,Bosch,74,Accessories,A,,,200,Z5,,,,,,820750008,CN,,5,2,,TU;ST;PLA,ST,0.010,0.006,KG,146,6.5,41,MM
2608577160,HSS PointTeQ Drill Bit 3.5mm,A,3165140906692,8.87,ZAR,Bosch,74,Accessories,A,,,200,Z5,,,,,,820750008,CN,,5,2,,TU;ST;PLA,ST,0.012,0.011,KG,146,6.5,41,MM
2608577161,HSS PointTeQ Drill Bit 4.0mm,A,3165140906708,9.39,ZAR,Bosch,74,Accessories,A,,,200,Z5,,,,,,820750008,CN,,5,2,,TU;ST;PLA,ST,0.014,0.014,KG,146,6.5,41,MM
2608577162,HSS PointTeQ Drill Bit 4.2mm,A,3165140906715,8.35,ZAR,Bosch,74,Accessories,A,,,200,Z5,,,,,,820750008,CN,,5,1,,TU;ST;PLA,ST,0.009,0.009,KG,146,6.5,41,MM
2608577163,HSS PointTeQ Drill Bit 4.5mm,A,3165140906722,8.35,ZAR,Bosch,74,Accessories,A,,,200,Z5,,,,,,820750008,CN,,5,1,,TU;ST;PLA,ST,0.010,0.010,KG,146,6.5,41,MM
2608577164,HSS PointTeQ Drill Bit 4.8mm,A,3165140906739,8.35,ZAR,Bosch,74,Accessories,A,,,200,Z5,,,,,,820750008,CN,,5,1,,TU;ST;PLA,ST,0.012,0.011,KG,146,6.5,41,MM
2608577165,HSS PointTeQ Drill Bit 5.0mm,A,3165140906746,8.35,ZAR,Bosch,74,Accessories,A,,,200,Z5,,,,,,820750008,CN,,5,1,,TU;ST;PLA,ST,0.011,0.010,KG,146,5,41,MM
2608577166,HSS PointTeQ Drill Bit 5.5mm,A,3165140906753,8.87,ZAR,Bosch,74,Accessories,A,,,200,Z5,,,,,,820750008,CN,,5,1,,TU;ST;PLA,ST,0.016,0.015,KG,180,6.5,41,MM
2608577167,HSS PointTeQ Drill Bit 6.0mm,A,3165140906760,10.43,ZAR,Bosch,74,Accessories,A,,,200,Z5,,,,,,820750008,CN,,5,1,,TU;ST;PLA,ST,0.018,0.016,KG,180,7,41,MM
2608577168,HSS PointTeQ Drill Bit 6.5mm,A,3165140906777,10.96,ZAR,Bosch,74,Accessories,A,,,200,Z5,,,,,,820750008,CN,,5,1,,TU;ST;PLA,ST,0.022,0.021,KG,180,7.5,41,MM
2608577169,HSS PointTeQDrill Bit 7.0mm,A,3165140906784,10.96,ZAR,Bosch,74,Accessories,A,,,200,Z5,,,,,,820750008,CN,,5,1,9600,TU;ST;PLA,ST,0.026,0.025,KG,180,8,41,MM
2608577170,HSS PointTeQ Drill Bit 7.5mm,A,3165140906791,10.96,ZAR,Bosch,74,Accessories,A,,,200,Z5,,,,,,820750008,CN,,5,1,9600,TU;ST;PLA,ST,0.030,0.029,KG,180,8.5,41,MM
2608577171,HSS PointTeQ Drill Bit 8.0mm,A,3165140906807,13.04,ZAR,Bosch,74,Accessories,A,,,200,Z5,,,,,,820750008,CN,,5,1,9600,TU;ST;PLA,ST,0.035,0.020,KG,180,9,41,MM
2608577172,HSS PointTeQ Drill Bit 8.5mm,C,3165140906814,15.13,ZAR,Bosch,74,Accessories,A,,,0,Z5,,,,,,820750008,CN,,5,1,9600,TU;ST;PLA,ST,0.042,0.038,KG,180,9.5,41,MM
2608577173,HSS PointTeQ Drill Bit 9.0mm,A,3165140906821,15.65,ZAR,Bosch,74,Accessories,A,,,200,Z5,,,,,,820750008,CN,,5,1,7680,TU;ST;PLA,ST,0.047,0.045,KG,225,10,41,MM
2608577174,HSS PointTeQ Drill Bit 10.0mm,A,3165140906838,17.74,ZAR,Bosch,74,Accessories,A,,,200,Z5,,,,,,820750008,CN,,5,1,6400,TU;ST;PLA,ST,0.060,0.057,KG,225,10.5,41,MM
2608577175,HSS PointTeQ Drill Bit 11.0mm,A,3165140906845,20.87,ZAR,Bosch,74,Accessories,A,,,200,Z5,,,,,,820750008,CN,,5,1,4800,TU;ST;PLA,ST,0.075,0.071,KG,225,11,41,MM
2608577176,HSS PointTeQ Drill Bit 12.0mm,A,3165140906852,26.61,ZAR,Bosch,74,Accessories,A,,,200,Z5,,,,,,820750008,CN,,5,1,4800,TU;ST;PLA,ST,0.095,0.090,KG,225,12,41,MM
2608577177,HSS PointTeQ Drill Bit 151x13.0mm,A,3165140906869,31.82,ZAR,Bosch,74,Accessories,A,,,200,Z5,,,,,,820750008,CN,,5,1,3200,TU;ST;PLA,ST,0.100,0.095,KG,225,12,41,MM
2608577218,Twist Drill PointTeQ 5.0mm,C,3165140907279,75.13,ZAR,Bosch,74,Accessories,A,,,0,Z5,,,,,,820750008,CN,,1,10,3780,ST;PAL;LU,ST,0.120,0.090,KG,110,25,45,MM
2608577228,Twist Drill PointTeQ 6.0mm,A,3165140907378,93.91,ZAR,Bosch,74,Accessories,A,,,200,Z5,,,,,,820750008,CN,,1,10,3120,ST;PAL;LU,ST,0.164,0.135,KG,117,25,45,MM
2608577268,Twist Drill PointTeQ 10.0mm,A,3165140907774,159.65,ZAR,Bosch,74,Accessories,A,,,42,Z5,,,,,,820750008,CN,,1,10,900,ST;PAL;LU,ST,0.584,0.495,KG,157,40,40,MM
2608577305,Twist Drill PointTec 13.5mm,A,3165140908146,48.00,ZAR,Bosch,74,Accessories,A,,,42,Z5,,,,,,820750008,CN,,1,1,3600,ST;PLA;PA,ST,0.116,0.110,KG,225,15.5,41,MM
2608577306,Twist Drill PointTec 14.0mm,A,3165140908153,50.61,ZAR,Bosch,74,Accessories,A,,,195,Z5,,,,,,820750008,CN,,1,1,3200,ST;PLA;PA,ST,0.125,0.119,KG,225,16,41,MM
2608577307,Twist Drill PointTec 14.5mm,A,3165140908160,63.65,ZAR,Bosch,74,Accessories,A,,,33,Z5,,,,,,820750008,CN,,1,1,3200,ST;PLA;PA,ST,0.135,0.128,KG,260,15,47,MM
2608577308,Twist Drill PointTec 15.0mm,A,3165140908177,66.26,ZAR,Bosch,74,Accessories,A,,,59,Z5,,,,,,820750008,CN,,1,1,3000,ST;PLA;PA,ST,0.142,0.135,KG,260,16,47,MM
2608577309,Twist Drill PointTec 15.5mm,A,3165140908184,74.09,ZAR,Bosch,74,Accessories,A,,,5,Z5,,,,,,820750008,CN,,1,1,2560,ST;PLA;PA,ST,0.152,0.145,KG,260,16.5,47,MM
2608577310,Twist Drill PointTec 16.0mm,A,3165140908191,76.70,ZAR,Bosch,74,Accessories,A,,,76,Z5,,,,,,820750008,CN,,1,1,2400,ST;PLA;PA,ST,0.168,0.160,KG,260,17,47,MM
2608577311,Twist Drill PointTec 16.5mm,A,3165140908207,78.78,ZAR,Bosch,74,Accessories,A,,,12,Z5,,,,,,820750008,CN,,1,1,2400,ST;PLA;PA,ST,0.188,0.179,KG,260,17.5,47,MM
2608577312,Burghiu HSS Pointeq  17 mm,A,3165140908214,84.00,ZAR,Bosch,74,Accessories,A,,,132,Z5,,,,,,820750008,CN,,1,1,2100,ST;PLA;PA,ST,0.201,0.191,KG,260,18,47,MM
2608577313,Twist Drill PointTec 18.0mm,A,3165140908221,89.74,ZAR,Bosch,74,Accessories,A,,,47,Z5,,,,,,820750008,CN,,1,1,2100,ST;PLA;PA,ST,0.221,0.210,KG,260,20,50,MM
2608577314,Twist Drill PointTec 19.0mm,A,3165140908238,99.65,ZAR,Bosch,74,Accessories,A,,,16,Z5,,,,,,820750008,CN,,1,1,1800,ST;PLA;PA,ST,0.248,0.236,KG,260,20,45,MM
2608577315,Twist Drill PointTec 20.0mm,A,3165140908245,110.61,ZAR,Bosch,74,Accessories,A,,,19,Z5,,,,,,820750008,CN,,1,1,1500,ST;PLA;PA,ST,0.294,0.275,KG,260,20,47,MM
2608577347,Set Of Twist Drills PointTeQ 7pcs Mini X,A,3165140917650,62.09,ZAR,Bosch,74,Accessories,A,,,200,Z5,,,,,,820750008,CN,,1,7,1350,ST;PAL;LU,ST,0.200,0.189,KG,153,23,83,MM
2608577349,Set Of Twist Drills Twist Drill,B,3165140917674,72.52,ZAR,Bosch,74,Accessories,A,,,43,Z5,,,,,,820750008,CN,,1,13,2808,ST;SA;PAL,ST,0.125,0.125,KG,131,6.5,80,MM
2608577351,Set Of Twist Drills PointTeQ 19pcs ProBo,A,3165140917698,166.43,ZAR,Bosch,74,Accessories,A,,,90,Z5,,,,,,820750008,CN,,1,19,576,ST;PAL;LU,ST,0.512,0.448,KG,172,42,115,MM
2608577352,Set Of Twist Drills PointTeQ 25pcs ProBo,A,3165140917704,270.78,ZAR,Bosch,74,Accessories,A,,,200,Z5,,,,,,820750008,CN,,1,25,416,ST;PAL;LU,ST,1.150,1.045,KG,200,58,115,MM
2608577483,Cutter AnnularCutter14x35,C,6949509230560,463.82,ZAR,Bosch,74,Accessories,A,,,0,Z5,,,,,,820750008,CN,,1,1,3000,ST;PAL;LU,ST,0.075,0.074,KG,105,39,35,MM
2608577484,Cutter AnnularCutter16x35,C,6949509230577,469.04,ZAR,Bosch,74,Accessories,A,,,0,Z5,,,,,,820750008,CN,,1,1,3000,ST;PAL;LU,ST,0.079,0.078,KG,105,39,35,MM
2608577485,Cutter AnnularCutter18x35,C,6949509230584,495.13,ZAR,Bosch,74,Accessories,A,,,0,Z5,,,,,,820750008,CN,,1,1,3000,ST;PAL;LU,ST,0.080,0.079,KG,105,39,35,MM
2608577486,Cutter AnnularCutter20x35,A,6949509230591,505.57,ZAR,Bosch,74,Accessories,A,,,6,Z5,,,,,,820750008,CN,,1,1,3000,ST;PAL;LU,ST,0.089,0.088,KG,105,39,35,MM
2608577487,Cutter AnnularCutter22x35,C,6949509230607,521.22,ZAR,Bosch,74,Accessories,A,,,0,Z5,,,,,,820750008,CN,,1,1,3000,ST;PAL;LU,ST,0.095,0.094,KG,105,39,35,MM
2608577488,Cutter AnnularCutter24x35,A,6949509230614,547.30,ZAR,Bosch,74,Accessories,A,,,8,Z5,,,,,,820750008,CN,,1,1,3000,ST;PAL;LU,ST,0.105,0.104,KG,105,39,35,MM
2608577489,Cutter AnnularCutter26x35,A,6949509230621,583.82,ZAR,Bosch,74,Accessories,A,,,7,Z5,,,,,,820750008,CN,,1,1,3000,ST;PAL;LU,ST,0.112,0.111,KG,105,39,35,MM
2608577490,Cutter AnnularCutter28x35,A,6949509230638,615.13,ZAR,Bosch,74,Accessories,A,,,26,Z5,,,,,,820750008,CN,,1,1,2400,ST;PAL;LU,ST,0.128,0.116,KG,105,48,42,MM
2608577491,Cutter AnnularCutter30x35,A,6949509230645,651.65,ZAR,Bosch,74,Accessories,A,,,43,Z5,,,,,,820750008,CN,,1,1,2400,ST;PAL;LU,ST,0.137,0.125,KG,105,48,42,MM
2608577492,Cutter AnnularCutter32x35,A,6949509230652,782.09,ZAR,Bosch,74,Accessories,A,,,15,Z5,,,,,,820750008,CN,,1,1,2400,ST;PAL;LU,ST,0.150,0.138,KG,105,48,42,MM
2608577493,Cutter AnnularCutter35x35,A,6949509230669,834.26,ZAR,Bosch,74,Accessories,A,,,49,Z5,,,,,,820750008,CN,,1,1,2400,ST;PAL;LU,ST,0.170,0.158,KG,105,48,42,MM
2608577494,Cutter AnnularCutter40x35,A,6949509230676,938.61,ZAR,Bosch,74,Accessories,A,,,29,Z5,,,,,,820750008,CN,,1,1,1200,ST;PAL;LU,ST,0.205,0.190,KG,105,58,52,MM
2608577495,Cutter AnnularCutter14x50,A,6949509230683,521.22,ZAR,Bosch,74,Accessories,A,,,1,Z5,,,,,,820750008,CN,,1,1,3000,ST;PAL;LU,ST,0.080,0.079,KG,118,39,35,MM
2608577496,Cutter AnnularCutter16x50,A,6949509230690,547.30,ZAR,Bosch,74,Accessories,A,,,9,Z5,,,,,,820750008,CN,,1,1,3000,ST;PAL;LU,ST,0.087,0.086,KG,118,39,35,MM
2608577497,Cutter AnnularCutter18x50,A,6949509230706,573.39,ZAR,Bosch,74,Accessories,A,,,5,Z5,,,,,,820750008,CN,,1,1,3000,ST;PAL;LU,ST,0.091,0.090,KG,118,39,35,MM
2608577498,Cutter AnnularCutter20x50,A,6949509230713,599.48,ZAR,Bosch,74,Accessories,A,,,6,Z5,,,,,,820750008,CN,,1,1,3000,ST;PAL;LU,ST,0.099,0.098,KG,118,39,35,MM
2608577499,Cutter AnnularCutter22x50,A,6949509230720,625.57,ZAR,Bosch,74,Accessories,A,,,9,Z5,,,,,,820750008,CN,,1,1,3000,ST;PAL;LU,ST,0.107,0.106,KG,118,39,35,MM
2608577500,Cutter AnnularCutter24x50,A,6949509230737,677.74,ZAR,Bosch,74,Accessories,A,,,7,Z5,,,,,,820750008,CN,,1,1,3000,ST;PAL;LU,ST,0.119,0.118,KG,118,39,35,MM
2608577501,Cutter AnnularCutter26x50,A,6949509230744,703.82,ZAR,Bosch,74,Accessories,A,,,9,Z5,,,,,,820750008,CN,,1,1,3000,ST;PAL;LU,ST,0.126,0.125,KG,118,39,35,MM
2608577502,Cutter AnnularCutter28x50,A,6949509230751,729.91,ZAR,Bosch,74,Accessories,A,,,6,Z5,,,,,,820750008,CN,,1,1,2400,ST;PAL;LU,ST,0.144,0.132,KG,118,48,42,MM
2608577503,Cutter AnnularCutter30x50,A,6949509230768,782.09,ZAR,Bosch,74,Accessories,A,,,7,Z5,,,,,,820750008,CN,,1,1,2400,ST;PAL;LU,ST,0.156,0.144,KG,118,48,42,MM
2608577504,Cutter AnnularCutter32x50,A,6949509230775,808.18,ZAR,Bosch,74,Accessories,A,,,3,Z5,,,,,,820750008,CN,,1,1,2400,ST;PAL;LU,ST,0.169,0.157,KG,118,48,42,MM
2608577505,Cutter AnnularCutter35x50,A,6949509230782,860.35,ZAR,Bosch,74,Accessories,A,,,5,Z5,,,,,,820750008,CN,,1,1,2400,ST;PAL;LU,ST,0.192,0.180,KG,118,48,42,MM
2608577506,Cutter AnnularCutter40x50,A,6949509230799,938.61,ZAR,Bosch,74,Accessories,A,,,14,Z5,,,,,,820750008,CN,,1,1,1200,ST;PAL;LU,ST,0.231,0.216,KG,118,58,52,MM
2608577507,Cutter PINPL6035 6.34X90,A,6949509230805,51.65,ZAR,Bosch,74,Accessories,A,,,11,Z5,,,,,,731829001,CN,,1,1,3000,ST;PAL;LU,ST,0.037,0.032,KG,100.55,11,13,MM
2608577508,Cutter PINPL80358x90,A,6949509230812,51.65,ZAR,Bosch,74,Accessories,A,,,31,Z5,,,,,,731829001,CN,,1,1,3000,ST;PAL;LU,ST,0.047,0.042,KG,100.55,11,13,MM
2608577509,Cutter PINPL60506.34x106,C,6949509230829,62.09,ZAR,Bosch,74,Accessories,A,,,0,Z5,,,,,,731829001,CN,,1,1,3000,ST;PAL;LU,ST,0.045,0.040,KG,116,15,15.79,MM
2608577510,Cutter PINPL80508x106,A,6949509230836,62.09,ZAR,Bosch,74,Accessories,A,,,2,Z5,,,,,,731829001,CN,,1,1,3000,ST;PAL;LU,ST,0.060,0.055,KG,116,15,15.79,MM
2608578003,SDSmax hammer drill bit SDS Max-2 12x340,C,3165140900157,79.82,ZAR,Bosch,74,Accessories,A,,,0,Z5,,,,,,820750008,CN,,1,1,1200,ST;PAL;LU,ST,0.331,0.316,KG,411,22,45,MM
2608578005,SDSmax hammer drill bit SDS Max-2 14x340,C,3165140900171,82.43,ZAR,Bosch,74,Accessories,A,,,0,Z5,,,,,,820750008,CN,,1,1,120,ST;PAL;LU,ST,0.360,0.345,KG,411,22,45,MM
2608578007,SDSmax hammer drill bit SDS Max-2 16x340,A,3165140900195,87.65,ZAR,Bosch,74,Accessories,A,,,9,Z5,,,,,,820750008,CN,,1,1,990,ST;PAL;LU,ST,0.397,0.382,KG,411,22,45,MM
2608578010,SDSmax hammer drill bit SDS Max-2 18x340,C,3165140900225,100.70,ZAR,Bosch,74,Accessories,A,,,0,Z5,,,,,,820750008,CN,,1,1,990,ST;PAL;LU,ST,0.454,0.439,KG,411,22,45,MM
2608578013,SDSmax hammer drill bit SDS Max-2 18x540,C,3165140900256,143.48,ZAR,Bosch,74,Accessories,A,,,0,Z5,,,,,,820750008,CN,,1,1,640,ST;PAL;LU,ST,0.705,0.705,KG,611,22,45,MM
2608578014,SDS MAX-2 20x340MM,C,3165140900263,117.39,ZAR,Bosch,74,Accessories,A,,,0,Z5,,,,,,820750008,CN,,1,1,750,ST;PAL;LU,ST,0.490,0.475,KG,411,22,45,MM
2608578017,SDSmax hammer drill bit SDS Max-2 20x540,A,3165140900294,159.13,ZAR,Bosch,74,Accessories,A,,,47,Z5,,,,,,820750008,CN,,1,1,600,ST;PAL;LU,ST,0.807,0.792,KG,611,22,45,MM
2608578018,SDSmax hammer drill bit SDS Max-2 22x340,A,3165140900300,117.39,ZAR,Bosch,74,Accessories,A,,,29,Z5,,,,,,820750008,CN,,1,1,825,ST;PAL;LU,ST,0.497,0.482,KG,411,22,45,MM
2608578021,SDSmax hammer drill bit SDS Max-2 22x540,A,3165140900331,169.57,ZAR,Bosch,74,Accessories,A,,,7,Z5,,,,,,820750008,CN,,1,1,540,ST;PAL;LU,ST,0.850,0.835,KG,611,22,45,MM
2608578022,SDSmax hammer drill bit SDS Max-2 25x340,C,3165140900348,133.04,ZAR,Bosch,74,Accessories,A,,,0,Z5,,,,,,820750008,CN,,1,1,750,ST;PAL;LU,ST,0.559,0.544,KG,411,25,45,MM
2608578025,SDSmax hammer drill bit SDS Max-2 25x540,C,3165140900379,185.22,ZAR,Bosch,74,Accessories,A,,,0,Z5,,,,,,820750008,CN,,1,1,480,ST;PAL;LU,ST,0.927,0.912,KG,611,25,45,MM
2608578026,SDSmax hammer drill bit SDS Max-2 28x340,A,3165140900386,164.35,ZAR,Bosch,74,Accessories,A,,,10,Z5,,,,,,820750008,CN,,1,1,600,ST;PAL;LU,ST,0.708,0.693,KG,411,28,45,MM
2608578029,SDSmax hammer drill bit SDS Max-2 28x540,A,3165140900416,237.39,ZAR,Bosch,74,Accessories,A,,,3,Z5,,,,,,820750008,CN,,1,1,360,ST;PAL;LU,ST,1.020,1.005,KG,611,28,45,MM
2608578030,SDSmax hammer drill bit SDS Max-2 30x340,A,3165140900423,211.30,ZAR,Bosch,74,Accessories,A,,,3,Z5,,,,,,820750008,CN,,1,1,495,ST;PAL;LU,ST,0.893,0.878,KG,411,30,45,MM
2608578032,SDSmax hammer drill bit SDS Max-2 30x540,B,3165140900447,263.48,ZAR,Bosch,74,Accessories,A,,,1,Z5,,,,,,820750008,CN,,1,1,320,ST;PAL;LU,ST,1.137,1.122,KG,611,30,45,MM
2608578033,SDSmax hammer drill bit SDS Max-2 32x340,A,3165140900454,247.82,ZAR,Bosch,74,Accessories,A,,,10,Z5,,,,,,820750008,CN,,1,1,495,ST;PAL;LU,ST,0.972,0.957,KG,411,32,45,MM
2608578035,SDSmax hammer drill bit SDS Max-2 32x540,A,3165140900478,315.65,ZAR,Bosch,74,Accessories,A,,,8,Z5,,,,,,820750008,CN,,1,1,300,ST;PAL;LU,ST,1.290,1.275,KG,611,32,45,MM
2608578037,SDSmax hammer drill bit SDS Max-2 35x540,A,3165140900492,341.74,ZAR,Bosch,74,Accessories,A,,,18,Z5,,,,,,820750008,CN,,1,1,256,ST;PAL;LU,ST,1.467,1.452,KG,611,35,45,MM
2608578039,SDSmax hammer drill bit SDS Max-2 40x540,A,3165140900874,521.74,ZAR,Bosch,74,Accessories,A,,,8,Z5,,,,,,820750008,CN,,1,1,216,ST;PAL;LU,ST,1.656,1.641,KG,611,40,45,MM
2608578516,Pointed Chisel 1 pc SDS-Plus,A,3165140932257,30.78,ZAR,Bosch,74,Accessories,A,,,190,Z5,,,,,,820790006,CN,,10,1,1800,TU;ST;PAL,ST,0.240,0.230,KG,300,13,36,MM
2608578518,Cold Chisel 1 pc SDS-Plus,A,3165140932271,30.78,ZAR,Bosch,74,Accessories,A,,,200,Z5,,,,,,820790006,CN,,10,1,1800,TU;ST;PAL,ST,0.245,0.240,KG,300,13,36,MM
2608578613,SDSmax hammer drill bit 8X - 16X400X540,A,3165140961202,763.30,ZAR,Bosch,74,Accessories,A,,,15,Z7,,,,,,820750008,DE,,1,1,512,ST;PLA;PA,ST,0.682,0.648,KG,580,30,30,MM
2608579413,SDS plus-1 4-flute 5.0 x 50 x 110 mm,A,3165140985352,13.57,ZAR,Bosch,74,Accessories,A,,,86,Z5,,,,,,820750008,CN,,20,1,,TU;ST;PAL,ST,0.036,0.035,KG,185,14.5,45,MM
2608579414,SDS plus-1 4-flute 5.0 x 100 x 160 mm,A,3165140985369,14.09,ZAR,Bosch,74,Accessories,A,,,200,Z5,,,,,,820750008,CN,,20,1,,TU;ST;PAL,ST,0.042,0.023,KG,235,14.5,45,MM
2608579417,SDS plus-1 4-flute 6.0 x 50 x 110 mm,A,3165140985390,14.09,ZAR,Bosch,74,Accessories,A,,,200,Z5,,,,,,820750008,CN,,20,1,,TU;ST;PAL,ST,0.040,0.035,KG,185,14.5,45,MM
2608579418,SDS plus-1 4-flute 6.0 x 100 x 160 mm,A,3165140985406,14.61,ZAR,Bosch,74,Accessories,A,,,200,Z5,,,,,,820750008,CN,,20,1,9000,TU;ST;PAL,ST,0.048,0.040,KG,235,14.5,45,MM
2608579419,SDS plus-1 4-flute 6.0 x 150 x 210 mm,A,3165140985413,18.26,ZAR,Bosch,74,Accessories,A,,,83,Z5,,,,,,820750008,CN,,20,1,8000,TU;ST;PAL,ST,0.052,0.045,KG,285,14.5,45,MM
2608579421,SDS plus-1 4-flute 6.5 x 100 x 160 mm,A,3165140985437,15.13,ZAR,Bosch,74,Accessories,A,,,200,Z5,,,,,,820750008,CN,,20,1,9000,TU;ST;PAL,ST,0.047,0.045,KG,235,14.5,45,MM
2608579423,SDS plus-1 4-flute 7.0 x 100 x 160 mm,C,3165140985451,15.65,ZAR,Bosch,74,Accessories,A,,,0,Z5,,,,,,820750008,CN,,20,1,9000,TU;ST;PAL,ST,0.046,0.045,KG,235,14.5,45,MM
2608579424,SDS plus-1 4-flute 8.0 x 50 x 110 mm,A,3165140985468,14.61,ZAR,Bosch,74,Accessories,A,,,98,Z5,,,,,,820750008,CN,,20,1,,TU;ST;PAL,ST,0.049,0.049,KG,185,14.5,45,MM
2608579425,SDS plus-1 4-flute 8.0 x 100 x 160 mm,A,3165140985475,16.18,ZAR,Bosch,74,Accessories,A,,,200,Z5,,,,,,820750008,CN,,20,1,8000,TU;ST;PAL,ST,0.054,0.045,KG,235,14.5,45,MM
2608579426,SDS plus-1 4-flute 8.0 x 150 x 210 mm,A,3165140985482,19.30,ZAR,Bosch,74,Accessories,A,,,200,Z5,,,,,,820750008,CN,,20,1,4200,TU;ST;PAL,ST,0.072,0.050,KG,285,14.5,45,MM
2608579427,SDS plus-1 4-flute 8.0 x 200 x 260 mm,A,3165140985499,23.48,ZAR,Bosch,74,Accessories,A,,,73,Z5,,,,,,820750008,CN,,20,1,4900,TU;ST;PAL,ST,0.078,0.060,KG,335,14.5,45,MM
2608579430,SDS plus-1 4-flute 10 x 100 x 160 mm,B,3165140985529,20.35,ZAR,Bosch,74,Accessories,A,,,18,Z5,,,,,,820750008,CN,,20,1,6720,TU;ST;PAL,ST,0.075,0.073,KG,235,14.5,45,MM
2608579431,SDS plus-1 4-flute 10 x 150 x 210 mm,A,3165140985536,23.48,ZAR,Bosch,74,Accessories,A,,,200,Z5,,,,,,820750008,CN,,20,1,5460,TU;ST;PAL,ST,0.085,0.080,KG,285,14.5,45,MM
2608579432,SDS plus-1 4-flute 10 x 200 x 260 mm,A,3165140985543,27.65,ZAR,Bosch,74,Accessories,A,,,50,Z5,,,,,,820750008,CN,,20,1,4320,TU;ST;PAL,ST,0.099,0.090,KG,335,14.5,45,MM
2608579433,SDS plus-1 4-flute 10 x 400 x 460 mm,A,3165140985550,51.13,ZAR,Bosch,74,Accessories,A,,,24,Z5,,,,,,820750008,CN,,20,1,2760,TU;ST;PAL,ST,0.161,0.160,KG,535,14.5,45,MM
2608579434,SDS plus-1 4-flute 12 x 100 x 160 mm,A,3165140985567,22.96,ZAR,Bosch,74,Accessories,A,,,77,Z5,,,,,,820750008,CN,,10,1,5760,TU;ST;PAL,ST,0.074,0.074,KG,235,14.5,45,MM
2608579435,SDS plus-1 4-flute 12 x 150 x 210 mm,C,3165140985574,26.61,ZAR,Bosch,74,Accessories,A,,,0,Z5,,,,,,820750008,CN,,10,1,4320,TU;ST;PAL,ST,0.097,0.090,KG,285,14.5,45,MM
2608579436,SDS plus-1 4-flute 12 x 200 x 260 mm,A,3165140985581,30.26,ZAR,Bosch,74,Accessories,A,,,200,Z5,,,,,,820750008,CN,,10,1,3840,TU;ST;PAL,ST,0.120,0.118,KG,335,14.5,45,MM
2608579437,SDS plus-1 4-flute 12 x 400 x 460 mm,A,3165140985598,55.82,ZAR,Bosch,74,Accessories,A,,,36,Z5,,,,,,820750008,CN,,10,1,1800,TU;ST;PAL,ST,0.220,0.180,KG,535,14.5,45,MM
2608579439,SDS plus-1 4-flute 14 x 100 x 160 mm,A,3165140985611,28.18,ZAR,Bosch,74,Accessories,A,,,119,Z5,,,,,,820750008,CN,,10,1,4320,TU;ST;PAL,ST,0.098,0.080,KG,235,14.5,45,MM
2608579440,SDS plus-1 4-flute 14 x 150 x 210 mm,A,3165140985628,32.35,ZAR,Bosch,74,Accessories,A,,,14,Z5,,,,,,820750008,CN,,10,1,3510,TU;ST;PAL,ST,0.128,0.100,KG,285,14.5,45,MM
2608579441,SDS plus-1 4-flute 14 x 200 x 260 mm,A,3165140985635,35.48,ZAR,Bosch,74,Accessories,A,,,25,Z5,,,,,,820750008,CN,,10,1,2880,TU;ST;PAL,ST,0.153,0.120,KG,335,14.5,45,MM
2608579442,SDS plus-1 4-flute 14 x 400 x 460 mm,A,3165140985642,66.78,ZAR,Bosch,74,Accessories,A,,,29,Z5,,,,,,820750008,CN,,10,1,1600,TU;ST;PAL,ST,0.284,0.240,KG,535,14.5,45,MM
2608579443,SDS plus-1 4-flute 16 x 150 x 210 mm,A,3165140985659,41.22,ZAR,Bosch,74,Accessories,A,,,200,Z5,,,,,,820750008,CN,,10,1,2880,TU;ST;PAL,ST,0.162,0.120,KG,285,14.5,45,MM
2608579444,SDS plus-1 4-flute 16 x 250 x 310 mm,A,3165140985666,51.13,ZAR,Bosch,74,Accessories,A,,,41,Z5,,,,,,820750008,CN,,10,1,1800,TU;ST;PAL,ST,0.242,0.240,KG,385,14.5,45,MM
2608579445,SDS plus-1 4-flute 16 x 400 x 460 mm,A,3165140985673,76.70,ZAR,Bosch,74,Accessories,A,,,94,Z5,,,,,,820750008,CN,,10,1,1200,TU;ST;PAL,ST,0.360,0.260,KG,535,14.5,45,MM
2608579446,SDS plus-1 4-flute 18 x 200 x 260 mm,A,3165140985680,62.09,ZAR,Bosch,74,Accessories,A,,,36,Z5,,,,,,820750008,CN,,10,1,1800,TU;ST;PAL,ST,0.259,0.220,KG,335,14.5,45,MM
2608579447,SDS plus-1 4-flute 18 x 400 x 450 mm,A,3165140985697,87.13,ZAR,Bosch,74,Accessories,A,,,16,Z5,,,,,,820750008,CN,,10,1,1120,TU;ST;PAL,ST,0.477,0.400,KG,535,14.5,45,MM
2608579448,SDS plus-1 4-flute 20 x 200 x 260 mm,A,3165140985703,76.70,ZAR,Bosch,74,Accessories,A,,,48,Z5,,,,,,820750008,CN,,10,1,1600,TU;ST;PAL,ST,0.313,0.276,KG,335,14.5,56,MM
2608579450,SDS plus-1 4-flute 22 x 200 x 250 mm,A,3165140985727,87.13,ZAR,Bosch,74,Accessories,A,,,24,Z5,,,,,,820750008,CN,,10,1,1350,TU;ST;PAL,ST,0.337,0.330,KG,335,14.5,56,MM
2608579453,SDS plus-1 4-flute 25 x 400 x 450 mm,A,3165140985758,148.18,ZAR,Bosch,74,Accessories,A,,,23,Z5,,,,,,820750008,CN,,10,1,600,TU;ST;PAL,ST,0.766,0.710,KG,535,14.5,56,MM
2608579916,11PCS SDS PLUS-3 AND CHISELS SET,C,4059952523149,572.35,ZAR,Bosch,74,Accessories,A,,,0,Z5,,,,,,820750008,CN,,1,11,144,ST;PAL;LU,ST,1.535,0.900,KG,270,64.5,210.5,MM
2608580519,SDS-Max-9  CoreCutter  Ø50mm  two piece,A,3165140557740,1568.35,ZAR,Bosch,74,Accessories,A,,,8,Z5,,,,,,820750008,DE,,1,1,576,ST;PLA;PA,ST,0.808,0.768,KG,255,68,68,MM
2608580521,SDS-Max-9  CoreCutter  Ø68mm  two piece,A,3165140557764,1636.18,ZAR,Bosch,74,Accessories,A,,,6,Z5,,,,,,820750008,DE,,1,1,392,ST;PLA;PA,ST,1.052,1.000,KG,175,90,90,MM
2608580522,SDS-Max 9 Core Cutter  82 x 80 mm,A,3165140557771,1976.87,ZAR,Bosch,74,Accessories,A,,,5,Z5,,,,,,820750008,DE,,1,1,175,ST;PLA;PA,ST,1.297,1.232,KG,255,93,93,MM
2608580523,SDS-Max-9  CoreCutter  Ø90mm  two piece,A,3165140557788,2250.26,ZAR,Bosch,74,Accessories,A,,,3,Z5,,,,,,820750008,DE,,1,1,288,ST;PLA;PA,ST,1.432,1.360,KG,220,120,120,MM
2608580524,SDS-Max-9  CoreCutter  Ø100mm  two piece,A,3165140557795,2659.30,ZAR,Bosch,74,Accessories,A,,,6,Z5,,,,,,820750008,DE,,1,1,224,ST;PLA;PA,ST,1.714,1.629,KG,220,110,110,MM
2608580525,SDS-Max 9 Core Cutter  125 x 80 mm,A,3165140557801,2999.48,ZAR,Bosch,74,Accessories,A,,,12,Z5,,,,,,820750008,DE,,1,1,80,ST;PLA;PA,ST,2.299,2.184,KG,170,140,140,MM
2608580528,SDS-Max-9  CoreCutter Adapter 460mm,A,3165140560047,886.43,ZAR,Bosch,74,Accessories,A,,,9,Z5,,,,,,846610006,DE,,1,1,360,ST;PLA;PA,ST,1.128,1.072,KG,555,23,42,MM
2608580804,9pc LPP Electricians Holesaw Set,C,3165140641449,576.00,ZAR,Bosch,74,Accessories,A,,,0,Z5,,,,,,820790006,CN,,1,8,270,ST;PAL;LU,ST,1.100,0.740,KG,245,65,160,MM
2608580881,Hole Saw Set,A,3165140704649,1549.04,ZAR,Bosch,74,Accessories,A,,,4,Z7,,,,,,820790006,CN,,1,9,64,ST;PAL;LU,ST,2.358,2.220,KG,351,103,215,MM
2608584101,19 MM BI-METAL HOLESAW,A,3165140087414,50.09,ZAR,Bosch,74,Accessories,A,,,1,Z7,,,,,,820790006,CN,,1,1,1728,ST;PAL;LU,ST,0.040,0.040,KG,64,35,60,MM
2608584103,21 MM BI-METAL HOLESAW,A,3165140087438,56.35,ZAR,Bosch,74,Accessories,A,,,7,Z7,,,,,,820790006,CN,,1,1,1728,ST;PAL;LU,ST,0.044,0.044,KG,63,34,57,MM
2608584106,27 MM BI-METAL HOLESAW,A,3165140087469,61.57,ZAR,Bosch,74,Accessories,A,,,6,Z7,,,,,,820790006,CN,,1,1,1728,ST;PAL;LU,ST,0.060,0.060,KG,65,35,60,MM
2608584107,29 MM BI-METAL HOLESAW,A,3165140087476,63.13,ZAR,Bosch,74,Accessories,A,,,1,Z7,,,,,,820790006,CN,,1,1,1728,ST;PAL;LU,ST,0.068,0.068,KG,63,35,60,MM
2608584108,30MM BI-METAL HOLESAW,A,3165140087483,53.22,ZAR,Bosch,74,Accessories,A,,,200,Z7,,,,,,820790006,CN,,1,1,1728,ST;PAL;LU,ST,0.070,0.070,KG,63,34,60,MM
2608584109,32 MM BI-METAL HOLESAW,A,3165140087490,56.35,ZAR,Bosch,74,Accessories,A,,,3,Z7,,,,,,820790006,CN,,1,1,1728,ST;PAL;LU,ST,0.098,0.097,KG,64,35,60,MM
2608584110,35 MM BI-METAL HOLESAW,A,3165140087506,57.91,ZAR,Bosch,74,Accessories,A,,,3,Z7,,,,,,820790006,CN,,1,1,1568,ST;PAL;LU,ST,0.110,0.105,KG,75,45,55,MM
2608584112,40 MM BI-METAL HOLESAW,A,3165140087520,82.96,ZAR,Bosch,74,Accessories,A,,,1,Z7,,,,,,820790006,CN,,1,1,1568,ST;PAL;LU,ST,0.092,0.090,KG,74,46,53,MM
2608584113,41 MM BI-METAL HOLESAW,A,3165140087537,89.22,ZAR,Bosch,74,Accessories,A,,,8,Z7,,,,,,820790006,CN,,1,1,1568,ST;PAL;LU,ST,0.100,0.095,KG,76,48,62,MM
2608584117,51 MM BI-METAL HOLESAW,A,3165140087575,77.74,ZAR,Bosch,74,Accessories,A,,,2,Z7,,,,,,820790006,CN,,1,1,1350,ST;PAL;LU,ST,0.140,0.135,KG,87,53,60,MM
2608584125,76 MM BI-METAL HOLESAW,A,3165140087650,104.35,ZAR,Bosch,74,Accessories,A,,,116,Z7,,,,,,820790006,CN,,1,1,432,ST;PAL;LU,ST,0.265,0.265,KG,120,50,93,MM
2608584126,79 MM BI-METAL HOLESAW,A,3165140087667,147.13,ZAR,Bosch,74,Accessories,A,,,2,Z7,,,,,,820790006,CN,,1,1,432,ST;PAL;LU,ST,0.305,0.290,KG,130,40,80,MM
2608584130,95 MM BI-METAL HOLESAW,A,3165140087704,166.43,ZAR,Bosch,74,Accessories,A,,,1,Z7,,,,,,820790006,CN,,1,1,320,ST;PAL;LU,ST,0.419,0.419,KG,152,50,125,MM
2608584131,102 MM BI-METAL HOLESAW,A,3165140087711,175.82,ZAR,Bosch,74,Accessories,A,,,2,Z7,,,,,,820790006,CN,,1,1,320,ST;PAL;LU,ST,0.440,0.440,KG,154,54,125,MM
2608584133,114 MM BI-METAL HOLESAW,A,3165140087735,208.18,ZAR,Bosch,74,Accessories,A,,,5,Z7,,,,,,820790006,CN,,1,1,320,ST;PAL;LU,ST,0.550,0.550,KG,151,51,121,MM
2608584134,121 MM BI-METAL HOLESAW,A,3165140087742,220.70,ZAR,Bosch,74,Accessories,A,,,5,Z7,,,,,,820790006,CN,,1,1,320,ST;PAL;LU,ST,0.590,0.590,KG,154,55,125,MM
2608584135,108 MM BI-METAL HOLESAW,A,3165140096607,188.35,ZAR,Bosch,74,Accessories,A,,,5,Z7,,,,,,820790006,CN,,1,1,320,ST;PAL;LU,ST,0.510,0.485,KG,150,55,125,MM
2608584136,127 MM BI-METAL HOLESAW,A,3165140096614,240.00,ZAR,Bosch,74,Accessories,A,,,4,Z7,,,,,,820790006,CN,,1,1,228,ST;PAL;LU,ST,0.671,0.670,KG,183,54,155,MM
2608584137,Hole Saw SH 140MM BO,A,3165140096621,255.13,ZAR,Bosch,74,Accessories,A,,,5,Z7,,,,,,820790006,CN,,1,1,234,ST;PAL;LU,ST,0.800,0.447,KG,181,54,155,MM
2608584138,152 MM BI-METAL HOLESAW,A,3165140096638,286.43,ZAR,Bosch,74,Accessories,A,,,2,Z7,,,,,,820790006,CN,,1,1,264,ST;PAL;LU,ST,0.880,0.761,KG,182,50,155,MM
2608584682,Adapter SET 6 TEILIG,C,3165140262705,63.13,ZAR,Bosch,74,Accessories,A,,,0,Z5,,,,,,732690907,CN,,1,6,2160,ST;PAL;LU,ST,0.190,0.188,KG,195,20,100,MM
2608584850,Hole Saw SH 86MM BO,A,3165140429634,156.52,ZAR,Bosch,74,Accessories,A,,,13,Z7,,,,,,820790006,CN,,1,1,432,ST;PAL;LU,ST,0.320,0.320,KG,122,53,94,MM
2608585694,AUGER DRILL BIT 6x100x160mm,C,3165140488648,33.91,ZAR,Bosch,74,Accessories,A,,,0,Z5,,,,,,820750008,CN,,1,1,4800,ST;PAL;LU,ST,0.025,0.025,KG,200,20,40,MM
2608585695,AUGER DRILL BIT 7x100x160mm,C,3165140488655,36.52,ZAR,Bosch,74,Accessories,A,,,0,Z5,,,,,,820750008,CN,,1,1,4800,ST;PAL;LU,ST,0.035,0.035,KG,200,20,40,MM
2608585696,AUGER DRILL BIT 8x100x160mm,C,3165140488662,38.09,ZAR,Bosch,74,Accessories,A,,,0,Z5,,,,,,820750008,CN,,1,1,4800,ST;PAL;LU,ST,0.045,0.045,KG,200,20,40,MM
2608585697,AUGER DRILL BIT 10x100x160mm,C,3165140488679,42.78,ZAR,Bosch,74,Accessories,A,,,0,Z5,,,,,,820750008,CN,,1,1,4800,ST;PAL;LU,ST,0.055,0.055,KG,200,20,40,MM
2608585698,AUGER DRILL BIT 11x100x160mm,C,3165140488686,49.57,ZAR,Bosch,74,Accessories,A,,,0,Z5,,,,,,820750008,CN,,1,1,4800,ST;PAL;LU,ST,0.055,0.055,KG,200,20,40,MM
2608585699,AUGER DRILL BIT 12x100x160mm,C,3165140488693,46.96,ZAR,Bosch,74,Accessories,A,,,0,Z5,,,,,,820750008,CN,,1,1,4800,ST;PAL;LU,ST,0.065,0.065,KG,200,20,40,MM
2608585700,AUGER DRILL BIT 13x100x160mm,C,3165140488709,57.91,ZAR,Bosch,74,Accessories,A,,,0,Z5,,,,,,820750008,CN,,1,1,4800,ST;PAL;LU,ST,0.078,0.078,KG,200,20,40,MM
2608585701,AUGER DRILL BIT 14x100x160mm,C,3165140488716,62.61,ZAR,Bosch,74,Accessories,A,,,0,Z5,,,,,,820750008,CN,,1,1,4800,ST;PAL;LU,ST,0.110,0.110,KG,200,20,40,MM
2608585705,AUGER DRILL BIT 20x100x160mm,C,3165140488754,88.70,ZAR,Bosch,74,Accessories,A,,,0,Z5,,,,,,820750008,CN,,1,1,1440,ST;PAL;LU,ST,0.190,0.180,KG,270,30,40,MM
2608585706,AUGER DRILL BIT 22x100x160mm,C,3165140488761,103.30,ZAR,Bosch,74,Accessories,A,,,0,Z5,,,,,,820750008,CN,,1,1,1200,ST;PAL;LU,ST,0.233,0.233,KG,275,40,40,MM
2608585707,AUGER DRILL BIT 24x100x160mm,C,3165140488778,117.39,ZAR,Bosch,74,Accessories,A,,,0,Z5,,,,,,820750008,CN,,1,1,1200,ST;PAL;LU,ST,0.259,0.259,KG,270,40,40,MM
2608585708,AUGER DRILL BIT 25x100x160mm,C,3165140488785,126.26,ZAR,Bosch,74,Accessories,A,,,0,Z5,,,,,,820750008,CN,,1,1,1200,ST;PAL;LU,ST,0.256,0.256,KG,270,40,40,MM
2608585709,AUGER DRILL BIT 26x100x160mm,A,3165140488792,137.22,ZAR,Bosch,74,Accessories,A,,,6,Z3,,,,,,820750008,CN,,1,1,1200,ST;PAL;LU,ST,0.276,0.276,KG,272,42,44,MM
2608585710,AUGER DRILL BIT 28x100x160mm,C,3165140488808,157.04,ZAR,Bosch,74,Accessories,A,,,0,Z5,,,,,,820750008,CN,,1,1,1280,ST;PAL;LU,ST,0.275,0.275,KG,272,42,44,MM
2608585711,AUGER DRILL BIT 30x100x160mm,C,3165140488815,157.57,ZAR,Bosch,74,Accessories,A,,,0,Z5,,,,,,820750008,CN,,1,1,1280,ST;PAL;LU,ST,0.300,0.300,KG,272,42,44,MM
2608585712,AUGER DRILL BIT 32x100x160mm,C,3165140488822,174.26,ZAR,Bosch,74,Accessories,A,,,0,Z5,,,,,,820750008,CN,,1,1,1280,ST;PAL;LU,ST,0.320,0.320,KG,272,42,44,MM
2608585713,AUGER DRILL BIT 160mm,C,3165140488839,48.52,ZAR,Bosch,74,Accessories,A,,,0,Z5,,,,,,820750008,CN,,1,1,3600,ST;PAL;LU,ST,0.055,0.055,KG,295,21,29,MM
2608585838,Drill bit 1 0mm HSS-Co (1pack),A,3165140520737,11.48,ZAR,Bosch,74,Accessories,A,,,47,Z5,,,,,,820750008,CN,,5,1,,TU;ST;PLA,ST,0.004,0.004,KG,147,6,42,MM
2608585839,Drill bit 1 5mm HSS-Co (1pack),A,3165140520744,12.00,ZAR,Bosch,74,Accessories,A,,,76,Z5,,,,,,820750008,CN,,5,1,8960,TU;ST;PLA,ST,0.010,0.010,KG,147,6,42,MM
2608585840,Drill bit 2 0mm HSS-Co (1pack),A,3165140520751,12.00,ZAR,Bosch,74,Accessories,A,,,200,Z5,,,,,,820750008,CN,,5,1,,TU;ST;PLA,ST,0.005,0.005,KG,146,4.9,41,MM
2608585841,Drill bit 2 5mm HSS-Co (1pack),A,3165140520768,12.52,ZAR,Bosch,74,Accessories,A,,,200,Z5,,,,,,820750008,CN,,5,1,9600,TU;ST;PLA,ST,0.006,0.006,KG,146,4.9,41,MM
2608585842,HSS-Co DIN338: 3 0x33x61,A,3165140520775,14.09,ZAR,Bosch,74,Accessories,A,,,200,Z5,,,,,,820750008,CN,,5,1,,TU;ST;PLA,ST,0.007,0.006,KG,147,6,42,MM
2608585843,Drill bit 3 2mm HSS-Co (1pack),A,3165140520782,16.18,ZAR,Bosch,74,Accessories,A,,,125,Z5,,,,,,820750008,CN,,5,1,,TU;ST;PLA,ST,0.007,0.007,KG,147,6,42,MM
2608585845,Drill bit 3 5mm HSS-Co (1pack),A,3165140520805,16.70,ZAR,Bosch,74,Accessories,A,,,194,Z5,,,,,,820750008,CN,,5,1,,TU;ST;PLA,ST,0.008,0.008,KG,147,6,42,MM
2608585846,Drill bit 4 0mm HSS-Co (1pack),A,3165140520812,19.30,ZAR,Bosch,74,Accessories,A,,,200,Z5,,,,,,820750008,CN,,5,1,,TU;ST;PLA,ST,0.005,0.005,KG,147,5,42,MM
2608585848,Drill bit 4 2mm HSS-Co (1pack),A,3165140520836,24.00,ZAR,Bosch,74,Accessories,A,,,55,Z5,,,,,,820750008,CN,,5,1,,TU;ST;PLA,ST,0.010,0.009,KG,147,6,42,MM
2608585849,Drill bit METALL 4 5mm HSS-Co (1pack),A,3165140520843,24.52,ZAR,Bosch,74,Accessories,A,,,200,Z5,,,,,,820750008,CN,,5,1,,TU;ST;PLA,ST,0.011,0.010,KG,147,6,42,MM
2608585850,Drill bit METALL 4 8mm HSS-Co (1pack),A,3165140520850,26.09,ZAR,Bosch,74,Accessories,A,,,200,Z5,,,,,,820750008,CN,,5,1,,TU;ST;PLA,ST,0.012,0.010,KG,147,6,42,MM
2608585851,Drill bit 5 0mm HSS-Co (1pack),A,3165140520867,26.09,ZAR,Bosch,74,Accessories,A,,,200,Z5,,,,,,820750008,CN,,5,1,,TU;ST;PLA,ST,0.013,0.012,KG,147,6,42,MM
2608585854,HSS-Co DIN338: 5 5x57x93,A,3165140520898,32.35,ZAR,Bosch,74,Accessories,A,,,126,Z5,,,,,,820750008,CN,,1,1,,ST;PLA;PA,ST,0.016,0.015,KG,181,7,42,MM
2608585855,HSS-Co DIN338: 6 0x57x93,A,3165140520904,34.96,ZAR,Bosch,74,Accessories,A,,,200,Z5,,,,,,820750008,CN,,1,1,,ST;PLA;PA,ST,0.019,0.018,KG,181,7,42,MM
2608585856,Drill bit 6 5mm HSS-Co (1pack),A,3165140520911,39.65,ZAR,Bosch,74,Accessories,A,,,34,Z5,,,,,,820750008,CN,,1,1,,ST;PLA;PA,ST,0.029,0.025,KG,181,8,42,MM
2608585858,Drill bit 7 0mm HSS-Co (1pack),A,3165140520935,42.26,ZAR,Bosch,74,Accessories,A,,,24,Z5,,,,,,820750008,CN,,1,1,,ST;PLA;PA,ST,0.031,0.028,KG,181,8,42,MM
2608585860,Drill bit 8 0mm HSS-Co (1pack),C,3165140520959,53.22,ZAR,Bosch,74,Accessories,A,,08.29.2026,3,Z5,,,,,,820750008,CN,,1,1,,ST;PLA;PA,ST,0.038,0.035,KG,181,9,42,MM
2608585861,Drill bit 8 5mm HSS-Co (1pack),C,3165140520966,58.96,ZAR,Bosch,74,Accessories,A,,,0,Z5,,,,,,820750008,CN,,1,1,,ST;PLA;PA,ST,0.041,0.040,KG,181,10,42,MM
2608585862,Drill bit 9 0mm HSS-Co (1pack),C,3165140520973,69.91,ZAR,Bosch,74,Accessories,A,,,0,Z5,,,,,,820750008,CN,,1,1,8640,ST;PLA;PA,ST,0.048,0.046,KG,226,10,42,MM
2608585864,Drill bit 10 0mm HSS-Co (1pack),A,3165140520997,84.52,ZAR,Bosch,74,Accessories,A,,,95,Z5,,,,,,820750008,CN,,1,1,6400,ST;PLA;PA,ST,0.066,0.062,KG,225,10,41,MM
2608585867,Drill bit METALL 11 0mm HSS-Co (1pack),A,3165140521024,105.39,ZAR,Bosch,74,Accessories,A,,,3,Z5,,,,,,820750008,CN,,1,1,6400,ST;PLA;PA,ST,0.048,0.045,KG,226,12,42,MM
2608585868,Drill bit METALL 11 5mm HSS-Co (1pack),A,3165140521031,132.00,ZAR,Bosch,74,Accessories,A,,,56,Z5,,,,,,820750008,CN,,1,1,5760,ST;PLA;PA,ST,0.081,0.077,KG,226,13,42,MM
2608585869,Drill bit 12 0mm HSS-Co (1pack),A,3165140521048,159.13,ZAR,Bosch,74,Accessories,A,,,142,Z5,,,,,,820750008,CN,,1,1,4800,ST;PLA;PA,ST,0.090,0.086,KG,226,13,42,MM
2608585870,Drill bit METALL 12 5mm HSS-Co (1pack),C,3165140521055,180.00,ZAR,Bosch,74,Accessories,A,,,0,Z5,,,,,,820750008,CN,,1,1,4800,ST;PLA;PA,ST,0.097,0.092,KG,226,14,42,MM
2608585871,Drill bit 13 0mm HSS-Co (1pack),A,3165140521062,211.30,ZAR,Bosch,74,Accessories,A,,,47,Z5,,,,,,820750008,CN,,1,1,4000,ST;PLA;PA,ST,0.105,0.105,KG,226,14,42,MM
2608585920,4 5mm HSS-G (1pack),A,3165140521550,15.65,ZAR,Bosch,74,Accessories,A,,,2,Z7,,,,,,820750008,CN,,5,1,,TU;ST;PLA,ST,0.010,0.010,KG,147,6,42,MM
2608586806,Rotary hammer bit HAMMERBOHRER,A,3165140565882,3069.91,ZAR,Bosch,74,Accessories,A,,,5,Z5,,,,,,820750008,DE,,1,1,250,ST;PLA;PA,ST,1.506,1.430,KG,580,80,80,MM
2608586807,SDS-Max 52x400x520,A,3165140565899,3918.78,ZAR,Bosch,74,Accessories,A,,,5,Z5,,,,,,820750008,DE,,1,1,128,ST;PLA;PA,ST,2.931,2.785,KG,570,80,80,MM
2608586995,SDS-Plus 9 Rebar Cutter  18 x 120 x 300,A,3165140576680,415.82,ZAR,Bosch,74,Accessories,A,,,7,Z5,,,,,,820750008,CN,,1,1,1200,ST;PAL;LU,ST,0.369,0.330,KG,375,38,40,MM
2608586997,SDS-Plus 9 Rebar Cutter  22 x 120 x 300,A,3165140576703,485.74,ZAR,Bosch,74,Accessories,A,,,7,Z5,,,,,,820750008,CN,,1,1,900,ST;PAL;LU,ST,0.526,0.370,KG,370,40,40,MM
2608586998,SDS-Plus 9 Rebar Cutter  25 x 120 x 300,A,3165140576710,514.96,ZAR,Bosch,74,Accessories,A,,,2,Z5,,,,,,820750008,CN,,1,1,800,ST;PAL;LU,ST,0.580,0.475,KG,370,40,40,MM
2608586999,SDS-Plus 9 Rebar Cutter  28 x 120 x 300,A,3165140576727,556.70,ZAR,Bosch,74,Accessories,A,,,8,Z5,,,,,,820750008,CN,,1,1,700,ST;PAL;LU,ST,0.695,0.490,KG,370,40,40,MM
2608587014,Metal Drill Bits Set HSS-Co 19pcs,C,3165140689786,678.26,ZAR,Bosch,74,Accessories,A,,,0,Z5,,,,,,820750008,CN,,1,19,576,ST;PAL;LU,ST,0.540,0.448,KG,171,40,116,MM
2608587018,Metal Drill Bits Set HSS-Co 25pcs,B,3165140689823,1304.35,ZAR,Bosch,74,Accessories,A,,,1,Z5,,,,,,820750008,CN,,1,25,432,ST;PAL;LU,ST,1.190,1.045,KG,200,55,115,MM
2608587142,EasyDry Diamond Bit 10mm,A,3165140577946,426.26,ZAR,Bosch,74,Accessories,A,,,3,Z7,,,,,,680421004,KR,,1,1,2160,ST;PLA;PA,ST,0.118,0.112,KG,135,50,50,MM
2608587143,EasyDry Diamond Bit 12mm,A,3165140577953,461.74,ZAR,Bosch,74,Accessories,A,,,8,Z7,,,,,,680421004,VN,,1,1,2025,ST;PLA;PA,ST,0.159,0.151,KG,135,50,50,MM
2608587146,CYL-9 MultiC  4 x 40 x 75,A,3165140587594,337.04,ZAR,Bosch,74,Accessories,A,,,1,Z7,,,,,,820750008,DE,,1,10,6300,ST;PLA;PA,ST,0.066,0.063,KG,105,15,40,MM
2608587158,Tile drill bit CYL-9 Ceramic  4 x 70 mm,A,3165140599191,62.09,ZAR,Bosch,74,Accessories,A,,,6,Z7,,,,,,820750008,CN,,5,1,9000,TU;ST;PAL,ST,0.008,0.005,KG,160,4,52,MM
2608587159,Bosch Expert Diamond Bit For Ceramic 5Mm,B,3165140599207,65.22,ZAR,Bosch,74,Accessories,A,,,1,Z5,,,,,,820750008,CN,,5,1,,TU;ST;PAL,ST,0.011,0.007,KG,155,5,45,MM
2608587163,Bosch Expert Diamond Bit For Ceramic 7Mm,A,3165140599245,72.00,ZAR,Bosch,74,Accessories,A,,,4,Z7,,,,,,820750008,CN,,5,1,,TU;ST;PAL,ST,0.018,0.011,KG,155,5,52,MM
2608587164,Tile drill bit Ø8 x 80 mm,A,3165140599252,74.61,ZAR,Bosch,74,Accessories,A,,,3,Z7,,,,,,820750008,CN,,5,1,,TU;ST;PAL,ST,0.018,0.015,KG,155,4,52,MM
2608587165,Tile drill bit CYL-9 Ceramic  10 x 90 mm,A,3165140599269,86.61,ZAR,Bosch,74,Accessories,A,,,7,Z7,,,,,,820750008,CN,,5,1,6750,TU;ST;PAL,ST,0.025,0.021,KG,175,7,40,MM
2608590066,MASONRY DRILL,A,3165140434799,6.78,ZAR,Bosch,74,Accessories,A,,,116,Z5,,,,,,820750008,CN,,5,1,9000,TU;ST;PAL,ST,0.006,0.006,KG,147,6,42,MM
2608590067,MASONRY DRILL,A,3165140434805,6.78,ZAR,Bosch,74,Accessories,A,,,25,Z5,,,,,,820750008,CN,,5,1,9000,TU;ST;PAL,ST,0.010,0.009,KG,147,6,42,MM
2608590068,MASONRY DRILL,A,3165140434812,7.30,ZAR,Bosch,74,Accessories,A,,,200,Z5,,,,,,820750008,CN,,5,1,9000,TU;ST;PAL,ST,0.009,0.008,KG,150,5,45,MM
2608590070,Masonry Drill 4.5X50X85,A,3165140434836,7.82,ZAR,Bosch,74,Accessories,A,,,200,Z5,,,,,,820750008,CN,,5,1,8550,TU;ST;PAL,ST,0.011,0.011,KG,181,6,42,MM
2608590071,MASONRY DRILL,A,3165140434843,7.82,ZAR,Bosch,74,Accessories,A,,,200,Z5,,,,,,820750008,CN,,5,1,,TU;ST;PAL,ST,0.011,0.011,KG,147,6,42,MM
2608590072,MASONRY DRILL,A,3165140434850,8.87,ZAR,Bosch,74,Accessories,A,,,200,Z5,,,,,,820750008,CN,,5,1,,TU;ST;PAL,ST,0.020,0.011,KG,147,7,42,MM
2608590074,MASONRY DRILL,A,3165140434874,8.87,ZAR,Bosch,74,Accessories,A,,,200,Z5,,,,,,820750008,CN,,5,1,6750,TU;ST;PAL,ST,0.020,0.015,KG,181,7,42,MM
2608590076,MASONRY DRILL,A,3165140434898,9.39,ZAR,Bosch,74,Accessories,A,,,54,Z5,,,,,,820750008,CN,,5,1,6750,TU;ST;PAL,ST,0.020,0.020,KG,180,12,47,MM
2608590077,MASONRY DRILL,A,3165140434904,10.96,ZAR,Bosch,74,Accessories,A,,,200,Z5,,,,,,820750008,CN,,5,1,6750,TU;ST;PAL,ST,0.020,0.018,KG,181,8,42,MM
2608590078,MASONRY DRILL,A,3165140434911,12.00,ZAR,Bosch,74,Accessories,A,,,200,Z5,,,,,,820750008,CN,,5,1,5400,TU;ST;PAL,ST,0.030,0.020,KG,181,9,42,MM
2608590079,MASONRY DRILL,A,3165140434928,13.04,ZAR,Bosch,74,Accessories,A,,,38,Z5,,,,,,820750008,CN,,5,1,5400,TU;ST;PAL,ST,0.040,0.040,KG,181,10,42,MM
2608590081,MASONRY DRILL,A,3165140434942,14.61,ZAR,Bosch,74,Accessories,A,,,200,Z5,,,,,,820750008,CN,,5,1,5400,TU;ST;PAL,ST,0.057,0.050,KG,181,11,42,MM
2608590083,Masonry Drill 11.0X90X150,A,3165140434966,17.22,ZAR,Bosch,74,Accessories,A,,,39,Z5,,,,,,820750008,CN,,5,1,5400,TU;ST;PAL,ST,0.086,0.086,KG,226,12,47,MM
2608590084,MASONRY DRILL,A,3165140434973,19.82,ZAR,Bosch,74,Accessories,A,,,200,Z5,,,,,,820750008,CN,,5,1,4500,TU;ST;PAL,ST,0.087,0.087,KG,226,13,47,MM
2608590087,Masonry Drill 13.0X90X150,A,3165140435000,22.96,ZAR,Bosch,74,Accessories,A,,,103,Z5,,,,,,820750008,CN,,5,1,5400,TU;ST;PAL,ST,0.102,0.102,KG,226,14,47,MM
2608590088,MASONRY DRILL,A,3165140435017,26.09,ZAR,Bosch,74,Accessories,A,,,200,Z5,,,,,,820750008,CN,,5,1,5400,TU;ST;PAL,ST,0.101,0.101,KG,226,15,47,MM
2608590089,Masonry Drill cyl-1 16*150 mm,A,3165140435024,32.87,ZAR,Bosch,74,Accessories,A,,,195,Z5,,,,,,820750008,CN,,5,1,4500,TU;ST;PAL,ST,0.128,0.128,KG,226,17,47,MM
2608590090,MASONRY DRILL,C,3165140435031,51.65,ZAR,Bosch,74,Accessories,A,,,0,Z5,,,,,,820750008,CN,,1,,2880,ST;PAL;LU,ST,0.125,0.120,KG,178,14.5,54,MM
2608590091,MASONRY DRILL,C,3165140435048,72.52,ZAR,Bosch,74,Accessories,A,,,0,Z5,,,,,,820750008,CN,,1,8,1920,ST;PAL;LU,ST,0.210,0.210,KG,160,17,95,MM
2608590126,MASONRY DRILL,A,3165140438087,26.61,ZAR,Bosch,74,Accessories,A,,,27,Z5,,,,,,820750008,CN,,5,1,4500,TU;ST;PAL,ST,0.138,0.132,KG,226,16,47,MM
2608590127,MASONRY DRILL,A,3165140438094,25.57,ZAR,Bosch,74,Accessories,A,,,38,Z5,,,,,,820750008,CN,,1,3,8000,ST;PAL;LU,ST,0.054,0.053,KG,195,5,60,MM
2608594189,9pc Plumber-Set Progressor f. Wood&Metal,A,3165140949583,1549.04,ZAR,Bosch,74,Accessories,A,,,5,Z7,,,,,,820790006,CN,,1,6,60,ST;PAL;LU,ST,2.322,1.010,KG,350,120,220,MM
2608594190,9pc ElectricianSet Progressor Wood&Metal,A,3165140949590,1549.04,ZAR,Bosch,74,Accessories,A,,,5,Z7,,,,,,820790006,CN,,1,6,60,ST;PAL;LU,ST,2.540,1.291,KG,350,120,220,MM
2608594196,Pila ZP Progressor for Wood&Metal 16mm,A,3165140949651,63.13,ZAR,Bosch,74,Accessories,A,,,18,Z7,,,,,,820790006,CN,,1,1,2688,ST;PAL;LU,ST,0.056,0.046,KG,150,30,48,MM
2608594199,20mm Progressor for Wood&Metal Holesaw,A,3165140949682,69.39,ZAR,Bosch,74,Accessories,A,,,3,Z7,,,,,,820790006,CN,,1,1,2688,ST;PAL;LU,ST,0.062,0.053,KG,150,30,48,MM
2608594203,Hole Saw Progressor.25MM,A,3165140949729,88.70,ZAR,Bosch,74,Accessories,A,,,2,Z7,,,,,,820790006,CN,,1,1,2112,ST;PAL;LU,ST,0.080,0.069,KG,150,56,60,MM
2608594206,Pila ZP Progressor for Wood&Metal 30mm,A,3165140949750,95.48,ZAR,Bosch,74,Accessories,A,,,9,Z7,,,,,,820790006,CN,,1,1,2112,ST;PAL;LU,ST,0.100,0.083,KG,150,56,60,MM
2608594207,Pila ZP Progressor for Wood&Metal 32mm,A,3165140949767,101.22,ZAR,Bosch,74,Accessories,A,,,8,Z7,,,,,,820790006,CN,,1,1,2112,ST;PAL;LU,ST,0.100,0.090,KG,150,56,60,MM
2608594209,Pila ZP Progressor for Wood&Metal 35mm,A,3165140949781,107.48,ZAR,Bosch,74,Accessories,A,,,6,Z7,,,,,,820790006,CN,,1,1,2112,ST;PAL;LU,ST,0.105,0.090,KG,150,56,60,MM
2608594212,40mm Progressor for Wood&Metal Holesaw,A,3165140949811,114.78,ZAR,Bosch,74,Accessories,A,,,6,Z7,,,,,,820790006,CN,,1,1,1056,ST;PAL;LU,ST,0.126,0.107,KG,150,60,70,MM
2608594218,51mm Progressor for Wood&Metal Holesaw,A,3165140949873,121.04,ZAR,Bosch,74,Accessories,A,,,5,Z7,,,,,,820790006,CN,,1,1,1056,ST;PAL;LU,ST,0.160,0.142,KG,150,60,70,MM
2608594224,60mm Progressor for Wood&Metal Holesaw,A,3165140949934,140.35,ZAR,Bosch,74,Accessories,A,,,5,Z7,,,,,,820790006,CN,,1,1,576,ST;PAL;LU,ST,0.200,0.183,KG,151,76,82,MM
2608594225,Pila ZP Progressor for Wood&Metal 64 mm,A,3165140949941,146.61,ZAR,Bosch,74,Accessories,A,,,8,Z7,,,,,,820790006,CN,,1,1,576,ST;PAL;LU,ST,0.230,0.200,KG,151,76,82,MM
2608594226,65mm Progressor for Wood&Metal Holesaw,A,3165140949958,152.87,ZAR,Bosch,74,Accessories,A,,,10,Z7,,,,,,820790006,CN,,1,1,576,ST;PAL;LU,ST,0.234,0.205,KG,151,76,82,MM
2608594229,70mm Progressor for Wood&Metal Holesaw,A,3165140949989,159.65,ZAR,Bosch,74,Accessories,A,,,6,Z7,,,,,,820790006,CN,,1,1,480,ST;PAL;LU,ST,0.265,0.230,KG,158,76,103,MM
2608594235,89mm Progressor for Wood&Metal Holesaw,A,3165140950046,178.43,ZAR,Bosch,74,Accessories,A,,,3,Z7,,,,,,820790006,CN,,1,1,384,ST;PAL;LU,ST,0.380,0.335,KG,172,76,117,MM
2608594239,102mm Progressor for Wood&Metal Holesaw,A,3165140950084,190.96,ZAR,Bosch,74,Accessories,A,,,6,Z7,,,,,,820790006,CN,,1,1,192,ST;PAL;LU,ST,0.470,0.419,KG,198,76,164,MM
2608594243,114mm Progressor for Wood&Metal Holesaw,A,3165140950121,223.30,ZAR,Bosch,74,Accessories,A,,,18,Z7,,,,,,820790006,CN,,1,1,192,ST;PAL;LU,ST,0.584,0.574,KG,210,76,182,MM
2608594253,Adapter 8.7mm  Drill HSS-G 8,A,3165140950220,172.18,ZAR,Bosch,74,Accessories,A,,,2,Z5,,,,,,846610006,CN,,1,1,1152,ST;PAL;LU,ST,0.175,0.149,KG,260,36,85,MM
2608594254,Combination Center Drill HSS-G Ø 7.15x8,A,3165140950237,63.13,ZAR,Bosch,74,Accessories,A,,,32,Z5,,,,,,820750008,CN,,5,1,5400,TU;ST;PAL,ST,0.035,0.030,KG,160,14,56,MM
2608594257,Combination Center Drill HSS-Co Ø 7.15x,A,3165140950268,89.22,ZAR,Bosch,74,Accessories,A,,,8,Z5,,,,,,820750008,CN,,5,1,3300,TU;ST;PAL,ST,0.020,0.014,KG,160,14,56,MM
2608594264,Adapter 3/8" 8.7 mm,C,3165140950336,153.39,ZAR,Bosch,74,Accessories,A,,,0,Z5,,,,,,846610006,CN,,1,1,960,ST;PAL;LU,ST,0.150,0.130,KG,200,40,88,MM
2608594265,Adapter 7/16" 11 mm,A,3165140950343,172.18,ZAR,Bosch,74,Accessories,A,,,11,Z5,,,,,,846610006,CN,,1,1,960,ST;PAL;LU,ST,0.155,0.155,KG,200,36,85,MM
2608594266,Adapter SDS Plus,A,3165140950350,166.43,ZAR,Bosch,74,Accessories,A,,,9,Z5,,,,,,846610006,CN,,1,1,960,ST;PAL;LU,ST,0.180,0.150,KG,200,36,85,MM
2608594365,Hole Saw P MM B 16MM,A,6949509240095,63.13,ZAR,Bosch,74,Accessories,A,,,2,Z5,,,,,,820790006,CN,,1,1,330,ST;PAL;LU,ST,0.065,0.046,KG,106.5,35,46,MM
2608594368,Hole Saw P MM B 20MM,A,6949509240125,69.39,ZAR,Bosch,74,Accessories,A,,,2,Z5,,,,,,820790006,CN,,1,1,3168,ST;PAL;LU,ST,0.060,0.053,KG,106.5,35,46,MM
2608594370,Hole Saw P MM B 22MM,C,6949509240149,76.18,ZAR,Bosch,74,Accessories,A,,,0,Z5,,,,,,820790006,CN,,1,1,3168,ST;PAL;LU,ST,0.080,0.061,KG,106.5,35,46,MM
2608594372,Hole Saw P MM B 25MM,A,6949509240163,88.70,ZAR,Bosch,74,Accessories,A,,,11,Z5,,,,,,820790006,CN,,1,1,3168,ST;PAL;LU,ST,0.088,0.069,KG,106.5,35,46,MM
2608594375,Hole Saw P MM B 30MM,C,6949509240194,95.48,ZAR,Bosch,74,Accessories,A,,,0,Z5,,,,,,820790006,CN,,1,1,3168,ST;PAL;LU,ST,0.102,0.083,KG,106.5,35,46,MM
2608594378,Hole Saw P MM B 35MM,A,6949509240224,107.48,ZAR,Bosch,74,Accessories,A,,,2,Z5,,,,,,820790006,CN,,1,1,2688,ST;PAL;LU,ST,0.113,0.090,KG,105.5,45,46,MM
2608594381,Hole Saw P MM B 40MM,A,6949509240255,114.78,ZAR,Bosch,74,Accessories,A,,,3,Z5,,,,,,820790006,CN,,1,1,2688,ST;PAL;LU,ST,0.130,0.107,KG,105.5,45,46,MM
2608594387,Hole Saw NPH.51mm BO.PC,A,6949509240316,121.04,ZAR,Bosch,74,Accessories,A,,,5,Z5,,,,,,820790006,CN,,1,1,1600,ST;PAL;LU,ST,0.176,0.142,KG,105.5,62,62,MM
2608594390,Hole Saw P MM B 54MM,C,6949509240347,127.30,ZAR,Bosch,74,Accessories,A,,,0,Z5,,,,,,820790006,CN,,1,1,1600,ST;PAL;LU,ST,0.170,0.154,KG,105,65,65,MM
2608594394,Hole Saw NPH.60mm BO.PC,A,6949509240385,140.35,ZAR,Bosch,74,Accessories,A,,,11,Z5,,,,,,820790006,CN,,1,1,980,ST;PAL;LU,ST,0.223,0.183,KG,105.5,70,70,MM
2608594395,PRO Multi Material PC Plus Hole Saw 64mm,A,6949509240392,146.61,ZAR,Bosch,74,Accessories,A,,,3,Z5,,,,,,820790006,CN,,1,1,980,ST;PAL;LU,ST,0.230,0.200,KG,108,70,70,MM
2608594400,Hole Saw P MM B 70MM,C,6949509240446,159.65,ZAR,Bosch,74,Accessories,A,,,0,Z5,,,,,,820790006,CN,,1,1,960,ST;PAL;LU,ST,0.275,0.230,KG,105.5,78,78,MM
2608594402,Hole Saw P MM B 76MM,A,6949509240460,165.91,ZAR,Bosch,74,Accessories,A,,,5,Z5,,,,,,820790006,CN,,1,1,360,ST;PAL;LU,ST,0.323,0.259,KG,128,77,97,MM
2608594406,Hole Saw P MM B 89MM,C,6949509240507,178.43,ZAR,Bosch,74,Accessories,A,,,0,Z5,,,,,,820790006,CN,,1,1,360,ST;PAL;LU,ST,0.399,0.335,KG,128,77,97,MM
2608594410,Hole Saw P MM B 102MM,A,6949509240545,190.96,ZAR,Bosch,74,Accessories,A,,,3,Z5,,,,,,820790006,CN,,1,1,450,ST;PAL;LU,ST,0.495,0.419,KG,147,77,116,MM
2608594414,Hole Saw P MM B 114MM,A,6949509240583,223.30,ZAR,Bosch,74,Accessories,A,,,4,Z5,,,,,,820790006,CN,,1,1,450,ST;PAL;LU,ST,0.650,0.574,KG,147,77,116,MM
2608594424,Hole Saw Set P MM B 9P Set,A,6949509240682,1549.04,ZAR,Bosch,74,Accessories,A,,,8,Z5,,,,,,820790006,CN,,1,9,48,ST;PAL;LU,ST,2.946,0.859,KG,255.5,118,364,MM
2608594425,Hole Saw Set P MM B 14P Set,A,6949509240699,2230.96,ZAR,Bosch,74,Accessories,A,,,3,Z5,,,,,,820790006,CN,,1,14,48,ST;PAL;LU,ST,3.462,1.375,KG,255.5,118,364,MM
2608594427,Hole Saw Set P MM B 9P Set,A,6949509240712,1549.04,ZAR,Bosch,74,Accessories,A,,,6,Z5,,,,,,820790006,CN,,1,9,48,ST;PAL;LU,ST,2.742,0.655,KG,255.5,118,364,MM
2608594504,Hole Saw Set A W&D H 13p Set,C,6949509253446,117.39,ZAR,Bosch,74,Accessories,A,,,0,Z3,,,,,,820299005,DE,,1,14,560,ST;PAL;LU,ST,0.528,0.528,KG,178,115,52,MM
2608594510,Hole Saw A MM B 19mm,C,6949509252517,64.70,ZAR,Bosch,74,Accessories,A,,,0,Z3,,,,,,820790006,CN,,1,1,2400,ST;PAL;LU,ST,0.055,0.045,KG,44,125,44,MM
2608594511,Hole Saw A MM B 20mm,C,6949509252524,65.74,ZAR,Bosch,74,Accessories,A,,,0,Z3,,,,,,820790006,CN,,1,1,2400,ST;PAL;LU,ST,0.065,0.055,KG,44,125,44,MM
2608594512,Hole Saw A MM B 22mm,C,6949509252531,69.39,ZAR,Bosch,74,Accessories,A,,,0,Z3,,,,,,820790006,DE,,1,1,2400,ST;PAL;LU,ST,0.077,0.065,KG,44,125,44,MM
2608594513,Hole Saw A MM B 25mm,C,6949509252548,74.61,ZAR,Bosch,74,Accessories,A,,,0,Z3,,,,,,820790006,CN,,1,1,2400,ST;PAL;LU,ST,0.089,0.077,KG,44,125,44,MM
2608594514,Hole Saw A MM B 29mm,C,6949509252555,86.09,ZAR,Bosch,74,Accessories,A,,,0,Z3,,,,,,820790006,CN,,1,1,2400,ST;PAL;LU,ST,0.100,0.089,KG,44,125,44,MM
2608594515,Hole Saw A MM B 32mm,C,6949509252562,92.35,ZAR,Bosch,74,Accessories,A,,,0,Z3,,,,,,820790006,CN,,1,1,2400,ST;PAL;LU,ST,0.112,0.100,KG,44,125,44,MM
2608594516,Hole Saw A MM B 35mm,C,6949509252579,104.35,ZAR,Bosch,74,Accessories,A,,,0,Z3,,,,,,820790006,DE,,1,1,2400,ST;PAL;LU,ST,0.127,0.112,KG,44,125,44,MM
2608594517,Hole Saw A MM B 38mm,C,6949509252586,113.74,ZAR,Bosch,74,Accessories,A,,,0,Z3,,,,,,820790006,DE,,1,1,1440,ST;PAL;LU,ST,0.140,0.120,KG,55,125,55,MM
2608594518,Hole Saw A MM B 44mm,C,6949509252593,114.26,ZAR,Bosch,74,Accessories,A,,,0,Z3,,,,,,820790006,DE,,1,1,1440,ST;PAL;LU,ST,0.164,0.140,KG,55,125,55,MM
2608594519,Hole Saw A MM B 51mm,C,6949509252609,127.82,ZAR,Bosch,74,Accessories,A,,,0,Z3,,,,,,820790006,DE,,1,1,1440,ST;PAL;LU,ST,0.192,0.170,KG,55,125,55,MM
2608594520,Hole Saw A MM B 57mm,C,6949509252616,134.61,ZAR,Bosch,74,Accessories,A,,,0,Z3,,,,,,820790006,CN,,1,1,720,ST;PAL;LU,ST,0.205,0.190,KG,80,125,80,MM
2608594521,Hole Saw A MM B 60mm,C,6949509252623,138.78,ZAR,Bosch,74,Accessories,A,,,0,Z3,,,,,,820790006,DE,,1,1,720,ST;PAL;LU,ST,0.205,0.205,KG,80,125,80,MM
2608594522,Hole Saw A MM B 64mm,C,6949509252630,140.87,ZAR,Bosch,74,Accessories,A,,,0,Z3,,,,,,820790006,DE,,1,1,720,ST;PAL;LU,ST,0.235,0.220,KG,80,125,80,MM
2608594523,Hole Saw A MM B 65mm,C,6949509252647,147.65,ZAR,Bosch,74,Accessories,A,,,0,Z3,,,,,,820790006,DE,,1,1,720,ST;PAL;LU,ST,0.250,0.235,KG,80,125,80,MM
2608594524,Hole Saw A MM B 67mm,C,6949509252654,149.74,ZAR,Bosch,74,Accessories,A,,,0,Z3,,,,,,820790006,DE,,1,1,720,ST;PAL;LU,ST,0.265,0.250,KG,80,125,80,MM
2608594525,Hole Saw A MM B 68mm,C,6949509252661,150.78,ZAR,Bosch,74,Accessories,A,,,0,Z3,,,,,,820790006,DE,,1,1,720,ST;PAL;LU,ST,0.280,0.265,KG,80,125,80,MM
2608594526,Hole Saw A MM B 73mm,C,6949509252678,153.91,ZAR,Bosch,74,Accessories,A,,,0,Z3,,,,,,820790006,DE,,1,1,720,ST;PAL;LU,ST,0.295,0.280,KG,80,125,80,MM
2608594527,Hole Saw A MM B 76mm,C,6949509252685,156.52,ZAR,Bosch,74,Accessories,A,,,0,Z3,,,,,,820790006,DE,,1,1,720,ST;PAL;LU,ST,0.320,0.295,KG,80,125,80,MM
2608594528,Hole Saw A MM B 83mm,C,6949509252692,172.18,ZAR,Bosch,74,Accessories,A,,,0,Z3,,,,,,820790006,DE,,1,1,420,ST;PAL;LU,ST,0.380,0.350,KG,100,126,100,MM
2608594529,Hole Saw A MM B 95mm,C,6949509252708,186.26,ZAR,Bosch,74,Accessories,A,,,0,Z3,,,,,,820790006,DE,,1,1,420,ST;PAL;LU,ST,0.431,0.400,KG,100,126,100,MM
2608596119,PILOT DRILL FOR HEX ARBORS,A,3165140045186,51.65,ZAR,Bosch,74,Accessories,A,,,12,Z5,,,,,,820750008,CN,,5,1,4900,TU;ST;PAL,ST,0.032,0.028,KG,152,8,50,MM
2608596152,CYL-1  14 x 350 x 400 mm,A,3165140046060,65.22,ZAR,Bosch,74,Accessories,A,,,3,Z5,,,,,,820750008,CN,,1,1,1600,ST;PLA;PA,ST,0.252,0.239,KG,460,13,47,MM
2608596157,Pilot drillbit adapt hex/SDS-Plus 8x120,A,3165140046114,58.43,ZAR,Bosch,74,Accessories,A,,,200,Z7,,,,,,820750008,DE,,5,1,,TU;ST;PLA,ST,0.034,0.032,KG,181,9,42,MM
2608596300,WOOD DRILL BIT 3MM X 61MM,A,3165140059060,13.04,ZAR,Bosch,74,Accessories,A,,,200,Z5,,,,,,820750008,CN,,5,1,,TU;ST;PLA,ST,0.007,0.006,KG,147,6,42,MM
2608596301,WOOD DRILL BIT 4MM X 75MM,A,3165140059077,14.09,ZAR,Bosch,74,Accessories,A,,,200,Z5,,,,,,820750008,CN,,5,1,,TU;ST;PLA,ST,0.009,0.005,KG,147,5,42,MM
2608596302,WOOD DRILL BIT 5MM X 86MM,A,3165140059084,15.65,ZAR,Bosch,74,Accessories,A,,,200,Z5,,,,,,820750008,CN,,5,1,,TU;ST;PLA,ST,0.012,0.012,KG,147,6,42,MM
2608596303,WOOD DRILL BIT 6MM X 93MM,A,3165140059091,16.70,ZAR,Bosch,74,Accessories,A,,,200,Z5,,,,,,820750008,CN,,5,1,,TU;ST;PLA,ST,0.017,0.015,KG,181,7,42,MM
2608596304,7Mm Brad Point Wood Drill Bit,A,3165140059107,18.78,ZAR,Bosch,74,Accessories,A,,,83,Z5,,,,,,820750008,CN,,5,1,9600,TU;ST;PLA,ST,0.025,0.024,KG,181,8,42,MM
2608596305,WOOD DRILL BIT 8MM X 117MM,A,3165140059114,20.87,ZAR,Bosch,74,Accessories,A,,,200,Z5,,,,,,820750008,CN,,5,1,9600,TU;ST;PLA,ST,0.033,0.031,KG,181,9,42,MM
2608596306,WOOD DRILL BIT 9MM X 120MM,A,3165140059121,22.96,ZAR,Bosch,74,Accessories,A,,,78,Z5,,,,,,820750008,CN,,5,1,9600,TU;ST;PLA,ST,0.040,0.038,KG,181,10,42,MM
2608596307,WOOD DRILL BIT 10MM X 120MM,A,3165140059138,28.70,ZAR,Bosch,74,Accessories,A,,,200,Z5,,,,,,820750008,CN,,5,1,7200,TU;ST;PLA,ST,0.050,0.047,KG,180,10,41,MM
2608596311,WOOD DRILL BIT 14MM X 151MM,A,3165140059176,56.87,ZAR,Bosch,74,Accessories,A,,,44,Z5,,,,,,820750008,CN,,1,1,4800,ST;PLA;PA,ST,0.097,0.094,KG,226,15,42,MM
2608596312,WOOD DRILL BIT 15MM X 160MM,A,3165140059183,93.39,ZAR,Bosch,74,Accessories,A,,,5,Z5,,,,,,820750008,CN,,1,1,3200,ST;PLA;PA,ST,0.122,0.116,KG,258,18,46,MM
2608596666,HSS-TIN WALLETED 1.5MM X 40MM,A,3165140060776,10.96,ZAR,Bosch,74,Accessories,A,,,34,Z7,,,,,,820750008,CN,,5,1,9600,TU;ST;PLA,ST,0.010,0.010,KG,147,6,42,MM
2608596676,HSS-TIN WALLETED 2.5MM X 57MM,A,3165140060790,12.52,ZAR,Bosch,74,Accessories,A,,,14,Z7,,,,,,820750008,CN,,5,1,,TU;ST;PLA,ST,0.006,0.006,KG,146,4.9,41,MM
2608596681,HSS-TIN WALLETED 3.0MM X 61MM,A,3165140060806,13.04,ZAR,Bosch,74,Accessories,A,,,143,Z7,,,,,,820750008,CN,,1,1,,TU;ST;PLA,ST,0.007,0.006,KG,147,6,42,MM
2608596683,METALBOR HSS-TIN 3 2 MM,A,3165140060813,14.09,ZAR,Bosch,74,Accessories,A,,,9,Z7,,,,,,820750008,CN,,5,1,,TU;ST;PLA,ST,0.007,0.007,KG,146,4.9,41,MM
2608596686,HSS-TIN WALLETED 3.5MM X 70MM,A,3165140060820,14.09,ZAR,Bosch,74,Accessories,A,,,32,Z7,,,,,,820750008,CN,,5,1,7680,TU;ST;PLA,ST,0.008,0.008,KG,146,4.9,41,MM
2608596691,HSS-TIN WALLETED 4.0MM X 75MM,A,3165140060837,16.18,ZAR,Bosch,74,Accessories,A,,,135,Z7,,,,,,820750008,CN,,1,1,8000,TU;ST;PLA,ST,0.009,0.008,KG,147,5,42,MM
2608596701,HSS-TIN WALLETED 5.0MM X 86MM,A,3165140060851,18.26,ZAR,Bosch,74,Accessories,A,,,2,Z7,,,,,,820750008,CN,,5,1,,TU;ST;PLA,ST,0.013,0.013,KG,147,6,42,MM
2608596706,HSS-TIN WALLETED 5.5MM X 93MM,A,3165140060868,22.96,ZAR,Bosch,74,Accessories,A,,,4,Z7,,,,,,820750008,CN,,1,1,,ST;PLA;PA,ST,0.016,0.015,KG,182,6,42,MM
2608596711,HSS-TIN WALLETED 6.0MM X 93MM,A,3165140060875,24.00,ZAR,Bosch,74,Accessories,A,,,171,Z7,,,,,,820750008,CN,,1,1,,ST;PLA;PA,ST,0.020,0.019,KG,181,7,42,MM
2608596721,HSS-TIN WALLETED 7.0MM X 109MM,A,3165140060899,34.96,ZAR,Bosch,74,Accessories,A,,,16,Z7,,,,,,820750008,CN,,1,1,,ST;PLA;PA,ST,0.027,0.026,KG,181,8,42,MM
2608596731,HSS-TIN WALLETED 8.0MM X 117MM,A,3165140060912,45.39,ZAR,Bosch,74,Accessories,A,,,194,Z7,,,,,,820750008,CN,,1,1,9600,ST;PLA;PA,ST,0.038,0.036,KG,181,9,42,MM
2608596741,HSS-TIN WALLETED 9.0MM X 125MM,A,3165140060936,62.09,ZAR,Bosch,74,Accessories,A,,,151,Z7,,,,,,820750008,CN,,1,1,7680,ST;PLA;PA,ST,0.047,0.044,KG,225,9,41,MM
2608596751,HSS-TIN WALLETED 10MM X 133MM,A,3165140060950,78.78,ZAR,Bosch,74,Accessories,A,,,99,Z7,,,,,,820750008,CN,,1,1,4800,ST;PLA;PA,ST,0.081,0.060,KG,226,11,42,MM
2608596761,HSS-TIN WALLETED 11MM X 142MM,A,3165140060967,98.09,ZAR,Bosch,74,Accessories,A,,,3,Z7,,,,,,820750008,CN,,1,1,2560,ST;PLA;PA,ST,0.083,0.078,KG,226,12,42,MM
2608596771,HSS-TIN WALLETED 12MM X 151MM,A,3165140060974,111.13,ZAR,Bosch,74,Accessories,A,,,155,Z7,,,,,,820750008,CN,,1,1,4800,ST;PLA;PA,ST,0.094,0.089,KG,226,13,42,MM
2608596781,HSS-TIN WALLETED 13MM X 151MM,A,3165140060981,130.43,ZAR,Bosch,74,Accessories,A,,,15,Z7,,,,,,820750008,CN,,1,1,3840,ST;PLA;PA,ST,0.122,0.116,KG,225,13,41,MM
2608597518,FORMED COUNTERSINK,A,3165140107334,594.78,ZAR,Bosch,74,Accessories,A,,,27,Z5,,,,,,820750008,CH,,1,1,1800,ST;PAL;LU,ST,0.025,0.025,KG,125,12,60,MM
2608597519,FORMED COUNTERSINK,A,3165140107341,623.48,ZAR,Bosch,74,Accessories,A,,,12,Z5,,,,,,820750008,CH,,1,1,1500,ST;PAL;LU,ST,0.078,0.078,KG,125,14,60,MM
2608597520,FORMED COUNTERSINK,A,3165140107358,1033.57,ZAR,Bosch,74,Accessories,A,,,5,Z5,,,,,,820750008,CH,,1,1,2400,ST;PAL;LU,ST,0.174,0.174,KG,125,39,39,MM
2608597601,HINGE HOLE CUTTER,A,3165140148177,130.96,ZAR,Bosch,74,Accessories,A,,,3,Z7,,,,,,820750008,CN,,1,1,2016,TU;ST;PAL,ST,0.125,0.125,KG,125,23,47,MM
2608597602,HINGE HOLE CUTTER,A,3165140148184,150.26,ZAR,Bosch,74,Accessories,A,,,3,Z5,,,,,,820790006,CN,,1,1,2016,ST;PAL;LU,ST,0.120,0.120,KG,125,25,45,MM
2608597603,HINGE HOLE CUTTER,A,3165140148191,163.82,ZAR,Bosch,74,Accessories,A,,,2,Z5,,,,,,820750008,CN,,1,1,2016,ST;PAL;LU,ST,0.124,0.124,KG,130,45,50,MM
2608597604,HINGE HOLE CUTTER,A,3165140148207,196.18,ZAR,Bosch,74,Accessories,A,,,8,Z5,,,,,,820750008,CN,,1,1,2016,ST;PAL;LU,ST,0.124,0.124,KG,125,25,47,MM
2608597605,HINGE HOLE CUTTER,A,3165140148214,229.04,ZAR,Bosch,74,Accessories,A,,,12,Z5,,,,,,820750008,CN,,1,1,2016,ST;PAL;LU,ST,0.127,0.127,KG,125,24,51,MM
2608597606,HINGE HOLE CUTTER,A,3165140148221,261.91,ZAR,Bosch,74,Accessories,A,,,8,Z5,,,,,,820750008,CN,,1,1,2016,ST;PAL;LU,ST,0.120,0.075,KG,124,42,45,MM
2608597607,HINGE HOLE CUTTER,A,3165140148238,282.26,ZAR,Bosch,74,Accessories,A,,,7,Z7,,,,,,820750008,CN,,1,1,2016,ST;PAL;LU,ST,0.130,0.130,KG,125,43,46,MM
2608597608,HINGE HOLE CUTTER,A,3165140148245,295.30,ZAR,Bosch,74,Accessories,A,,,6,Z5,,,,,,820790006,CN,,1,1,2016,ST;PAL;LU,ST,0.150,0.150,KG,132,46,49,MM
2608597609,HINGE HOLE CUTTER,A,3165140148252,307.82,ZAR,Bosch,74,Accessories,A,,,1,Z5,,,,,,820750008,CN,,1,1,2016,ST;PAL;LU,ST,0.166,0.166,KG,130,47,50,MM
2608597610,HINGE HOLE CUTTER,A,3165140148269,321.39,ZAR,Bosch,74,Accessories,A,,,8,Z5,,,,,,820750008,CN,,1,1,2016,ST;PAL;LU,ST,0.150,0.150,KG,134,47,50,MM
2608597611,HINGE HOLE CUTTER,A,3165140148276,341.22,ZAR,Bosch,74,Accessories,A,,,10,Z5,,,,,,820750008,CN,,1,1,1200,ST;PAL;LU,ST,0.225,0.225,KG,125,43,47,MM
2608597613,HINGE HOLE CUTTER,A,3165140148290,360.52,ZAR,Bosch,74,Accessories,A,,,9,Z7,,,,,,820750008,CN,,1,1,1200,ST;PAL;LU,ST,0.234,0.231,KG,132,63,66,MM
2608597614,HINGE HOLE CUTTER,A,3165140148306,393.91,ZAR,Bosch,74,Accessories,A,,,3,Z7,,,,,,820790006,CN,,1,1,1200,ST;PAL;LU,ST,0.234,0.234,KG,125,52,54,MM
2608597615,HINGE HOLE CUTTER,A,3165140148313,413.22,ZAR,Bosch,74,Accessories,A,,,3,Z5,,,,,,820790006,CN,,1,1,1200,ST;PAL;LU,ST,0.153,0.153,KG,125,53,55,MM
2608597616,HINGE HOLE CUTTER,A,3165140148320,426.78,ZAR,Bosch,74,Accessories,A,,,5,Z5,,,,,,820750008,CN,,1,1,1200,ST;PAL;LU,ST,0.300,0.274,KG,132,63,66,MM
2608597617,HINGE HOLE CUTTER,A,3165140148337,446.09,ZAR,Bosch,74,Accessories,A,,,8,Z5,,,,,,820750008,CN,,1,1,1200,ST;PAL;LU,ST,0.288,0.176,KG,126,52,54,MM
2608597618,HINGE HOLE CUTTER,A,3165140148344,459.65,ZAR,Bosch,74,Accessories,A,,,11,Z5,,,,,,820750008,CN,,1,1,1200,ST;PAL;LU,ST,0.312,0.312,KG,126,53,53,MM
2608597622,AUGER BIT 6 X 235 MM,C,3165140183314,39.13,ZAR,Bosch,74,Accessories,A,,,0,Z5,,,,,,820750008,CN,,1,1,3600,ST;PAL;LU,ST,0.040,0.038,KG,276,6,100,MM
2608597623,AUGER BIT 8 X 235 MM,C,3165140183321,43.30,ZAR,Bosch,74,Accessories,A,,,0,Z5,,,,,,820750008,CN,,1,1,3600,ST;PAL;LU,ST,0.060,0.060,KG,320,9,45,MM
2608597624,AUGER BIT 10 X 235 MM,C,3165140183338,51.65,ZAR,Bosch,74,Accessories,A,,,0,Z5,,,,,,820750008,CN,,1,1,3600,ST;PAL;LU,ST,0.075,0.075,KG,278,10,45,MM
2608597625,AUGER BIT 11 X 235 MM,C,3165140183345,52.18,ZAR,Bosch,74,Accessories,A,,,0,Z5,,,,,,820750008,CN,,1,1,3600,ST;PAL;LU,ST,0.083,0.083,KG,322,11,46,MM
2608597626,AUGER BIT 12 X 235 MM,C,3165140183352,54.26,ZAR,Bosch,74,Accessories,A,,,0,Z5,,,,,,820750008,CN,,1,1,3600,ST;PAL;LU,ST,0.090,0.090,KG,277,13,47,MM
2608597627,AUGER BIT 13 X 235 MM,C,3165140183369,63.13,ZAR,Bosch,74,Accessories,A,,,0,Z5,,,,,,820750008,CN,,1,1,3600,ST;PAL;LU,ST,0.115,0.115,KG,320,14,46,MM
2608597628,AUGER BIT 14 X 235 MM,C,3165140183376,66.78,ZAR,Bosch,74,Accessories,A,,,0,Z5,,,,,,820750008,CN,,1,1,3600,ST;PAL;LU,ST,0.146,0.146,KG,320,13,46,MM
2608597629,AUGER BIT 15 X 235 MM,C,3165140183383,78.26,ZAR,Bosch,74,Accessories,A,,,0,Z5,,,,,,820750008,CN,,1,1,3600,ST;PAL;LU,ST,0.162,0.162,KG,295,19,40,MM
2608597630,AUGER BIT 16 X 235 MM,C,3165140183390,74.61,ZAR,Bosch,74,Accessories,A,,,0,Z5,,,,,,820750008,CN,,1,1,3600,ST;PAL;LU,ST,0.182,0.182,KG,320,19,43,MM
2608597631,AUGER BIT 18 X 235 MM,C,3165140183406,82.96,ZAR,Bosch,74,Accessories,A,,,0,Z5,,,,,,820750008,CN,,1,1,1800,ST;PAL;LU,ST,0.236,0.235,KG,320,18,45,MM
2608597632,AUGER BIT 20 X 235 MM,C,3165140183413,91.82,ZAR,Bosch,74,Accessories,A,,,0,Z5,,,,,,820750008,CN,,1,1,1800,ST;PAL;LU,ST,0.260,0.260,KG,293,33,43,MM
2608597633,AUGER BIT 22 X 235 MM,C,3165140183420,112.70,ZAR,Bosch,74,Accessories,A,,,0,Z5,,,,,,820750008,CN,,1,1,1200,ST;PAL;LU,ST,0.340,0.340,KG,310,45,45,MM
2608597634,AUGER BIT 24 X 235 MM,C,3165140183437,125.74,ZAR,Bosch,74,Accessories,A,,,0,Z5,,,,,,820750008,CN,,1,1,1200,ST;PAL;LU,ST,0.370,0.370,KG,320,28,65,MM
2608597635,AUGER BIT 25 X 235 MM,C,3165140183444,139.82,ZAR,Bosch,74,Accessories,A,,,0,Z5,,,,,,820750008,CN,,1,1,1200,ST;PAL;LU,ST,0.391,0.391,KG,320,28,65,MM
2608597636,AUGER BIT 26 X 235 MM,C,3165140183451,151.30,ZAR,Bosch,74,Accessories,A,,,0,Z5,,,,,,820750008,CN,,1,1,1200,ST;PAL;LU,ST,0.400,0.400,KG,320,28,60,MM
2608597637,AUGER BIT 28 X 235 MM,C,3165140183468,163.82,ZAR,Bosch,74,Accessories,A,,,0,Z5,,,,,,820750008,CN,,1,1,1200,ST;PAL;LU,ST,0.455,0.455,KG,322,30,65,MM
2608597638,AUGER BIT 30 X 235 MM,C,3165140183475,180.00,ZAR,Bosch,74,Accessories,A,,,0,Z5,,,,,,820750008,CN,,1,1,1200,ST;PAL;LU,ST,0.494,0.494,KG,320,33,65,MM
2608597639,AUGER BIT 32 X 235 MM,C,3165140183482,198.78,ZAR,Bosch,74,Accessories,A,,,0,Z5,,,,,,820750008,CN,,1,1,1200,ST;PAL;LU,ST,0.545,0.545,KG,320,35,60,MM
2608597641,AUGER BIT 10 X 450 MM,A,3165140183505,135.13,ZAR,Bosch,74,Accessories,A,,,22,Z5,,,,,,820750008,CN,,1,1,1800,ST;PAL;LU,ST,0.135,0.130,KG,511,12,48,MM
2608597642,AUGER BIT 12 X 450 MM,A,3165140183512,148.70,ZAR,Bosch,74,Accessories,A,,,41,Z5,,,,,,820750008,CN,,1,1,1800,ST;PAL;LU,ST,0.186,0.186,KG,510,10,45,MM
2608597643,AUGER BIT 14 X 450 MM,A,3165140183529,175.30,ZAR,Bosch,74,Accessories,A,,,17,Z5,,,,,,820750008,CN,,1,1,1800,ST;PAL;LU,ST,0.253,0.253,KG,590,18,47,MM
2608597644,AUGER BIT 16 X 450 MM,A,3165140183536,188.35,ZAR,Bosch,74,Accessories,A,,,11,Z5,,,,,,820750008,CN,,1,1,1800,ST;PAL;LU,ST,0.350,0.350,KG,510,16,50,MM
2608597645,AUGER BIT 18 X 450 MM,A,3165140183543,208.70,ZAR,Bosch,74,Accessories,A,,,9,Z5,,,,,,820750008,CN,,1,1,900,ST;PAL;LU,ST,0.450,0.450,KG,510,17,45,MM
2608597646,AUGER BIT 20 X 450 MM,A,3165140183550,235.30,ZAR,Bosch,74,Accessories,A,,,12,Z5,,,,,,820750008,CN,,1,1,900,ST;PAL;LU,ST,0.510,0.510,KG,510,22,45,MM
2608597647,AUGER BIT 22 X 450 MM,A,3165140183567,281.22,ZAR,Bosch,74,Accessories,A,,,9,Z5,,,,,,820750008,CN,,1,1,540,ST;PAL;LU,ST,0.650,0.650,KG,512,40,40,MM
2608597648,AUGER BIT 24 X 450 MM,A,3165140183574,308.35,ZAR,Bosch,74,Accessories,A,,,7,Z5,,,,,,820750008,CN,,1,1,540,ST;PAL;LU,ST,0.725,0.725,KG,500,40,45,MM
2608597649,AUGER BIT 26 X 450 MM,A,3165140183581,349.57,ZAR,Bosch,74,Accessories,A,,,6,Z5,,,,,,820750008,CN,,1,1,540,ST;PAL;LU,ST,0.817,0.817,KG,500,45,45,MM
2608597650,AUGER BIT 28 X 450 MM,A,3165140183598,383.48,ZAR,Bosch,74,Accessories,A,,,12,Z5,,,,,,820750008,CN,,1,1,540,ST;PAL;LU,ST,0.922,0.800,KG,500,45,45,MM
2608597652,AUGER BIT 32 X 450 MM,A,3165140183611,483.65,ZAR,Bosch,74,Accessories,A,,,17,Z5,,,,,,820750008,CN,,1,1,432,ST;PAL;LU,ST,1.175,1.175,KG,560,33,60,MM
2608597656,Carbide-Tipped Drill 4X75,A,3165140186681,18.78,ZAR,Bosch,74,Accessories,A,,,12,Z5,,,,,,820750008,CN,,5,1,,TU;ST;PLA,ST,0.010,0.009,KG,147,6,42,MM
2608597658,Carbide-Tipped Drill 5X85,A,3165140186704,19.82,ZAR,Bosch,74,Accessories,A,,,200,Z5,,,,,,820750008,CN,,5,1,,TU;ST;PLA,ST,0.013,0.011,KG,147,6,42,MM
2608597660,Carbide-Tipped Drill 6X100,A,3165140186728,21.39,ZAR,Bosch,74,Accessories,A,,,200,Z5,,,,,,820750008,CN,,5,1,9600,TU;ST;PLA,ST,0.020,0.019,KG,180,6,41,MM
2608597663,Carbide-Tipped Drill 8X120,A,3165140186759,34.43,ZAR,Bosch,74,Accessories,A,,,149,Z5,,,,,,820750008,CN,,5,1,9600,TU;ST;PLA,ST,0.035,0.033,KG,181,9,42,MM
2608597665,Carbide-Tipped Drill 10X120,A,3165140186773,39.13,ZAR,Bosch,74,Accessories,A,,,126,Z5,,,,,,820750008,CN,,5,1,7680,TU;ST;PLA,ST,0.051,0.049,KG,181,11,42,MM
2608597667,Carbide-Tipped Drill 12X150,A,3165140186797,54.78,ZAR,Bosch,74,Accessories,A,,,84,Z5,,,,,,820750008,CN,,5,1,4800,TU;ST;PLA,ST,0.080,0.075,KG,226,13,42,MM
2608597669,Carbide-Tipped Drill 14X150,A,3165140186810,73.04,ZAR,Bosch,74,Accessories,A,,,42,Z5,,,,,,820750008,CN,,5,1,4320,TU;ST;PLA,ST,0.098,0.094,KG,226,15,42,MM
2608597671,Carbide-Tipped Drill 16X160,A,3165140186834,110.09,ZAR,Bosch,74,Accessories,A,,,55,Z5,,,,,,820750008,CN,,5,1,3200,TU;ST;PLA,ST,0.135,0.129,KG,210,25,45,MM
2608597681,7Mm X 150Mm Silver Percussion Drill Bit,A,3165140186933,32.87,ZAR,Bosch,74,Accessories,A,,,33,Z5,,,,,,820750008,CN,,5,1,9600,TU;ST;PLA,ST,0.036,0.034,KG,226,8,42,MM
2608597690,CYL-3  8x350x400,A,3165140187022,94.96,ZAR,Bosch,74,Accessories,A,,,200,Z5,,,,,,820750008,CN,,1,1,4000,ST;PLA;PA,ST,0.104,0.099,KG,460,8,41,MM
2608597691,CYL-3  10x350x400,A,3165140187039,124.70,ZAR,Bosch,74,Accessories,A,,,123,Z5,,,,,,820750008,CN,,1,1,2800,ST;PLA;PA,ST,0.154,0.146,KG,460,10,42,MM
2608597692,CYL-3  12x350x400,A,3165140187046,138.78,ZAR,Bosch,74,Accessories,A,,,200,Z5,,,,,,820750008,CN,,1,1,2400,ST;PLA;PA,ST,0.192,0.182,KG,460,9,45,MM
2608597693,CYL-3  14x350x400,A,3165140187053,169.04,ZAR,Bosch,74,Accessories,A,,,15,Z5,,,,,,820750008,CN,,1,1,1600,ST;PLA;PA,ST,0.242,0.230,KG,460,11,45,MM
2608597694,CYL-3  16x350x400,A,3165140187060,212.35,ZAR,Bosch,74,Accessories,A,,,41,Z5,,,,,,820750008,CN,,1,1,1400,ST;PLA;PA,ST,0.328,0.311,KG,460,15,60,MM
2608597901,CARBIDE-TIPPED DRILL,A,3165140213059,2873.74,ZAR,Bosch,74,Accessories,A,,,7,Z5,,,,,,820750008,DE,,1,1,90,ST;PLA;PA,ST,3.243,3.081,KG,960,45,45,MM
2608598110,Mounting Shank 220MM SDS,A,3165140096751,782.09,ZAR,Bosch,74,Accessories,A,,,15,Z5,,,,,,820790006,DE,,1,1,1500,ST;PLA;PA,ST,0.312,0.296,KG,316,43,43,MM
2608599053,diamond drill bit PRO Ceramic,A,4059952651194,321.39,ZAR,Bosch,74,Accessories,A,,,3,Z5,,,,,,680421004,VN,,1,1,2880,ST;PLA;PA,ST,0.056,0.031,KG,23,125,43,MM
2608599055,diamond drill bit PRO Ceramic,A,4059952651217,355.30,ZAR,Bosch,74,Accessories,A,,,5,Z5,,,,,,680421004,VN,,1,1,2880,ST;PLA;PA,ST,0.057,0.038,KG,23,125,43,MM
2608599056,diamond drill bit PRO Ceramic,A,4059952651224,427.30,ZAR,Bosch,74,Accessories,A,,,3,Z5,,,,,,680421004,VN,,1,1,2880,ST;PLA;PA,ST,0.058,0.042,KG,23,125,43,MM
2608599057,diamond drill bit PRO Ceramic,A,4059952651231,462.78,ZAR,Bosch,74,Accessories,A,,,4,Z5,,,,,,680421004,VN,,1,1,2880,ST;PLA;PA,ST,0.059,0.046,KG,23,125,43,MM
2608600095,Cutting Disc 180X2mm Inox,A,3165140070911,31.30,ZAR,Bosch,74,Accessories,A,,,21,Z5,,,,,,680422906,VARIOUS,,25,1,4200,TU;ST;PAL,ST,0.130,0.096,KG,180,2,180,MM
2608600096,Bosch Cutting Disc 230 Mm Straight 22 Mm,B,3165140070928,28.18,ZAR,Bosch,74,Accessories,A,,,26,Z5,,,,,,680422906,TR,,25,1,1800,TU;ST;PAL,ST,0.204,0.198,KG,230,2,230,MM
2608600111,grinding wheel (200x25x32) grit:36,A,3165140084833,258.26,ZAR,Bosch,74,Accessories,A,,,9,Z5,,,,,,680422906,IN,,1,1,400,ST;PAL;LU,ST,1.915,1.750,KG,248,28,211,MM
2608600112,grinding wheel (200x25x32) grit:60,A,3165140084840,258.26,ZAR,Bosch,74,Accessories,A,,,17,Z5,,,,,,680422906,IN,,1,1,400,ST;PAL;LU,ST,1.845,1.750,KG,246,28,208,MM
2608600175,Cup Wheel Flat coarse Ø115,A,3165140103824,323.48,ZAR,Bosch,74,Accessories,A,,,40,Z5,,,,,,680422906,DE,,1,1,900,ST;PAL;LU,ST,0.295,0.265,KG,145,20,115,MM
2608600176,Cup Wheel Flat medium Ø115,A,3165140103831,323.48,ZAR,Bosch,74,Accessories,A,,,3,Z5,,,,,,680422906,DE,,1,1,900,ST;PAL;LU,ST,0.280,0.266,KG,150,23,120,MM
2608600177,Cup Wheel Flat fine Ø115,A,3165140103848,323.48,ZAR,Bosch,74,Accessories,A,,,10,Z5,,,,,,680422906,DE,,1,1,900,ST;PAL;LU,ST,0.264,0.264,KG,150,23,120,MM
2608600178,Cup Wheel Slanted coarse Ø115,A,3165140103855,391.30,ZAR,Bosch,74,Accessories,A,,,60,Z7,,,,,,680422906,DE,,1,1,900,ST;PAL;LU,ST,0.290,0.270,KG,150,25,120,MM
2608600180,Cup Wheel Slanted fine Ø115,A,3165140103879,323.48,ZAR,Bosch,74,Accessories,A,,,7,Z5,,,,,,680422906,DE,,1,1,900,ST;PAL;LU,ST,0.264,0.250,KG,150,25,120,MM
2608600218,115Mm Metal Grinding Disc,A,3165140116398,21.91,ZAR,Bosch,74,Accessories,A,,,200,Z5,,,,,,680422906,TR,,10,1,2880,TU;ST;PAL,ST,0.143,0.140,KG,115,6,115,MM
2608600225,CUTTING-DISC,C,3165140116466,28.70,ZAR,Bosch,74,Accessories,A,,,0,Z5,,,,,,680422906,VARIOUS,,25,1,1800,TU;ST;PAL,ST,0.226,0.226,KG,230,2.5,230,MM
2608600226,281ETAL CUTTING DISC 230X22,A,3165140116473,26.09,ZAR,Bosch,74,Accessories,A,,,200,Z5,,,,,,680422906,VARIOUS,,25,1,1800,TU;ST;PAL,ST,0.281,0.281,KG,230,3,230,MM
2608600276,CUTTING-DISC 305x3.0x25.4mm,A,3165140142687,44.35,ZAR,Bosch,74,Accessories,A,,,200,Z5,,,,,,680422906,TW,,1,1,900,TU;ST;PAL,ST,0.590,0.590,KG,110,5,110,MM
2608600316,DPC METAL CUTTING DISC 180X22,C,3165140149389,22.96,ZAR,Bosch,74,Accessories,A,,,0,Z5,,,,,,680422906,VARIOUS,,25,1,3000,TU;ST;PAL,ST,0.165,0.165,KG,180,3,180,MM
2608600318,115Mm Metal Cutting,A,3165140149402,9.91,ZAR,Bosch,74,Accessories,A,,,200,Z5,,,,,,680422906,VARIOUS,,25,1,8400,TU;ST;PAL,ST,0.057,0.057,KG,115,2.5,115,MM
2608600324,230Mm Metal Cutting Disc,A,3165140149495,27.13,ZAR,Bosch,74,Accessories,A,,,200,Z5,,,,,,680422906,VARIOUS,,25,1,1800,TU;ST;PAL,ST,0.260,0.260,KG,230,3,230,MM
2608600365,CUP WHEEL,C,3165140168441,652.18,ZAR,Bosch,74,Accessories,A,,,0,Z5,,,,,,680422906,DE,,1,1,800,ST;PAL;LU,ST,0.590,0.590,KG,217,28,185,MM
2608600539,Grinding Disc 115x6mm Inox,A,3165140218610,25.57,ZAR,Bosch,74,Accessories,A,,,102,Z5,,,,,,680422906,PH,,10,1,2560,TU;ST;PAL,ST,0.149,0.149,KG,115,6,115,MM
2608600545,Bosch Cutting Disc 115X22.2X1Mm,A,3165140220927,12.52,ZAR,Bosch,74,Accessories,A,,,200,Z5,,,,,,680422906,TR,,25,1,,TU;ST;PAL,ST,0.026,0.024,KG,115,1,115,MM
2608601005,Backing Pad 115mm 1x,A,3165140031202,97.04,ZAR,Bosch,74,Accessories,A,,,200,Z5,,,,,,846610006,CH,,1,1,2100,ST;PAL;LU,ST,0.105,0.095,KG,160,21,112,MM
2608601052,PRO Sanding Pad  Medium  150 mm,A,3165140063081,264.52,ZAR,Bosch,74,Accessories,A,,,9,Z5,,,,,,846610006,DE,,1,1,840,ST;PAL;LU,ST,0.153,0.153,KG,180,25,150,MM
2608601062,Backing Pad 125mm MH 1x,A,3165140077453,197.74,ZAR,Bosch,74,Accessories,A,,,44,Z5,,,,,,846610006,DE,,1,1,1200,ST;PAL;LU,ST,0.115,0.114,KG,153,25,125,MM
2608601063,Backing Pad 125mm S 1x,A,3165140077460,204.52,ZAR,Bosch,74,Accessories,A,,,4,Z5,,,,,,846610006,DE,,1,1,1596,ST;PAL;LU,ST,0.113,0.113,KG,153,25,126,MM
2608601065,Sanding Pad  Medium  115 mm,A,3165140079181,197.74,ZAR,Bosch,74,Accessories,A,,,12,Z5,,,,,,846610006,DE,,1,1,3400,ST;PAL;LU,ST,0.090,0.086,KG,143,16,114,MM
2608601114,Backing Pad 150mm ES 1x,A,3165140219457,264.52,ZAR,Bosch,74,Accessories,A,,,15,Z5,,,,,,846610006,SK,,1,1,1012,ST;PAL;LU,ST,0.155,0.155,KG,180,23,150,MM
2608601116,PRO Sanding Pad  Hard  150 mm,A,3165140219471,303.13,ZAR,Bosch,74,Accessories,A,,,11,Z5,,,,,,846610006,SK,,1,1,1012,ST;PAL;LU,ST,0.150,0.150,KG,180,23,150,MM
2608601185,PRO Sanding Pad  Medium-Hard  150 mm,A,3165140375214,355.30,ZAR,Bosch,74,Accessories,A,,,4,Z5,,,,,,846610006,DE,,1,1,840,ST;PAL;LU,ST,0.160,0.147,KG,180,25,155,MM
2608601209,Backing Pad 180mm 1x,A,3165140653206,193.04,ZAR,Bosch,74,Accessories,A,,,62,Z5,,,,,,846610006,CH,,1,1,540,ST;PAL;LU,ST,0.260,0.240,KG,219,18,175,MM
2608601238,14” cutting-off wheel (expert metal),A,3165140777230,44.87,ZAR,Bosch,74,Accessories,A,,,200,Z5,,,,,,680422906,IN,,10,1,780,TU;ST;PAL,ST,0.704,0.625,KG,355,3,355,MM
2608601346,Diamond Annular Bit,A,3165140810494,797.22,ZAR,Bosch,74,Accessories,A,,,3,Z7,,,,,,680421004,CN,,1,1,360,ST;PAL;LU,ST,0.420,0.250,KG,400,42,45,MM
2608601350,Diamond Annular Bit,A,3165140810531,870.26,ZAR,Bosch,74,Accessories,A,,,2,Z7,,,,,,680421004,CN,,1,1,360,ST;PAL;LU,ST,0.499,0.350,KG,401,42,45,MM
2608601351,Diamond Annular Bit,A,3165140810548,942.78,ZAR,Bosch,74,Accessories,A,,,3,Z7,,,,,,680421004,CN,,1,1,360,ST;PAL;LU,ST,0.525,0.350,KG,399,42,45,MM
2608601353,Diamond Annular Bit,A,3165140810562,1014.78,ZAR,Bosch,74,Accessories,A,,,2,Z7,,,,,,680421004,CN,,1,1,360,ST;PAL;LU,ST,0.604,0.400,KG,400,42,45,MM
2608601359,Diamond Annular Bit,A,3165140810623,1450.43,ZAR,Bosch,74,Accessories,A,,,10,Z7,,,,,,680421004,CN,,1,1,128,ST;PAL;LU,ST,1.705,1.200,KG,555,80,83,MM
2608601361,Diamond Annular Bit,A,3165140810647,1594.96,ZAR,Bosch,74,Accessories,A,,,3,Z7,,,,,,680421004,CN,,1,1,128,ST;PAL;LU,ST,1.958,1.450,KG,562,83,85,MM
2608601362,Diamond Annular Bit,A,3165140810654,1813.04,ZAR,Bosch,74,Accessories,A,,,3,Z7,,,,,,680421004,CN,,1,1,128,ST;PAL;LU,ST,2.279,1.700,KG,550,85,85,MM
2608601363,Diamond Annular Bit,A,3165140810661,1885.57,ZAR,Bosch,74,Accessories,A,,,5,Z7,,,,,,680421004,CN,,1,1,48,ST;PAL;LU,ST,2.620,1.800,KG,573,116,123,MM
2608601365,Diamond Annular Bit,A,3165140810685,2175.13,ZAR,Bosch,74,Accessories,A,,,5,Z7,,,,,,680421004,CN,,1,1,72,ST;PAL;LU,ST,3.250,2.100,KG,571,116,121,MM
2608601366,Diamond Annular Bit Diamantbohrkrone,A,3165140810692,2465.74,ZAR,Bosch,74,Accessories,A,,,2,Z7,,,,,,680421004,CN,,1,1,72,TU;ST;PAL,ST,3.540,2.400,KG,573,116,121,MM
2608601368,Diamond Annular Bit,A,3165140810715,2755.82,ZAR,Bosch,74,Accessories,A,,,6,Z7,,,,,,680421004,CN,,1,1,32,ST;PAL;LU,ST,3.900,2.750,KG,567,146,151,MM
2608601372,Diamond Annular Bit,A,3165140810753,3843.65,ZAR,Bosch,74,Accessories,A,,,3,Z7,,,,,,680421004,CN,,1,1,50,ST;PAL;KG,ST,5.320,4.750,KG,566,154,159,MM
2608601374,Diamond Annular Bit,A,3165140810777,4351.82,ZAR,Bosch,74,Accessories,A,,,3,Z7,,,,,,680421004,CN,,1,1,21,ST;PAL,ST,7.070,5.550,KG,568,195,200,MM
2608601378,Diamond Annular Bit,A,3165140810814,6164.87,ZAR,Bosch,74,Accessories,A,,,3,Z7,,,,,,680421004,CN,,1,1,18,ST;PAL,ST,10.460,7.400,KG,576,250,250,MM
2608601514,Cutting Disc 230x22.3mmStandard for INOX,A,3165140826600,18.78,ZAR,Bosch,74,Accessories,A,,,200,Z5,,,,,,680422906,CN,,25,1,3150,TU;ST;PAL,ST,0.185,0.168,KG,230,1.9,230,MM
2608601520,Bonded Disc 76x1.0x10mm  Exp Inox 5pcs,C,3165140830560,91.30,ZAR,Bosch,74,Accessories,A,,,0,Z5,,,,,,680422906,TH,,1,5,2000,ST;PAL;LU,ST,0.075,0.075,KG,78,1.5,78,MM
2608601707,Flap Disc Flap Disc SfM X433,A,3165140933896,12.52,ZAR,Bosch,74,Accessories,A,,,200,Z5,,,,,,680530006,CN,,10,1,4800,TU;ST;PAL,ST,0.086,0.081,KG,115,9.5,115,MM
2608601708,Flap Disc Flap Disc SfM X433,A,3165140933902,12.52,ZAR,Bosch,74,Accessories,A,,,200,Z5,,,,,,680530006,CN,,10,1,5400,TU;ST;PAL,ST,0.080,0.077,KG,115,9,115,MM
2608601709,Flap Disc Flap Disc SfM X433,A,3165140933919,12.52,ZAR,Bosch,74,Accessories,A,,,200,Z5,,,,,,680530006,CN,,10,1,4800,TU;ST;PAL,ST,0.072,0.072,KG,115,8.5,115,MM
2608601710,Flap Disc Flap Disc SfM X433,A,3165140933926,12.52,ZAR,Bosch,74,Accessories,A,,,200,Z5,,,,,,680530006,CN,,10,1,4800,TU;ST;PAL,ST,0.070,0.067,KG,115,8,115,MM
2608601761,Double Row Diamond Cup Wheel 115mm,A,3165140993463,228.00,ZAR,Bosch,74,Accessories,A,,,17,Z5,,,,,,680421004,CN,,1,1,864,ST;PAL;LU,ST,0.432,0.390,KG,141,25,117,MM
2608601762,Diamond Cup Wheel EFC Long Life,A,3165140993470,237.91,ZAR,Bosch,74,Accessories,A,,,13,Z5,,,,,,680421004,CN,,1,1,640,ST;PLA;PA,ST,0.560,0.494,KG,156,25,127,MM
2608601807,Diamond Annular Bit PRO Core Cutter wet,A,4059952674285,824.35,ZAR,Bosch,74,Accessories,A,,,2,Z5,,,,,,680421004,CN,,1,1,,ST;LU;1,ST,0.173,0.170,KG,160,10,90,MM
2608602196,Disc dia.Standard/Concrete 115x22.23x1.6,A,3165140441247,78.78,ZAR,Bosch,74,Accessories,A,,,5,Z5,,,,,,680421004,CN,,1,1,1480,ST;PAL;LU,ST,0.130,0.110,KG,118,8,149,MM
2608602197,Disc dia.Standard/Concrete 125x22.23x1.6,A,3165140441254,86.09,ZAR,Bosch,74,Accessories,A,,,3,Z5,,,,,,680421004,CN,,1,1,1480,ST;PAL;LU,ST,0.160,0.120,KG,127,8,159,MM
2608602198,Disc dia.Standard/Concrete  150x22.23x2,B,3165140441261,135.65,ZAR,Bosch,74,Accessories,A,,,1,Z5,,,,,,680421004,CN,,1,1,1280,ST;PAL;LU,ST,0.250,0.230,KG,154,8,181,MM
2608602199,Disc dia.Standard/Concrete  180x22.23x2,A,3165140441278,171.65,ZAR,Bosch,74,Accessories,A,,,11,Z5,,,,,,680421004,CN,,1,1,980,ST;PAL;LU,ST,0.350,0.300,KG,183,8,211,MM
2608602200,Disc dia.Standard/Concrete 230x22.23x2.3,C,3165140441285,193.57,ZAR,Bosch,74,Accessories,A,,,0,Z5,,,,,,680421004,CN,,1,1,600,ST;PAL;LU,ST,0.530,0.470,KG,233,8,263,MM
2608602201,Ceramic Cutting Disc  115 x 7 mm  Bore 2,A,3165140441292,93.39,ZAR,Bosch,74,Accessories,A,,,113,Z5,,,,,,680421004,CN,,1,1,3200,ST;PAL;LU,ST,0.130,0.102,KG,165,8,160,MM
2608602205,Ceramic Cutting Disc  230 x 7 mm  Bore 2,A,3165140441339,200.87,ZAR,Bosch,74,Accessories,A,,,23,Z5,,,,,,680421004,CN,,1,1,720,ST;PAL;LU,ST,0.574,0.518,KG,255,10,232,MM
2608602217,Semiflexible grinding disc 115x3.0x22.23,A,3165140448826,20.87,ZAR,Bosch,74,Accessories,A,,,86,Z5,,,,,,680422906,TH,,10,1,,TU;ST;PAL,ST,0.067,0.067,KG,117,4,117,MM
2608602282,Disc dia.Standard/Marble  115x22 23 mm,A,3165140484336,323.48,ZAR,Bosch,74,Accessories,A,,,12,Z5,,,,,,680421004,KR,,1,1,2000,ST;PAL;LU,ST,0.130,0.125,KG,155,5,155,MM
2608602283,Disc dia.Standard/Marble  230x22 23 mm,C,3165140484343,789.91,ZAR,Bosch,74,Accessories,A,,,0,Z5,,,,,,680421004,KR,,1,1,600,ST;PAL;LU,ST,0.640,0.500,KG,265,5,240,MM
2608602384,115mm MultiConstrcution Cutting Dis,A,3165140505208,16.70,ZAR,Bosch,74,Accessories,A,,,200,Z5,,,,,,680422906,TH,,25,1,,TU;ST;PAL,ST,0.024,0.020,KG,117,1.5,117,MM
2608602385,125mm MultiConstruction Cutting Disc,A,3165140505215,16.70,ZAR,Bosch,74,Accessories,A,,,200,Z5,,,,,,680422906,TH,,25,1,,TU;ST;PAL,ST,0.033,0.024,KG,125,2,125,MM
2608602393,Bosch 115Mm X 22.23Mm Pro Unvrsl Trbo,A,3165140510004,128.87,ZAR,Bosch,74,Accessories,A,,,9,Z5,,,,,,680421004,CN,,1,1,2000,ST;PAL;LU,ST,0.140,0.137,KG,155,5,150,MM
2608602394,Bosch 125Mm X 22.23Mm Pro Unvrsl Trbo,A,3165140510011,135.65,ZAR,Bosch,74,Accessories,A,,,12,Z5,,,,,,680421004,CN,,1,1,2000,ST;PAL;LU,ST,0.164,0.122,KG,155,4,155,MM
2608602396,Disc dia.Standard/Universal Turbo  180mm,A,3165140510035,250.96,ZAR,Bosch,74,Accessories,A,,,12,Z5,,,,,,680421004,CN,,1,1,1000,ST;PAL;LU,ST,0.365,0.324,KG,219,5,188,MM
2608602397,Bosch 230mm X 22.23mm Pro Unvrsl Turbo,A,3165140510042,286.43,ZAR,Bosch,74,Accessories,A,,,11,Z5,,,,,,680421004,CN,,1,1,600,ST;PAL;LU,ST,0.660,0.650,KG,265,5,240,MM
2608602478,Disc dia Best/CeramExtracleanTurbo 115mm,A,3165140518086,179.48,ZAR,Bosch,74,Accessories,A,,,9,Z5,,,,,,680421004,CN,,1,1,2000,ST;PAL;LU,ST,0.120,0.078,KG,155,10,155,MM
2608602544,Standard for Concrete 350x20/25.4mm,C,3165140576482,718.43,ZAR,Bosch,74,Accessories,A,,,0,Z5,,,,,,680421004,CN,,1,1,250,ST;PAL;LU,ST,1.750,1.600,KG,395,15,360,MM
2608602545,Standard for Concrete 400x20/25.4mm,A,3165140576499,1364.87,ZAR,Bosch,74,Accessories,A,,,1,Z5,,,,,,680421004,CN,,1,1,100,ST;PAL;LU,ST,2.700,2.400,KG,420,20,415,MM
2608602597,Bosch 115Mm X 22.23Mm Pro For Stone,A,3165140581035,86.09,ZAR,Bosch,74,Accessories,A,,,9,Z5,,,,,,680421004,CN,,1,1,2000,ST;PAL;LU,ST,0.156,0.110,KG,165,5,160,MM
2608602600,Disc dia Standard/Stone  180x22.23x2 mm,A,3165140581066,286.43,ZAR,Bosch,74,Accessories,A,,,4,Z5,,,,,,680421004,CN,,1,1,1000,ST;PAL;LU,ST,0.390,0.330,KG,220,5,190,MM
2608602601,Bosch 230Mm X 22.23Mm Pro For Stone,A,3165140581073,430.43,ZAR,Bosch,74,Accessories,A,,,14,Z5,,,,,,680421004,CN,,1,1,600,ST;PAL;LU,ST,0.693,0.630,KG,270,5,240,MM
2608602602,Standard for Stone 300x20/25.4mm,C,3165140581080,789.91,ZAR,Bosch,74,Accessories,A,,,0,Z5,,,,,,680421004,CN,,1,1,300,ST;PAL;LU,ST,1.486,1.200,KG,345,10,310,MM
2608602603,Standard for Stone 350x20/25.4mm,A,3165140581097,1005.91,ZAR,Bosch,74,Accessories,A,,,2,Z5,,,,,,680421004,CN,,1,1,250,ST;PAL;LU,ST,1.984,1.600,KG,395,10,360,MM
2608602624,Standard for Asphalt 300x20/25.4mm,C,3165140581301,735.65,ZAR,Bosch,74,Accessories,A,,,0,Z3,,,,,,680421004,KR,,1,1,300,ST;PAL;LU,ST,1.320,1.200,KG,345,7,315,MM
2608602625,Standard for Asphalt 350x20/25.4mm,A,3165140581318,856.18,ZAR,Bosch,74,Accessories,A,,,3,Z5,,,,,,680421004,CN,,1,1,200,ST;PAL;LU,ST,1.900,1.600,KG,395,7,360,MM
2608602626,Standard for Asphalt 400x20/25.4mm,A,3165140581325,1233.39,ZAR,Bosch,74,Accessories,A,,,12,Z5,,,,,,680421004,CN,,1,1,100,ST;PAL;LU,ST,2.640,2.400,KG,420,16,415,MM
2608602627,Diamond disc Asphalt LPP 450,C,3165140581332,1465.57,ZAR,Bosch,74,Accessories,A,,,0,Z5,,,,,,680421004,CN,,1,1,102,ST;PAL;LU,ST,4.000,3.500,KG,465,15,460,MM
2608602634,Disc dia Best for Ceramic  230x22.23x2.4,A,3165140581400,430.43,ZAR,Bosch,74,Accessories,A,,,26,Z5,,,,,,680421004,CN,,1,1,720,ST;PAL;LU,ST,0.580,0.580,KG,270,4,239,MM
2608602641,Disc dia Best for Stone  115x22.23x2.2mm,A,3165140581479,286.43,ZAR,Bosch,74,Accessories,A,,,11,Z5,,,,,,680421004,CN,,1,1,2000,ST;PAL;LU,ST,0.145,0.110,KG,165,10,158,MM
2608602655,Disc dia. Best/Concrete  230x22.23x2.4mm,A,3165140581615,573.91,ZAR,Bosch,74,Accessories,A,,,8,Z5,,,,,,680421004,CN,,1,1,600,ST;PAL;LU,ST,1.200,1.200,KG,262,5,234,MM
2608602767,GRINDING WHEEL,A,3165140629720,39.65,ZAR,Bosch,74,Accessories,A,,,200,Z5,,,,,,680422906,TH,,25,1,1350,TU;ST;PAL,ST,0.163,0.151,KG,231,4,227,MM
2608603159,STD Metal Disc 115x2.5x22.23mm  D,B,3165140658560,6.26,ZAR,Bosch,74,Accessories,A,,,6,Z5,,,,,,680422906,CN,,25,1,,TU;ST;PAL,ST,0.058,0.055,KG,116,5,116,MM
2608603160,STD Metal Disc 125x2.5x22.23mm  D,C,3165140658577,6.78,ZAR,Bosch,74,Accessories,A,,,0,Z5,,,,,,680422906,CN,,25,1,9600,TU;ST;PAL,ST,0.070,0.066,KG,126,3,126,MM
2608603161,STD Metal Disc 180x3x22.23mm  D,B,3165140658584,22.96,ZAR,Bosch,74,Accessories,A,,,38,Z5,,,,,,680422906,CN,,20,1,3840,TU;ST;PAL,ST,0.180,0.166,KG,180,5,180,MM
2608603162,STD Metal Disc 230x3x22.23mm  D,A,3165140658591,18.26,ZAR,Bosch,74,Accessories,A,,,200,Z5,,,,,,680422906,CN,,25,1,2250,TU;ST;PAL,ST,0.275,0.270,KG,230,3,230,MM
2608603163,DISQUE STD METAL 115x1.6X22MM DROIT,A,3165140658607,6.26,ZAR,Bosch,74,Accessories,A,,,200,Z5,,,,,,680422906,CN,,25,1,,TU;ST;PAL,ST,0.036,0.034,KG,116,2,116,MM
2608603164,STD Metal Disc 115x2.5x22.23mm  S,A,3165140658614,6.78,ZAR,Bosch,74,Accessories,A,,,200,Z5,,,,,,680422906,CN,,25,1,,TU;ST;PAL,ST,0.055,0.055,KG,115,2,115,MM
2608603168,STD Metal Disc 230x3x22.23mm  S,A,3165140658270,18.26,ZAR,Bosch,74,Accessories,A,,,200,Z5,,,,,,680422906,CN,,25,1,2400,TU;ST;PAL,ST,0.280,0.270,KG,230,3,230,MM
2608603169,STD Inox Disc 115x1x22.23mm,A,3165140658287,6.78,ZAR,Bosch,74,Accessories,A,,,200,Z5,,,,,,680422906,CN,,25,1,,TU;ST;PAL,ST,0.029,0.027,KG,115,1.5,115,MM
2608603170,STD Inox Disc 115x1.6x22.23mm,A,3165140658294,6.78,ZAR,Bosch,74,Accessories,A,,,200,Z5,,,,,,680422906,CN,,25,1,,TU;ST;PAL,ST,0.039,0.032,KG,116,2,116,MM
2608603171,STD Inox Disc 125x1x22.23mm,C,3165140658300,7.82,ZAR,Bosch,74,Accessories,A,,08.29.2026,2,Z5,,,,,,680422906,CN,,25,1,,TU;ST;PAL,ST,0.035,0.030,KG,125,2,125,MM
2608603172,STD Inox Disc 125x1.6x22.23mm,C,3165140658317,7.82,ZAR,Bosch,74,Accessories,A,,,0,Z5,,,,,,680422906,CN,,25,1,,TU;ST;PAL,ST,0.042,0.020,KG,126,2,126,MM
2608603173,STD Stone Disc 115x2.5x22.23mm  D,A,3165140658324,7.82,ZAR,Bosch,74,Accessories,A,,,24,Z5,,,,,,680422906,CN,,25,1,,TU;ST;PAL,ST,0.050,0.045,KG,116,3,116,MM
2608603176,STD Stone Disc 230x3x22.23mm  D,A,3165140658355,22.43,ZAR,Bosch,74,Accessories,A,,,54,Z5,,,,,,680422906,CN,,25,1,2250,TU;ST;PAL,ST,0.232,0.224,KG,232,9,232,MM
2608603177,STD Stone Disc 115x3x22.23mm  S,A,3165140658362,7.82,ZAR,Bosch,74,Accessories,A,,,200,Z5,,,,,,680422906,CN,,25,1,9600,TU;ST;PAL,ST,0.064,0.053,KG,116,4,116,MM
2608603180,STD Stone Disc 230x3x22.23mm  S,A,3165140658379,22.43,ZAR,Bosch,74,Accessories,A,,,200,Z5,,,,,,680422906,CN,,25,1,2400,TU;ST;PAL,ST,0.235,0.232,KG,233,4,233,MM
2608603181,STD Grinding Disc 115x6x22.23mm,A,3165140658386,13.04,ZAR,Bosch,74,Accessories,A,,,200,Z5,,,,,,680422906,CN,,10,1,4200,TU;ST;PAL,ST,0.150,0.140,KG,115,10,115,MM
2608603182,STD Grinding Disc 125x6x22.23mm,A,3165140658393,16.70,ZAR,Bosch,74,Accessories,A,,,83,Z5,,,,,,680422906,CN,,10,1,3500,TU;ST;PAL,ST,0.170,0.165,KG,126,10,126,MM
2608603183,10D Grinding Disc 180x6x22.23mm,C,3165140658409,25.57,ZAR,Bosch,74,Accessories,A,,,0,Z5,,,,,,680422906,CN,,10,1,1920,TU;ST;PAL,ST,0.365,0.355,KG,181,13,181,MM
2608603184,STD Grinding Disc 230x6x22.23mm,A,3165140658416,34.43,ZAR,Bosch,74,Accessories,A,,,200,Z5,,,,,,680422906,CN,,10,1,1080,TU;ST;PAL,ST,0.570,0.555,KG,230,10.5,230,MM
2608603652,Flap Disc SfM 115mm G40 1x,C,3165140744034,18.26,ZAR,Bosch,74,Accessories,A,,,0,Z5,,,,,,680530006,TR,,10,1,2700,TU;ST;PAL,ST,0.070,0.064,KG,116,8,116,MM
2608603653,Flap Disc SfM 115mm G60 1x,A,3165140744041,18.26,ZAR,Bosch,74,Accessories,A,,,18,Z5,,,,,,680530006,TR,,10,1,2700,TU;ST;PAL,ST,0.065,0.062,KG,116,8,116,MM
2608603654,Flap Disc SfM 115mm G80 1x,A,3165140744058,18.26,ZAR,Bosch,74,Accessories,A,,,200,Z5,,,,,,680530006,TR,,10,1,2700,TU;ST;PAL,ST,0.060,0.060,KG,116,8,116,MM
2608605294,Sanding Sheet EfWP 93x230mm G40,A,3165140161114,74.09,ZAR,Bosch,74,Accessories,A,,,11,Z5,,,,,,680520001,CH,,5,10,1280,TU;ST;PLA,ST,0.152,0.126,KG,270,13,100,MM
2608605295,Sanding Sheet EfWP 93x230mm G60,A,3165140161121,74.09,ZAR,Bosch,74,Accessories,A,,,11,Z5,,,,,,680520001,CH,,5,10,1280,TU;ST;PLA,ST,0.118,0.115,KG,270,15,100,MM
2608605296,Sanding Sheet EfWP 93x230mm G80,A,3165140161138,74.09,ZAR,Bosch,74,Accessories,A,,,15,Z5,,,,,,680520001,CH,,5,10,1280,TU;ST;PLA,ST,0.101,0.096,KG,260,16,105,MM
2608605298,Sanding Sheet EfWP 93x230mm G120,A,3165140161152,74.09,ZAR,Bosch,74,Accessories,A,,,15,Z5,,,,,,680520001,CH,,5,10,1280,TU;ST;PLA,ST,0.083,0.078,KG,270,10,100,MM
2608605300,Sanding Sheet EfWP 93x230mm G180,A,3165140161176,74.09,ZAR,Bosch,74,Accessories,A,,,200,Z5,,,,,,680520001,CH,,5,10,1280,TU;ST;PLA,ST,0.087,0.075,KG,270,10,102,MM
2608605311,Sanding Sheet EfWP 93x230mm G60,A,3165140161282,78.26,ZAR,Bosch,74,Accessories,A,,,15,Z5,,,,,,680520001,CH,,5,10,1280,TU;ST;PLA,ST,0.116,0.116,KG,259,18,105,MM
2608605312,Sanding Sheet EfWP 93x230mm G80,A,3165140161299,62.61,ZAR,Bosch,74,Accessories,A,,,24,Z5,,,,,,680520001,CH,,5,10,1280,TU;ST;PLA,ST,0.112,0.112,KG,270,14,100,MM
2608605313,Sanding Sheet EfWP 93x230mm G120,A,3165140161305,62.61,ZAR,Bosch,74,Accessories,A,,,9,Z5,,,,,,680520001,CH,,5,10,1280,TU;ST;PLA,ST,0.096,0.093,KG,270,10,100,MM
2608605314,Sanding Sheet EfWP 93x230mm G180,A,3165140161312,62.61,ZAR,Bosch,74,Accessories,A,,,5,Z5,,,,,,680520001,CH,,5,10,1280,TU;ST;PLA,ST,0.088,0.080,KG,270,10,100,MM
2608606080,Sanding Belt BfWP 75x533mm G40,A,3165140164160,204.00,ZAR,Bosch,74,Accessories,A,,,45,Z5,,,,,,680510007,CH,,2,10,288,TU;ST;PLA,ST,0.492,0.467,KG,69,236,75,MM
2608606081,Sanding Belt BfWP 75x533mm G60,A,3165140164177,204.00,ZAR,Bosch,74,Accessories,A,,,72,Z5,,,,,,680510007,CH,,1,10,480,ST;PLA;PA,ST,0.387,0.368,KG,230,80,75,MM
2608606082,Sanding Belt BfWP 75x533mm G80,A,3165140164184,204.00,ZAR,Bosch,74,Accessories,A,,,91,Z5,,,,,,680510007,CH,,1,10,576,ST;PLA;PA,ST,0.323,0.307,KG,230,80,75,MM
2608606083,Sanding Belt BfWP 75x533mm G100,A,3165140164191,204.00,ZAR,Bosch,74,Accessories,A,,,95,Z5,,,,,,680510007,CH,,1,10,576,ST;PLA;PA,ST,0.305,0.290,KG,230,75,75,MM
2608606085,Sanding Belt BfWP 75x533mm G220,A,3165140164214,204.00,ZAR,Bosch,74,Accessories,A,,,23,Z5,,,,,,680510007,CH,,1,10,384,ST;PLA;PA,ST,0.317,0.301,KG,230,70,75,MM
2608606134,Sanding Belt BfWP 100x610mm G40,A,3165140164702,315.65,ZAR,Bosch,74,Accessories,A,,,29,Z5,,,,,,680510007,CH,,2,10,160,TU;ST;PLA,ST,0.758,0.720,KG,270,100,72,MM
2608606135,Sanding Belt BfWP 100x610mm G60,A,3165140164719,315.65,ZAR,Bosch,74,Accessories,A,,,26,Z5,,,,,,680510007,CH,,1,10,320,ST;PLA;PA,ST,0.595,0.595,KG,265,70,102,MM
2608606136,Sanding Belt BfWP 100x610mm G80,A,3165140164726,315.65,ZAR,Bosch,74,Accessories,A,,,29,Z5,,,,,,680510007,CH,,1,10,320,ST;PLA;PA,ST,0.518,0.492,KG,270,70,100,MM
2608606137,Sanding Belt BfWP 100x610mm G100,A,3165140164733,315.65,ZAR,Bosch,74,Accessories,A,,,23,Z5,,,,,,680510007,CH,,1,10,320,ST;PLA;PA,ST,0.483,0.459,KG,250,95,100,MM
2608606138,Sanding Belt BfWP 100x610mm G150,A,3165140164740,315.65,ZAR,Bosch,74,Accessories,A,,,28,Z5,,,,,,680510007,CH,,1,10,320,ST;PLA;PA,ST,0.474,0.451,KG,260,100,102,MM
2608606727,Fibre-Sanding Disc BfM 115mm G60 1x,C,3165140179928,7.30,ZAR,Bosch,74,Accessories,A,,,0,Z5,,,,,,680520001,TR,,50,1,,TU;ST;PAL,ST,0.021,0.018,KG,135,2,135,MM
2608606728,Fibre-Sanding Disc BfM 115mm G80 1x,A,3165140179935,7.30,ZAR,Bosch,74,Accessories,A,,,200,Z5,,,,,,680530006,TR,,50,1,,TU;ST;PAL,ST,0.017,0.017,KG,115,1.5,115,MM
2608606729,Fibre-Sanding Disc BfM 115mm G100 1x,A,3165140179942,7.30,ZAR,Bosch,74,Accessories,A,,,200,Z5,,,,,,680530006,TR,,50,1,,TU;ST;PAL,ST,0.016,0.016,KG,115,1,115,MM
2608606730,Fibre-Sanding Disc BfM 115mm G120 1x,A,3165140179959,7.30,ZAR,Bosch,74,Accessories,A,,,69,Z5,,,,,,680510007,TR,,50,1,,TU;ST;PAL,ST,0.016,0.016,KG,135,2,130,MM
2608606740,Fibre-Sanding Disc BfM 180mm G24 1x,A,3165140180054,15.65,ZAR,Bosch,74,Accessories,A,,,44,Z5,,,,,,680530006,TR,,50,1,,TU;ST;PAL,ST,0.062,0.057,KG,180,3,180,MM
2608606742,Fibre-Sanding Disc BfM 180mm G60 1x,A,3165140180078,16.18,ZAR,Bosch,74,Accessories,A,,,121,Z5,,,,,,680510007,TR,,50,1,,TU;ST;PAL,ST,0.045,0.042,KG,180,2,180,MM
2608606743,Fibre-Sanding Disc BfM 180mm G80 1x,A,3165140180085,16.18,ZAR,Bosch,74,Accessories,A,,,85,Z5,,,,,,680510007,TR,,50,1,,TU;ST;PAL,ST,0.042,0.039,KG,182,2,182,MM
2608606744,Fibre-Sanding Disc BfM 180mm G100 1x,A,3165140180092,16.18,ZAR,Bosch,74,Accessories,A,,,105,Z5,,,,,,680520001,TR,,50,1,,TU;ST;PAL,ST,0.040,0.040,KG,190,2,190,MM
2608606745,Fibre-Sanding Disc BfM 180mm G120 1x,A,3165140180108,16.18,ZAR,Bosch,74,Accessories,A,,,33,Z5,,,,,,680510007,TR,,50,1,,TU;ST;PAL,ST,0.038,0.035,KG,182,2,182,MM
2608607254,Fibre-Sanding Disc BfM 115mm G36 1x,B,3165140247917,7.30,ZAR,Bosch,74,Accessories,A,,,66,Z5,,,,,,680530006,TR,,50,1,4000,TU;ST;PAL,ST,0.025,0.023,KG,117,3,117,MM
2608607256,Fibre-Sanding Disc BfM 180mm G36 1x,A,3165140247931,16.18,ZAR,Bosch,74,Accessories,A,,,200,Z5,,,,,,680530006,TR,,50,1,,TU;ST;PAL,ST,0.054,0.054,KG,182,3,182,MM
2608607259,Sanding Belt BfWP 75x533mm G120,A,3165140247962,204.00,ZAR,Bosch,74,Accessories,A,,,31,Z5,,,,,,680510007,CH,,1,10,576,ST;PLA;PA,ST,0.294,0.279,KG,230,75,75,MM
2608607261,Sanding Belt BfWP 75x533mm G180,A,3165140247986,204.00,ZAR,Bosch,74,Accessories,A,,,56,Z5,,,,,,680510007,CH,,1,10,640,ST;PLA;PA,ST,0.284,0.270,KG,220,75,95,MM
2608607263,Sanding Belt BfWP 100x610mm G120,A,3165140248006,315.65,ZAR,Bosch,74,Accessories,A,,,6,Z5,,,,,,680510007,CH,,1,10,320,ST;PLA;PA,ST,0.450,0.428,KG,260,90,103,MM
2608607322,Flap Disc BfM 115mm G40 1x,C,3165140270236,32.35,ZAR,Bosch,74,Accessories,A,,,0,Z5,,,,,,680530006,TR,,10,1,2700,TU;ST;PAL,ST,0.084,0.074,KG,117,22,117,MM
2608607323,Flap Disc BfM 115mm G60 1x,A,3165140270243,32.35,ZAR,Bosch,74,Accessories,A,,,60,Z5,,,,,,680530006,TR,,10,1,2700,TU;ST;PAL,ST,0.083,0.072,KG,117,22,117,MM
2608607324,Flap Disc BfM 115mm G80 1x,C,3165140270250,32.35,ZAR,Bosch,74,Accessories,A,,,0,Z5,,,,,,680530006,TR,,10,1,2700,TU;ST;PAL,ST,0.080,0.072,KG,116,10,116,MM
2608607325,Flap Disc BfM 115mm G120 1x,A,3165140270267,32.35,ZAR,Bosch,74,Accessories,A,,,114,Z5,,,,,,680510007,TR,,10,1,2700,TU;ST;PAL,ST,0.078,0.067,KG,117,22,117,MM
2608608Y00,BfW+P 115x140  10pc  G40-G180,A,3165140805834,54.78,ZAR,Bosch,74,Accessories,A,,,2,Z7,,,,,,680520001,CH,,5,10,1680,TU;ST;PLA,ST,0.080,0.079,KG,175,20,130,MM
2608612024,Polishing Sponge  170mm  soft,A,3165140632409,276.00,ZAR,Bosch,74,Accessories,A,,,21,Z5,,,,,,392690905,CH,,1,1,480,ST;PAL;LU,ST,0.046,0.032,KG,263,33,204,MM
2608612026,Lambswool Bonnet 170mm 1x,A,3165140632423,276.00,ZAR,Bosch,74,Accessories,A,,,32,Z5,,,,,,591190900,DE,,1,1,960,ST;PAL;LU,ST,0.036,0.036,KG,240,10,200,MM
2608612027,Rubber Backing Pad 150mm 1x,A,3165140632430,414.78,ZAR,Bosch,74,Accessories,A,,,17,Z5,,,,,,846610006,CH,,1,1,540,ST;PAL;LU,ST,0.180,0.150,KG,200,45,150,MM
2608615027,Diamond Cutting Blade,A,3165140857048,39.65,ZAR,Bosch,74,Accessories,A,,,200,Z5,,,,,,680421004,CN,,10,1,3000,TU;ST;PLA,ST,0.131,0.120,KG,118,138,7,MM
2608615028,Diamond Cutting Blade,A,3165140857055,51.13,ZAR,Bosch,74,Accessories,A,,,26,Z5,,,,,,680421004,CN,,10,1,2400,TU;ST;PLA,ST,0.149,0.129,KG,128,148,7,MM
2608615030,Diamond Cutting Blade,A,3165140857079,113.74,ZAR,Bosch,74,Accessories,A,,,6,Z5,,,,,,680421004,CN,,10,1,1080,TU;ST;PLA,ST,0.362,0.310,KG,184,204,7,MM
2608615031,Diamond Cutting Blade,A,3165140857086,123.13,ZAR,Bosch,74,Accessories,A,,,200,Z5,,,,,,680421004,CN,,10,1,600,TU;ST;PLA,ST,0.658,0.630,KG,232,255,7,MM
2608615036,Diamond Cutting Blade,A,3165140857130,66.78,ZAR,Bosch,74,Accessories,A,,,200,Z5,,,,,,680421004,CN,,10,1,3000,TU;ST;PAL,ST,0.133,0.106,KG,118,138,7,MM
2608615039,Diamond Cutting Blade,A,3165140857161,170.61,ZAR,Bosch,74,Accessories,A,,,200,Z5,,,,,,680421004,CN,,10,1,600,TU;ST;PAL,ST,0.656,0.586,KG,232,255,7,MM
2608615057,Diamond Disc Standard for Universal 115m,A,3165140869676,75.13,ZAR,Bosch,74,Accessories,A,,,200,Z5,,,,,,680421004,CN,,1,1,1440,ST;PAL;LU,ST,0.159,0.120,KG,165,10,160,MM
2608615059,Diamond Cutting Blade Standard>Universal,A,3165140869690,87.13,ZAR,Bosch,74,Accessories,A,,,11,Z5,,,,,,680421004,CN,,1,1,1440,ST;PAL;LU,ST,0.180,0.130,KG,165,10,160,MM
2608615061,Diamond Cutting Blade Standard>Universal,A,3165140869713,119.48,ZAR,Bosch,74,Accessories,A,,,47,Z5,,,,,,680421004,CN,,1,1,1200,ST;PAL;LU,ST,0.261,0.230,KG,192,10,175,MM
2608615063,Diamond Cutting Blade Standard>Universal,A,3165140869737,161.74,ZAR,Bosch,74,Accessories,A,,,8,Z5,,,,,,680421004,CN,,1,1,900,ST;PAL;LU,ST,0.370,0.320,KG,220,10,192,MM
2608615065,PROMultiMaterialDiamondDisc 230x22.23mm,A,3165140869751,213.39,ZAR,Bosch,74,Accessories,A,,,200,Z5,,,,,,680421004,CN,,1,1,480,ST;PAL;LU,ST,0.650,0.580,KG,263,10,234,MM
2608615067,Diamond Cutting Blade Standard>Universal,A,3165140869775,639.13,ZAR,Bosch,74,Accessories,A,,,9,Z5,,,,,,680421004,CN,,1,1,300,ST;PAL;LU,ST,1.435,1.190,KG,340,10,310,MM
2608615071,Diamond Cutting Blade Standard>Universal,A,3165140869812,873.91,ZAR,Bosch,74,Accessories,A,,,11,Z5,,,,,,680421004,CN,,1,1,210,ST;PAL;LU,ST,1.945,1.660,KG,389,10,358,MM
2608619383,Cutting Disc Standard for Metal,A,4059952524764,4.18,ZAR,Bosch,74,Accessories,A,,,200,Z5,,,,,,680422906,CN,,50,1,,TU;ST;PAL,ST,0.028,0.027,KG,115,5,110,MM
2608619766,Cutting Disc 14 inch green,A,4059952613741,41.74,ZAR,Bosch,74,Accessories,A,,,200,Z5,,,,,,680422906,SG,,1,1,1050,ST;PAL;LU,ST,0.650,0.640,KG,355,2.8,355,MM
2608619768,Stainless Steel and Metal Cutting Disc ,A,4059952631356,6.78,ZAR,Bosch,74,Accessories,A,,,200,Z5,,,,,,680422906,CN,,50,1,,TU;ST;PAL,ST,0.035,0.032,KG,125,5,118,MM
2608619769,Stainless Steel and Metal Cutting Disc ,A,4059952631363,13.04,ZAR,Bosch,74,Accessories,A,,,200,Z5,,,,,,680422906,CN,,25,1,6000,TU;ST;PAL,ST,0.101,0.095,KG,177,5,179,MM
2608619770,Stainless Steel and Metal Cutting Disc ,A,4059952631370,18.26,ZAR,Bosch,74,Accessories,A,,,200,Z5,,,,,,680422906,CN,,25,1,3600,TU;ST;PAL,ST,0.202,0.180,KG,219,5,230,MM
2608619773,TS Std. for Inox 230x1.9x22.23 gerade,A,4059952631400,28.70,ZAR,Bosch,74,Accessories,A,,,200,Z5,,,,,,680422906,CN,,25,1,3600,TU;ST;PAL,ST,0.180,0.180,KG,230,1.9,230,MM
2608619776,TS Std. for Metal 230x2.5x22.23 gekröpft,C,4059952631431,25.04,ZAR,Bosch,74,Accessories,A,,,0,Z5,,,,,,680422906,CN,,25,1,2700,TU;ST;PAL,ST,0.245,0.245,KG,230,5,230,MM
2608621464,Roll 115mmX5.000mm,A,3165140912495,126.26,ZAR,Bosch,74,Accessories,A,,,9,Z5,,,,,,680510007,CN,,1,1,416,ST;PLA;PA,ST,0.590,0.560,KG,115,115,85,MM
2608621465,Roll 115mmX5.000mm,A,3165140912501,126.26,ZAR,Bosch,74,Accessories,A,,,5,Z5,,,,,,680510007,CN,,1,1,480,ST;PLA;PA,ST,0.523,0.497,KG,137,62,62,MM
2608621466,Roll 115mmX5.000mm,A,3165140912518,126.26,ZAR,Bosch,74,Accessories,A,,,10,Z5,,,,,,680510007,CN,,1,1,544,ST;PLA;PA,ST,0.415,0.394,KG,115,115,75,MM
2608621467,Roll 115mmX5.000mm,A,3165140912525,126.26,ZAR,Bosch,74,Accessories,A,,,6,Z5,,,,,,680510007,CN,,1,1,640,ST;PLA;PA,ST,0.350,0.350,KG,115,115,8,MM
2608621527,EWD Hand sanding sheet 280 X 230 mm G60,A,3165140911948,364.70,ZAR,Bosch,74,Accessories,A,,,7,Z5,,,,,,680520001,CN,,1,100,108,ST;PAL;LU,ST,4.300,4.300,KG,80,280,230,MM
2608621528,EWD Hand sanding sheet 280 X 230 mm G80,C,3165140911955,364.70,ZAR,Bosch,74,Accessories,A,,,0,Z5,,,,,,680520001,CN,,1,100,144,ST;PAL;LU,ST,2.800,2.700,KG,70,280,230,MM
2608621529,EWD Hand sanding sheet 280 X 230 mm G100,C,3165140911962,364.70,ZAR,Bosch,74,Accessories,A,,,0,Z5,,,,,,680520001,CN,,1,100,144,ST;PAL;LU,ST,2.400,2.300,KG,50,280,230,MM
2608621530,EWD Hand sanding sheet 280 X 230 mm G120,A,3165140911979,364.70,ZAR,Bosch,74,Accessories,A,,,14,Z5,,,,,,680520001,CN,,1,100,180,ST;PAL;LU,ST,2.000,1.900,KG,50,280,230,MM
2608621531,EWD Hand sanding sheet 280 X 230 mm G150,A,3165140911986,364.70,ZAR,Bosch,74,Accessories,A,,,30,Z5,,,,,,680520001,CN,,1,100,180,ST;PAL;LU,ST,2.300,2.300,KG,50,280,230,MM
2608621532,EWD Hand sanding sheet 280 X 230 mm G180,A,3165140911993,364.70,ZAR,Bosch,74,Accessories,A,,,15,Z5,,,,,,680520001,CN,,1,100,180,ST;PAL;LU,ST,2.800,2.800,KG,40,280,230,MM
2608621533,EWD Hand sanding sheet 280 X 230 mm G220,A,3165140912006,364.70,ZAR,Bosch,74,Accessories,A,,,20,Z5,,,,,,680520001,CN,,1,100,180,ST;PAL;LU,ST,1.950,1.950,KG,40,280,230,MM
2608621534,EWD Hand sanding sheet 280 X 230 mm G240,A,3165140912013,364.70,ZAR,Bosch,74,Accessories,A,,,31,Z5,,,,,,680520001,CN,,1,100,180,ST;PAL;LU,ST,2.200,2.200,KG,40,280,230,MM
2608621535,EWD Hand sanding sheet 280 X 230 mm G320,A,3165140912020,364.70,ZAR,Bosch,74,Accessories,A,,,28,Z5,,,,,,680520001,CN,,1,100,288,ST;PAL;LU,ST,1.500,1.150,KG,30,280,230,MM
2608621536,EWD Hand sanding sheet 280 X 230 mm G400,C,3165140912037,364.70,ZAR,Bosch,74,Accessories,A,,,0,Z5,,,,,,680520001,CN,,1,100,360,ST;PAL;LU,ST,1.400,0.990,KG,25,280,230,MM
2608621537,EWD Hand sanding sheet 280 X 230 mm G500,A,3165140912044,364.70,ZAR,Bosch,74,Accessories,A,,,22,Z5,,,,,,680520001,CN,,1,100,360,ST;PAL;LU,ST,1.300,1.200,KG,24,280,230,MM
2608621538,EWD Hand sanding sheet 280 X 230 mm G600,A,3165140912051,364.70,ZAR,Bosch,74,Accessories,A,,,64,Z5,,,,,,680520001,CN,,1,100,360,ST;PAL;LU,ST,1.400,1.400,KG,24,280,230,MM
2608621539,EWD Hand sanding sheet 280 X 230 mm G800,A,3165140912068,364.70,ZAR,Bosch,74,Accessories,A,,,5,Z5,,,,,,680520001,CN,,1,100,360,ST;PAL;LU,ST,1.200,1.120,KG,20,280,230,MM
2608621540,EWD Hand sanding sheet 280 X 230 mm G100,A,3165140912075,364.70,ZAR,Bosch,74,Accessories,A,,,10,Z5,,,,,,680520001,CN,,1,100,360,ST;PAL;LU,ST,1.900,1.900,KG,20,280,230,MM
2608621541,EWD Hand sanding sheet 280 X 230 mm G120,A,3165140912082,364.70,ZAR,Bosch,74,Accessories,A,,,5,Z5,,,,,,680520001,CN,,1,100,360,ST;PAL;LU,ST,1.300,1.300,KG,20,280,230,MM
2608621542,EWD Hand sanding sheet 280 X 230 mm G150,A,3165140912099,364.70,ZAR,Bosch,74,Accessories,A,,,5,Z5,,,,,,680520001,CN,,1,100,360,ST;PAL;LU,ST,1.100,1.000,KG,20,280,230,MM
2608621543,EWD Hand sanding sheet 280 X 230 mm G200,A,3165140912105,364.70,ZAR,Bosch,74,Accessories,A,,,11,Z5,,,,,,680520001,CN,,1,100,360,ST;PAL;LU,ST,1.100,1.100,KG,20,280,230,MM
2608621544,EWD Hand sanding sheet 280 X 230 mm G250,A,3165140912112,364.70,ZAR,Bosch,74,Accessories,A,,,10,Z5,,,,,,680520001,CN,,1,100,360,ST;PAL;LU,ST,1.100,1.100,KG,20,280,230,MM
2608621684,Delta F460: 93mm 6P. G40 x5,A,3165140959865,41.22,ZAR,Bosch,74,Accessories,A,,,8,Z5,,,,,,680530006,CH,,5,5,4480,TU;ST;PLA,ST,0.036,0.034,KG,122,18,105,MM
2608621685,Sanding Sheet F460 BfWP G60 93mm,A,3165140959872,41.22,ZAR,Bosch,74,Accessories,A,,,8,Z5,,,,,,680530006,CH,,5,5,5120,TU;ST;PLA,ST,0.031,0.029,KG,123,8,105,MM
2608621686,Sanding Sheet F460 BfWP G80 93mm,A,3165140959889,41.22,ZAR,Bosch,74,Accessories,A,,,3,Z5,,,,,,680530006,CH,,5,5,5120,TU;ST;PLA,ST,0.027,0.026,KG,123,8,105,MM
2608621687,Sanding Sheet F460 BfWP G120 93mm,A,3165140959896,41.22,ZAR,Bosch,74,Accessories,A,,,3,Z5,,,,,,680520001,CH,,5,5,4480,TU;ST;PLA,ST,0.026,0.025,KG,123,8,105,MM
2608621688,Sanding Sheet F460 BfWP G180 93mm,A,3165140959902,41.22,ZAR,Bosch,74,Accessories,A,,,8,Z5,,,,,,680530006,CH,,5,5,4480,TU;ST;PLA,ST,0.023,0.021,KG,122,18,105,MM
2608621715,Sanding Nets M480 BfWP  Grit 80  40mm,A,3165140986731,41.22,ZAR,Bosch,74,Accessories,A,,,18,Z5,,,,,,680520001,CH,,10,12,5760,TU;ST;PLA,ST,0.021,0.020,KG,175,10,60,MM
2608621716,Sanding Nets M480 BfWP  Grit 180  40mm,A,3165140986748,41.22,ZAR,Bosch,74,Accessories,A,,,23,Z5,,,,,,680520001,CH,,10,12,5760,TU;ST;PLA,ST,0.018,0.017,KG,170,8,60,MM
2608621717,Sanding Nets M480 BfWP  Grit 320  40mm,A,3165140986755,41.22,ZAR,Bosch,74,Accessories,A,,,26,Z5,,,,,,680520001,CH,,10,12,5760,TU;ST;PLA,ST,0.017,0.016,KG,170,8,60,MM
2608621718,Sanding Nets M480 BfWP Set  40mm,A,3165140986762,51.65,ZAR,Bosch,74,Accessories,A,,,26,Z5,,,,,,680520001,CH,,10,18,5760,TU;ST;PLA,ST,0.022,0.021,KG,172,9,60,MM
2608621730,Set Of Sanding Papers C450 StfGP G40 150,A,3165140993722,402.78,ZAR,Bosch,74,Accessories,A,,,11,Z5,,,,,,680520001,CH,,1,50,320,ST;PLA;PA,ST,0.648,0.615,KG,160,80,160,MM
2608621731,Set Of Sanding Papers C450 StfGP G60 150,A,3165140993739,402.78,ZAR,Bosch,74,Accessories,A,,,23,Z5,,,,,,680520001,CH,,1,50,320,ST;PLA;PA,ST,0.499,0.474,KG,160,80,160,MM
2608621732,Set Of Sanding Papers C450 StfGP G80 150,A,3165140993746,402.78,ZAR,Bosch,74,Accessories,A,,,11,Z5,,,,,,680520001,CH,,1,50,320,ST;PLA;PA,ST,0.510,0.484,KG,160,60,160,MM
2608621733,Set Of Sanding Papers C450 StfGP G100 15,A,3165140993753,402.78,ZAR,Bosch,74,Accessories,A,,,5,Z5,,,,,,680520001,CH,,1,50,320,ST;PLA;PA,ST,0.453,0.430,KG,160,60,160,MM
2608621734,Set Of Sanding Papers C450 StfGP G120 15,A,3165140993760,402.78,ZAR,Bosch,74,Accessories,A,,,6,Z5,,,,,,680520001,CH,,1,50,320,ST;PLA;PA,ST,0.375,0.356,KG,160,60,100,MM
2608621735,Set Of Sanding Papers C450 StfGP G150 15,A,3165140993777,402.78,ZAR,Bosch,74,Accessories,A,,,19,Z5,,,,,,680520001,CH,,1,50,320,ST;PLA;PA,ST,0.360,0.342,KG,165,6,165,MM
2608621736,Set Of Sanding Papers C450 StfGP G180 15,A,3165140993784,402.78,ZAR,Bosch,74,Accessories,A,,,8,Z5,,,,,,680520001,CH,,1,50,320,ST;PLA;PA,ST,0.336,0.319,KG,150,1,150,MM
2608621737,Set Of Sanding Papers C450 StfGP G240 15,A,3165140993791,402.78,ZAR,Bosch,74,Accessories,A,,,6,Z5,,,,,,680520001,CH,,1,50,320,ST;PLA;PA,ST,0.300,0.285,KG,150,1,150,MM
2608621738,Set Of Sanding Papers C450 StfGP G320 15,A,3165140993807,402.78,ZAR,Bosch,74,Accessories,A,,,8,Z5,,,,,,680520001,CH,,1,50,320,ST;PLA;PA,ST,0.300,0.285,KG,162,60,162,MM
2608621739,Set Of Sanding Papers C450 StfGP G40 125,A,3165140993814,241.57,ZAR,Bosch,74,Accessories,A,,,6,Z5,,,,,,680520001,CH,,1,50,400,ST;PLA;PA,ST,0.478,0.454,KG,140,80,140,MM
2608621740,Set Of Sanding Papers C450 StfGP G60 125,A,3165140993821,241.57,ZAR,Bosch,74,Accessories,A,,,9,Z5,,,,,,680520001,CH,,1,50,400,ST;PLA;PA,ST,0.368,0.349,KG,140,80,140,MM
2608621741,Set Of Sanding Papers C450 StfGP G80 125,C,3165140993838,241.57,ZAR,Bosch,74,Accessories,A,,,0,Z5,,,,,,680520001,CH,,1,50,512,ST;PLA;PA,ST,0.269,0.255,KG,140,60,140,MM
2608621742,Set Of Sanding Papers C450 StfGP G100 12,A,3165140993845,241.57,ZAR,Bosch,74,Accessories,A,,,3,Z5,,,,,,680520001,CH,,1,50,512,ST;PLA;PA,ST,0.250,0.237,KG,140,60,140,MM
2608621743,Set Of Sanding Papers C450 StfGP G120 12,A,3165140993852,241.57,ZAR,Bosch,74,Accessories,A,,,2,Z5,,,,,,680520001,CH,,1,50,512,ST;PLA;PA,ST,0.273,0.259,KG,140,60,140,MM
2608621744,Set Of Sanding Papers C450 StfGP G150 12,A,3165140993869,241.57,ZAR,Bosch,74,Accessories,A,,,8,Z5,,,,,,680520001,CH,,1,50,512,ST;PLA;PA,ST,0.250,0.237,KG,140,60,135,MM
2608621745,Set Of Sanding Papers C450 StfGP G180 12,A,3165140993876,241.57,ZAR,Bosch,74,Accessories,A,,,8,Z5,,,,,,680520001,CH,,1,50,512,ST;PLA;PA,ST,0.237,0.226,KG,140,60,140,MM
2608621746,Set Of Sanding Papers C450 StfGP G240 12,A,3165140993883,241.57,ZAR,Bosch,74,Accessories,A,,,9,Z5,,,,,,680520001,CH,,1,50,512,ST;PLA;PA,ST,0.221,0.210,KG,93,1,93,MM
2608621747,Set Of Sanding Papers C450 StfGP G320 12,A,3165140993890,241.57,ZAR,Bosch,74,Accessories,A,,,8,Z5,,,,,,680520001,CH,,1,50,512,ST;PLA;PA,ST,0.194,0.184,KG,140,60,140,MM
2608621748,Set Of Sanding Papers C450 StfGP G40 125,A,3165140993906,241.57,ZAR,Bosch,74,Accessories,A,,,44,Z5,,,,,,680520001,CH,,1,50,400,ST;PLA;PA,ST,0.514,0.488,KG,140,80,141,MM
2608621749,Set Of Sanding Papers C450 StfGP G60 125,A,3165140993913,241.57,ZAR,Bosch,74,Accessories,A,,,12,Z5,,,,,,680520001,CH,,1,50,400,ST;PLA;PA,ST,0.414,0.414,KG,135,80,135,MM
2608621750,Set Of Sanding Papers C450 StfGP G80 125,A,3165140993920,241.57,ZAR,Bosch,74,Accessories,A,,,33,Z5,,,,,,680520001,CH,,1,50,512,ST;PLA;PA,ST,0.344,0.327,KG,140,60,140,MM
2608621751,Set Of Sanding Papers C450 StfGP G100 12,A,3165140993937,241.57,ZAR,Bosch,74,Accessories,A,,,12,Z5,,,,,,680520001,CH,,1,50,512,ST;PLA;PA,ST,0.328,0.312,KG,139,62,137,MM
2608621752,Set Of Sanding Papers C450 StfGP G120 12,A,3165140993944,241.57,ZAR,Bosch,74,Accessories,A,,,28,Z5,,,,,,680520001,CH,,1,50,512,ST;PLA;PA,ST,0.282,0.268,KG,125,1,125,MM
2608621753,Set Of Sanding Papers C450 StfGP G150 12,A,3165140993951,241.57,ZAR,Bosch,74,Accessories,A,,,7,Z5,,,,,,680520001,CH,,1,50,512,ST;PLA;PA,ST,0.270,0.270,KG,135,60,135,MM
2608621754,Set Of Sanding Papers C450 StfGP G180 12,A,3165140993968,241.57,ZAR,Bosch,74,Accessories,A,,,11,Z5,,,,,,680520001,CH,,1,50,512,ST;PLA;PA,ST,0.238,0.226,KG,138,60,140,MM
2608621755,Set Of Sanding Papers C450 StfGP G240 12,A,3165140993975,241.57,ZAR,Bosch,74,Accessories,A,,,11,Z5,,,,,,680520001,CH,,1,50,512,ST;PLA;PA,ST,0.216,0.205,KG,137,60,140,MM
2608621756,Set Of Sanding Papers C450 StfGP G320 12,A,3165140993982,241.57,ZAR,Bosch,74,Accessories,A,,,9,Z5,,,,,,680520001,CH,,1,50,512,ST;PLA;PA,ST,0.203,0.193,KG,137,60,140,MM
2608622008,6mm Shank Cup Brush 50mm Crimped Brass,A,3165140035996,28.70,ZAR,Bosch,74,Accessories,A,,,11,Z5,,,,,,960350203,CN,,1,1,1200,ST;PAL;LU,ST,0.080,0.071,KG,107,67,73,MM
2608622022,6mm Shank Cup Brush 50mm Crimped Steel,C,3165140049832,29.22,ZAR,Bosch,74,Accessories,A,,,0,Z5,,,,,,960350203,CN,,1,1,1600,ST;PAL;LU,ST,0.073,0.065,KG,103,65,65,MM
2608622053,6mm Shank Wire Wheel 75mm  Crimped Steel,A,3165140082129,35.48,ZAR,Bosch,74,Accessories,A,,,8,Z5,,,,,,960350203,DE,,1,1,1280,ST;PAL;LU,ST,0.151,0.150,KG,130,60,80,MM
2608622059,M14 Wire Wheel 115m Knotted 0.5mm Steel,A,3165140087254,190.96,ZAR,Bosch,74,Accessories,A,,,9,Z5,,,,,,960350203,CN,,1,1,816,ST;PAL;LU,ST,0.400,0.390,KG,123,133,45,MM
2608622060,M14 Cup Brush 75mm  Knotted 0.5mm Inox,C,3165140087261,112.18,ZAR,Bosch,74,Accessories,A,,,0,Z5,,,,,,960350203,DE,,1,1,700,ST;PAL;LU,ST,0.300,0.300,KG,113,60,93,MM
2608622061,M14 Cup Brush 65mm  Crimped  0.3mm Inox,A,3165140087278,82.43,ZAR,Bosch,74,Accessories,A,,,26,Z5,,,,,,960350203,CN,,1,1,1080,ST;PAL;LU,ST,0.210,0.195,KG,101,55,78,MM
2608622098,M14 Cup Brush 70mm  Crimped  0.3mm steel,A,3165140631785,76.18,ZAR,Bosch,74,Accessories,A,,,8,Z5,,,,,,960350203,CN,,1,1,864,ST;PAL;LU,ST,0.256,0.210,KG,90,113.5,61,MM
2608622100,M14 Wire Wheel 115mm  Crimped  0.5mm,A,3165140631808,223.30,ZAR,Bosch,74,Accessories,A,,,7,Z5,,,,,,960350203,CN,,1,1,792,ST;PAL;LU,ST,0.295,0.218,KG,133,133,45,MM
2608622103,M14 Cup Brush 100mm Crimped 0.3mm Inox,A,3165140631839,121.04,ZAR,Bosch,74,Accessories,A,,,200,Z5,,,,,,960350203,CN,,1,1,360,ST;PAL;LU,ST,0.540,0.434,KG,135,82,114,MM
2608622105,M14 Cup Brush 100mm Knotted 0.35mm Inox,A,3165140631853,318.26,ZAR,Bosch,74,Accessories,A,,,15,Z5,,,,,,960350203,CN,,1,1,300,ST;PAL;LU,ST,1.007,0.780,KG,135,80,115,MM
2608626112,"GRAB & GO" PRO Stainless Steel and Meta,A,4059952729084,623.48,ZAR,Bosch,74,Accessories,A,,,200,Z5,,,,,,680422906,CN,,4,100,120,ST;PAL;LU,ST,2.845,2.845,KG,148.6,158.5,142.5,MM
2608626130,Flap Disc X451 115mm T27 G40,A,4059952729602,13.04,ZAR,Bosch,74,Accessories,A,,,200,Z5,,,,,,680530006,CN,,15,1,4860,TU;ST;PAL,ST,0.069,0.069,KG,115,13,115,MM
2608626132,Flap Disc X451 115mm T27 G60,A,4059952729626,13.04,ZAR,Bosch,74,Accessories,A,,,200,Z5,,,,,,680530006,CN,,15,1,4860,TU;ST;PAL,ST,0.067,0.067,KG,115,13,115,MM
2608626134,Flap Disc X451 115mm T27 G80,A,4059952729640,13.04,ZAR,Bosch,74,Accessories,A,,,200,Z5,,,,,,680530006,CN,,15,1,4860,TU;ST;PAL,ST,0.065,0.065,KG,115,13,115,MM
2608626136,Flap Disc X451 115mm T27 120,A,4059952729664,13.04,ZAR,Bosch,74,Accessories,A,,,200,Z5,,,,,,680530006,DE,,15,1,4860,TU;ST;PAL,ST,0.064,0.064,KG,115,12,115,MM
2608628411,PRO Router Bit Straight  Two Flutes  Ø1/,A,3165140358729,50.09,ZAR,Bosch,74,Accessories,A,,,14,Z5,,,,,,820790006,CN,,1,1,4536,ST;PAL;LU,ST,0.044,0.044,KG,100,32,36,MM
2608628412,PRO Router Bit Straight  Two Flutes  Ø3/,A,3165140358736,57.39,ZAR,Bosch,74,Accessories,A,,,23,Z5,,,,,,820770155,CN,,1,1,4536,ST;PAL;LU,ST,0.055,0.055,KG,80,33,36,MM
2608628413,PRO Router Bit Straight  Two Flutes  Ø1/,A,3165140358743,64.70,ZAR,Bosch,74,Accessories,A,,,15,Z5,,,,,,820790006,CN,,1,1,4536,ST;PAL;LU,ST,0.062,0.062,KG,80,33,36,MM
2608628414,PRO Router Bit Straight  Two Flutes  Ø3/,A,3165140358750,71.48,ZAR,Bosch,74,Accessories,A,,,22,Z5,,,,,,820770155,CN,,1,1,4536,ST;PAL;LU,ST,0.077,0.070,KG,80,33,36,MM
2608628415,PRO Router Bit V-Groove  90°xØ1/2"  Shan,A,3165140358767,64.70,ZAR,Bosch,74,Accessories,A,,,22,Z5,,,,,,820770155,CN,,1,1,4536,ST;PAL;LU,ST,0.048,0.045,KG,80,32,36,MM
2608628416,PRO Router Bit Chamfer  45°  Shank 1/4'',A,3165140358774,89.22,ZAR,Bosch,74,Accessories,A,,,9,Z5,,,,,,820790006,CN,,1,1,2940,ST;PAL;LU,ST,0.120,0.120,KG,100,45,48,MM
2608628417,PRO Router Bit Rabbeting  1/4''  Shank 1,A,3165140358781,100.70,ZAR,Bosch,74,Accessories,A,,,9,Z5,,,,,,820790006,CN,,1,1,2940,ST;PAL;LU,ST,0.110,0.103,KG,80,45,48,MM
2608628418,PRO Router Bit Core Box  R1/4"  Shank 1/,A,3165140358798,53.22,ZAR,Bosch,74,Accessories,A,,,7,Z5,,,,,,820790006,CN,,1,1,4536,ST;PAL;LU,ST,0.051,0.051,KG,165,7,105,MM
2608628419,PRO Router Bit Roman Ogee  R5/32"  Shank,A,3165140358804,86.09,ZAR,Bosch,74,Accessories,A,,,16,Z5,,,,,,820790006,CN,,1,1,2940,ST;PAL;LU,ST,0.106,0.106,KG,80,45,48,MM
2608628420,PRO Router Bit Cove  R1/4"  Shank 1/4'',A,3165140358811,86.09,ZAR,Bosch,74,Accessories,A,,,67,Z5,,,,,,820790006,CN,,1,1,2940,ST;PAL;LU,ST,0.110,0.110,KG,80,45,49,MM
2608628421,PRO Router Bit Rounding Over  R1/4"  Sha,A,3165140358828,86.09,ZAR,Bosch,74,Accessories,A,,,14,Z5,,,,,,820790006,CN,,1,1,2940,ST;PAL;LU,ST,0.092,0.092,KG,80,45,48,MM
2608628422,PRO Router Bit Rounding Over  R3/8"  Sha,A,3165140358835,92.87,ZAR,Bosch,74,Accessories,A,,,22,Z5,,,,,,820790006,CN,,1,1,2940,ST;PAL;LU,ST,0.106,0.106,KG,79,45,48,MM
2608628423,PRO Router Bit Rounding Over  R1/2"  Sha,A,3165140358842,113.74,ZAR,Bosch,74,Accessories,A,,,35,Z5,,,,,,820790006,CN,,1,1,2940,ST;PAL;LU,ST,0.124,0.124,KG,80,45,48,MM
2608628424,PRO Router Bit Ovolo  R1/4"  Shank 1/4'',A,3165140358859,86.09,ZAR,Bosch,74,Accessories,A,,,49,Z5,,,,,,820790006,CN,,1,1,2940,ST;PAL;LU,ST,0.090,0.090,KG,100,45,48,MM
2608628425,PRO Router Bit Core Box  R1/8"  Shank 1/,A,3165140358866,49.57,ZAR,Bosch,74,Accessories,A,,,27,Z5,,,,,,820790006,CN,,1,1,4536,ST;PAL;LU,ST,0.045,0.040,KG,80,30,35,MM
2608628427,PRO Router Bit Straight  One Flute  Ø1/8,A,3165140360975,45.91,ZAR,Bosch,74,Accessories,A,,,18,Z5,,,,,,820790006,CN,,1,1,4536,ST;PAL;LU,ST,0.048,0.048,KG,80,32,35,MM
2608628428,PRO Router Bit Straight  One Flute  Ø3/1,A,3165140360982,50.09,ZAR,Bosch,74,Accessories,A,,,13,Z5,,,,,,820790006,CN,,1,1,4536,ST;PAL;LU,ST,0.040,0.040,KG,80,32,35,MM
2608628429,PRO Router Bit Straight  Two Flutes  Ø5/,A,3165140360999,50.09,ZAR,Bosch,74,Accessories,A,,,15,Z5,,,,,,820790006,CN,,1,1,4536,ST;PAL;LU,ST,0.050,0.050,KG,100,33,36,MM
2608628630,PRO Router Bit V-Groove  90°xØ1/4"  Shan,A,3165140361002,50.09,ZAR,Bosch,74,Accessories,A,,,7,Z5,,,,,,820790006,CN,,1,1,4536,ST;PAL;LU,ST,0.040,0.040,KG,80,33,36,MM
2608628631,PRO Router Bit V-Groove  90°xØ3/8"  Shan,A,3165140361019,57.39,ZAR,Bosch,74,Accessories,A,,,7,Z5,,,,,,820790006,CN,,1,1,4536,ST;PAL;LU,ST,0.050,0.045,KG,80,32,36,MM
2608628632,PRO Router Bit Core Box  R3/16"  Shank 1,A,3165140361026,49.57,ZAR,Bosch,74,Accessories,A,,,2,Z5,,,,,,820790006,CN,,1,1,4536,ST;PAL;LU,ST,0.044,0.040,KG,80,33,36,MM
2608628633,PRO Router Bit Core Box  R5/16"  Shank 1,A,3165140361033,70.96,ZAR,Bosch,74,Accessories,A,,,11,Z5,,,,,,820790006,CN,,1,1,4536,ST;PAL;LU,ST,0.052,0.052,KG,80,30,35,MM
2608628634,PRO Router Bit Core Box  R1/2"  Shank 1/,A,3165140361040,78.26,ZAR,Bosch,74,Accessories,A,,,12,Z5,,,,,,820790006,CN,,1,1,2940,ST;PAL;LU,ST,0.100,0.100,KG,100,45,48,MM
2608628635,PRO Router Bit Flush Trim  Ø1/4"xL21/32",A,3165140361057,71.48,ZAR,Bosch,74,Accessories,A,,,12,Z5,,,,,,820790006,CN,,1,1,4536,ST;PAL;LU,ST,0.040,0.040,KG,80,30,35,MM
2608628636,PRO Router Bit Flush Trim  Ø3/8"xL17/32",A,3165140361064,64.70,ZAR,Bosch,74,Accessories,A,,,26,Z5,,,,,,820790006,CN,,1,1,4536,ST;PAL;LU,ST,0.053,0.053,KG,80,32,35,MM
2608628637,PRO Router Bit Flush Trim  Ø1/2"xL1/2" ,A,3165140361071,71.48,ZAR,Bosch,74,Accessories,A,,,9,Z5,,,,,,820790006,CN,,1,1,4536,ST;PAL;LU,ST,0.055,0.055,KG,80,33,36,MM
2608630014,Saw Blade Set RB - 5ER T 101 BR,A,3165140012454,54.26,ZAR,Bosch,74,Accessories,A,,,200,Z5,,,,,,820299005,CH,,10,5,,TU;ST;SA;,ST,0.039,0.039,KG,170,3,80,MM
2608630030,Saw Blade Set RB - 5ER T 101 B,A,3165140006781,50.09,ZAR,Bosch,74,Accessories,A,,,200,Z5,,,,,,820299005,CH,,10,5,,TU;ST;SA;,ST,0.039,0.038,KG,170,2,80,MM
2608630031,SAWBLADE (T 101AO),A,3165140006798,56.35,ZAR,Bosch,74,Accessories,A,,,169,Z5,,,,,,820299005,CH,,10,5,,TU;ST;SA;,ST,0.025,0.025,KG,171,3,81,MM
2608630032,Saw Blade Set RB - 5ER T 101 D,A,3165140006804,60.00,ZAR,Bosch,74,Accessories,A,,,200,Z5,,,,,,820299005,CH,,10,5,,TU;ST;SA;,ST,0.038,0.038,KG,170,4,80,MM
2608630033,Saw Blade Set RB - 5ER T 111 C,A,3165140006811,43.30,ZAR,Bosch,74,Accessories,A,,,62,Z5,,,,,,820299005,CH,,10,5,,TU;ST;SA;,ST,0.041,0.041,KG,170,3,80,MM
2608630040,Saw Blade Set RB - 5ER T 144 D,A,3165140006842,50.61,ZAR,Bosch,74,Accessories,A,,,117,Z5,,,,,,820299005,CH,,10,5,,TU;ST;SA;,ST,0.037,0.037,KG,171,2,81,MM
2608630058,Saw Blade Set RB - 5ER T 244 D,A,3165140006859,50.61,ZAR,Bosch,74,Accessories,A,,,37,Z5,,,,,,820299005,CH,,10,5,,TU;ST;SA;,ST,0.033,0.033,KG,170,3,80,MM
2608630557,T101B HCS Clean for Wood 3Pack,A,3165140006958,34.96,ZAR,Bosch,74,Accessories,A,,,173,Z5,,,,,,820299005,CH,,10,3,,TU;ST;PAL,ST,0.024,0.024,KG,170,3,55,MM
2608630558,T101D HCS Clean for Wood 3Pack,A,3165140006965,38.61,ZAR,Bosch,74,Accessories,A,,,200,Z5,,,,,,820299005,CH,,10,3,,TU;ST;PAL,ST,0.024,0.024,KG,170,2,55,MM
2608630559,T101AO HCS Clean for Wood 3Pack,A,3165140006972,35.48,ZAR,Bosch,74,Accessories,A,,,14,Z5,,,,,,820299005,CH,,10,3,,TU;ST;PAL,ST,0.015,0.015,KG,172,3,57,MM
2608630560,T114D HCS Speed for Wood 3Pack,A,3165140006989,31.82,ZAR,Bosch,74,Accessories,A,,,59,Z5,,,,,,820299005,CH,,10,3,,TU;ST;PAL,ST,0.023,0.023,KG,170,2,55,MM
2608630808,T111C HCS Basic for Wood 3Pack,A,3165140007139,29.74,ZAR,Bosch,74,Accessories,A,,,47,Z5,,,,,,820299005,CH,,10,3,,TU;ST;PAL,ST,0.026,0.026,KG,170,3,55,MM
2608630879,T244D HCS Speed for Wood 3Pack,C,3165140007221,33.91,ZAR,Bosch,74,Accessories,A,,,0,Z5,,,,,,820299005,CH,,10,3,,TU;ST;PAL,ST,0.020,0.020,KG,170,3,55,MM
2608631010,Saw Blade Set RB - 5ER T 101 A,A,3165140007276,145.57,ZAR,Bosch,74,Accessories,A,,,31,Z5,,,,,,820299005,CH,,10,5,,TU;ST;LU;,ST,0.040,0.040,KG,170,2,80,MM
2608631012,Saw Blade Set RB - 5ER T 118 G,C,3165140007283,54.78,ZAR,Bosch,74,Accessories,A,,,0,Z5,,,,,,820291004,CH,,10,5,,TU;ST;PAL,ST,0.032,0.032,KG,170,3,80,MM
2608631013,Saw Blade Set RB - 5ER T 118 A,A,3165140007290,52.59,ZAR,Bosch,74,Accessories,A,,,200,Z5,,,,,,820291004,CH,,10,5,,TU;ST;SA;,ST,0.032,0.032,KG,170,2,80,MM
2608631014,Saw Blade Set RB - 5ER T 118 B,A,3165140007306,47.66,ZAR,Bosch,74,Accessories,A,,,77,Z5,,,,,,820291004,CH,,10,5,,TU;ST;SA;,ST,0.032,0.032,KG,169,5,80,MM
2608631017,Saw Blade Set RB - 5ER T 127 D,A,3165140007313,72.86,ZAR,Bosch,74,Accessories,A,,,85,Z5,,,,,,820291004,CH,,10,5,,TU;ST;SA;,ST,0.034,0.034,KG,167,2,80,MM
2608631030,Saw Blade Set RB - 5ER T 227 D,A,3165140007320,83.82,ZAR,Bosch,74,Accessories,A,,,9,Z5,,,,,,820291004,CH,,10,5,,TU;ST;PAL,ST,0.029,0.029,KG,170,3,80,MM
2608631507,T118A HSS Basic for Metal 3Pack,A,3165140007399,35.06,ZAR,Bosch,74,Accessories,A,,,59,Z5,,,,,,820291004,CH,,10,3,,TU;ST;PAL,ST,0.020,0.020,KG,170,3,55,MM
2608631673,T118B HSS Basic for Metal 3Pack,A,3165140007559,31.22,ZAR,Bosch,74,Accessories,A,,,63,Z5,,,,,,820291004,CH,,10,3,,TU;ST;PAL,ST,0.020,0.020,KG,170,2,56,MM
2608631964,118A HCS Basic for Metal 118 Pack,A,3165140067492,938.61,ZAR,Bosch,74,Accessories,A,,,6,Z5,,,,,,820291004,CH,,1,100,960,ST;PAL;LU,ST,0.492,0.492,KG,95,50,50,MM
2608631965,T118B HCS Basic for Metal 100Pack,A,3165140067508,903.37,ZAR,Bosch,74,Accessories,A,,,7,Z5,,,,,,820291004,CH,,1,100,1000,ST;PAL;LU,ST,0.477,0.477,KG,83,50,50,MM
2608633104,T130RIFF HM Spec. f. CoarseCeramics 3Pck,A,3165140035286,210.91,ZAR,Bosch,74,Accessories,A,,,38,Z5,,,,,,820299005,GB,,1,3,3000,TU;ST;SA;,ST,0.020,0.020,KG,170,2,55,MM
2608633523,T234X HCS Progressor for Wood 3Pack,A,3165140169493,65.22,ZAR,Bosch,74,Accessories,A,,,112,Z5,,,,,,820299005,CH,,10,3,,TU;ST;PAL,ST,0.030,0.030,KG,200,2,55,MM
2608633622,T101B HCS Clean for Wood 25Pack,A,3165140127660,238.96,ZAR,Bosch,74,Accessories,A,,,9,Z5,,,,,,820299005,CH,,1,25,2500,ST;PAL;LU,ST,0.162,0.162,KG,122,15,50,MM
2608633625,T144D HCS Speed for Wood 25Pack,A,3165140127691,232.18,ZAR,Bosch,74,Accessories,A,,,9,Z5,,,,,,820299005,CH,,1,25,2900,ST;PAL;LU,ST,0.157,0.157,KG,120,12,40,MM
2608633779,T101BR HCS Clean for Wood 3Pack,A,3165140091374,36.52,ZAR,Bosch,74,Accessories,A,,,75,Z5,,,,,,820299005,CH,,10,3,,TU;ST;PAL,ST,0.025,0.025,KG,170,2,55,MM
2608633A32,Saw Blade Set RBP-  3ER T  344 DP,A,3165140264150,101.74,ZAR,Bosch,74,Accessories,A,,,200,Z5,,,,,,820299005,CH,,10,3,4000,TU;ST;PAL,ST,0.046,0.046,KG,220,4,80,MM
2608633A35,Saw Blade Set RB - 5ER T 144 DP,A,3165140264181,70.96,ZAR,Bosch,74,Accessories,A,,,21,Z5,,,,,,820299005,CH,,10,5,9000,TU;ST;PAL,ST,0.049,0.049,KG,170,3,80,MM
2608634234,Saw Blade Set RB - 5ER T 101 BF,A,3165140091855,113.95,ZAR,Bosch,74,Accessories,A,,,200,Z5,,,,,,820299005,CH,,10,5,,TU;ST;PAL,ST,0.033,0.033,KG,170,2,80,MM
2608634235,T101BRF BIM Clean for Hard Wood 5Pack,A,3165140091862,119.98,ZAR,Bosch,74,Accessories,A,,,14,Z5,,,,,,820299005,CH,,10,5,,TU;ST;PAL,ST,0.034,0.034,KG,170,2,80,MM
2608634237,T118EOF BIM Flexible for Metal 5Pack,A,3165140091893,120.52,ZAR,Bosch,74,Accessories,A,,,11,Z5,,,,,,820291004,CH,,10,5,6000,TU;ST;PAL,ST,0.028,0.028,KG,170,2,80,MM
2608634567,Saw Blade Set RB - 5ER T 144 DF,A,3165140009430,92.58,ZAR,Bosch,74,Accessories,A,,,23,Z5,,,,,,820299005,CH,,10,5,,TU;ST;PAL,ST,0.038,0.038,KG,170,2,80,MM
2608634993,Saw Blade Set RB - 3ER T 345 XF,A,3165140128018,116.14,ZAR,Bosch,74,Accessories,A,,,77,Z5,,,,,,820299005,CH,,10,3,5000,TU;ST;PAL,ST,0.033,0.033,KG,200,2,56,MM
2608635187,T313AW HCS Spec. f. Soft-Materials 3Pack,A,3165140045926,235.02,ZAR,Bosch,74,Accessories,A,,,5,Z5,,,,,,820299005,CH,,5,3,2100,TU;ST;PAL,ST,0.040,0.040,KG,220,2,80,MM
2608635243,BLADE FOR GSC 16,A,3165140088664,398.09,ZAR,Bosch,74,Accessories,A,,,13,Z5,,,,,,820810003,CH,,1,1,,ST;PMR;PL,ST,0.008,0.005,KG,117,5,85.725,MM
2608635905,PRO Planer Knife  3x29x82 mm (2 pcs),A,4059952673387,119.48,ZAR,Bosch,74,Accessories,A,,,23,Z5,,,,,,820820008,CN,,1,2,3840,TU;ST;SA;,ST,0.115,0.087,KG,150,5,90,MM
2608636335,T718BF BIM Flexible f. Metal-Sandw. 3Pck,A,3165140309042,157.78,ZAR,Bosch,74,Accessories,A,,,34,Z5,,,,,,820291004,CH,,5,3,4500,TU;ST;PAL,ST,0.055,0.055,KG,248,3,55,MM
2608636429,JSB 3pc set for Laminate T101BIF/T101AOF,A,3165140393393,111.21,ZAR,Bosch,74,Accessories,A,,,23,Z5,,,,,,820299005,CH,,10,3,,TU;ST;PAL,ST,0.016,0.016,KG,170,3,55,MM
2608636431,T101BIF BIM Special for Laminate 5Pack,A,3165140393416,147.37,ZAR,Bosch,74,Accessories,A,,,17,Z5,,,,,,820299005,CH,,10,5,,TU;ST;PAL,ST,0.028,0.028,KG,170,2,80,MM
2608636498,T118GFS BIM Basic for Inox 3Pack,C,3165140451864,54.23,ZAR,Bosch,74,Accessories,A,,,0,Z5,,,,,,820291004,CH,,1,3,,TU;ST;PAL,ST,0.020,0.020,KG,170,2,55,MM
2608636499,T118EFS BIM Basic for Inox 3Pack,A,3165140451871,53.14,ZAR,Bosch,74,Accessories,A,,,9,Z5,,,,,,820291004,CH,,10,3,,TU;ST;PAL,ST,0.020,0.020,KG,170,2,55,MM
2608636705,T321AF BIM Speed for Metal 5Pack,A,3165140596992,82.96,ZAR,Bosch,74,Accessories,A,,,129,Z5,,,,,,820291004,CH,,10,5,,TU;ST;SA;,ST,0.043,0.043,KG,200,2,80,MM
2608636707,T321BF BIM Speed for Metal 5Pack,A,3165140597012,99.70,ZAR,Bosch,74,Accessories,A,,,180,Z5,,,,,,820291004,CH,,10,5,,TU;ST;SA;,ST,0.040,0.040,KG,200,2,80,MM
2608636780,T102BF BIM Clean for PMMA 3Pack,A,3165140691581,129.29,ZAR,Bosch,74,Accessories,A,,,8,Z5,,,,,,820299005,CH,,10,3,,TU;ST;PAL,ST,0.019,0.019,KG,170,1,56,MM
2608636793,T 1018 AFP Precision for Metal,A,3165140704892,289.80,ZAR,Bosch,74,Accessories,A,,,15,Z5,,,,,,820299005,CH,,5,3,3200,TU;ST;PAL,ST,0.148,0.148,KG,290,10,52,MM
2608637590,Saw Blade Set RB - 5ER T 301 CD,A,3165140016308,96.52,ZAR,Bosch,74,Accessories,A,,,32,Z5,,,,,,820299005,CH,,10,5,8000,TU;ST;PAL,ST,0.041,0.041,KG,200,3,80,MM
2608637876,T101B HCS Clean for Wood 100Pack,A,3165140067430,881.74,ZAR,Bosch,74,Accessories,A,,,13,Z5,,,,,,820299005,CH,,1,100,760,ST;PAL;PA,ST,0.613,0.613,KG,105,50,50,MM
2608637877,T101D HCS Clean for Wood 100Pack,A,3165140067447,1017.39,ZAR,Bosch,74,Accessories,A,,,6,Z5,,,,,,820299005,CH,,1,100,800,ST;PAL;LU,ST,0.591,0.591,KG,105,51,51,MM
2608637878,T11C HCS Basic for Wood 100Pack,A,3165140067454,993.91,ZAR,Bosch,74,Accessories,A,,,9,Z5,,,,,,820299005,CH,,1,100,710,ST;PAL;LU,ST,0.655,0.648,KG,105,50,50,MM
2608637880,T144D HCS Speed for Wood 100Pack,A,3165140067478,860.87,ZAR,Bosch,74,Accessories,A,,,9,Z5,,,,,,820299005,CH,,1,100,780,ST;PAL;LU,ST,0.591,0.591,KG,105,50,50,MM
2608637944,Saw Blade Set RB - 3ER T 344 D,A,3165140070942,49.04,ZAR,Bosch,74,Accessories,A,,,87,Z5,,,,,,820299005,CH,,10,3,,TU;ST;PAL,ST,0.041,0.041,KG,222,3,81,MM
2608638472,Saw Blade Set RB - 3ER T 123 X,A,3165140128049,48.76,ZAR,Bosch,74,Accessories,A,,,150,Z5,,,,,,820291004,CH,,10,3,,TU;ST;PAL,ST,0.022,0.022,KG,169,4,55,MM
2608639027,PUNCH FOR GNA 16,A,3165140088640,289.04,ZAR,Bosch,74,Accessories,A,,,3,Z5,,,,,,820730009,CH,,1,1,,TU;ST;PMR,ST,0.007,0.006,KG,120.65,5,88.9,MM
2608639028,DIE FOR GNA 16,A,3165140088657,518.61,ZAR,Bosch,74,Accessories,A,,,4,Z5,,,,,,846799909,CH,,1,1,,ST;PMR;PL,ST,0.006,0.005,KG,106.68,10.922,83.82,MM
2608640441,Circular Saw Blade OP WO B 305x30-60,A,3165140317399,375.13,ZAR,Bosch,74,Accessories,A,,,8,Z5,,,,,,820239309,CN,,1,1,160,ST;PAL;LU,ST,1.180,1.180,KG,370,15,355,MM
2608640446,Circular Saw Blade MM MU B 216x30-60,C,3165140317443,443.48,ZAR,Bosch,74,Accessories,A,,,0,Z5,,,,,,820239309,CN,,1,1,360,ST;PAL;LU,ST,0.660,0.660,KG,310,10,290,MM
2608640447,Circular Saw Blade MM MU B 216x30-80,A,3165140317450,463.82,ZAR,Bosch,74,Accessories,A,,,15,Z5,,,,,,820239309,CN,,1,1,360,ST;PAL;LU,ST,0.660,0.660,KG,310,13,290,MM
2608640450,Circular Saw Blade MM MU B 254x30-80,A,3165140317481,627.13,ZAR,Bosch,74,Accessories,A,,,20,Z5,,,,,,820239309,CN,,1,1,360,ST;PAL;LU,ST,1.095,0.949,KG,310,10,303,MM
2608640610,Circular Saw Blade OP WO H 184x30-24,A,3165140194044,224.35,ZAR,Bosch,74,Accessories,A,,,28,Z5,,,,,,820239309,CN,,1,1,960,ST;PAL;LU,ST,0.425,0.318,KG,255,10,230,MM
2608640611,Circular Saw Blade OP WO H 184x30-36,A,3165140194051,259.30,ZAR,Bosch,74,Accessories,A,,,6,Z5,,,,,,820231007,CN,,1,1,960,ST;PAL;LU,ST,0.430,0.430,KG,255,10,230,MM
2608640616,Circular Saw Blade OP WO H 190x30-36,A,3165140194105,272.87,ZAR,Bosch,74,Accessories,A,,,24,Z5,,,,,,820239309,CN,,1,1,960,ST;PAL;LU,ST,0.452,0.450,KG,255,10,230,MM
2608640617,Circular Saw Blade OP WO H 190x30-48,A,3165140194112,320.87,ZAR,Bosch,74,Accessories,A,,,24,Z5,,,,,,820239309,CN,,1,1,960,ST;PAL;LU,ST,0.460,0.342,KG,255,10,230,MM
2608640627,Circular Saw Blade OP WO H 230x30-24,C,3165140194211,307.30,ZAR,Bosch,74,Accessories,A,,,0,Z5,,,,,,820239309,CN,,1,1,600,ST;PAL;LU,ST,0.670,0.550,KG,305,10,280,MM
2608640628,Circular Saw Blade OP WO H 230x30-36,A,3165140195157,340.18,ZAR,Bosch,74,Accessories,A,,,23,Z5,,,,,,820231007,CN,,1,1,600,ST;PAL;LU,ST,0.700,0.700,KG,305,10,280,MM
2608640629,Circular Saw Blade OP WO H 230x30-48,C,3165140194228,436.70,ZAR,Bosch,74,Accessories,A,,,0,Z5,,,,,,820239309,CN,,1,1,600,ST;PAL;LU,ST,0.720,0.552,KG,305,10,280,MM
2608640642,Circular Saw Blade OP WO B 216x30-60,A,3165140194334,435.65,ZAR,Bosch,74,Accessories,A,,,3,Z5,,,,,,820239309,CN,,1,1,360,ST;PAL;LU,ST,0.663,0.663,KG,308,12,296,MM
2608640728,Circular Saw Blade OP WO H 250x30-40,A,3165140195027,436.70,ZAR,Bosch,74,Accessories,A,,,9,Z5,,,,,,820239309,CN,,1,1,360,ST;PAL;LU,ST,0.912,0.790,KG,320,10,290,MM
2608640729,Circular Saw Blade OP WO H 250x30-60,A,3165140195034,511.30,ZAR,Bosch,74,Accessories,A,,,9,Z5,,,,,,820239309,CN,,1,1,360,ST;PAL;LU,ST,0.960,0.940,KG,320,10,290,MM
2608640885,Circular Saw Blade OP WO H 235x25-24,C,3165140351102,166.96,ZAR,Bosch,74,Accessories,A,,,0,Z5,,,,,,820239309,CN,,1,1,270,ST;PAL;LU,ST,0.770,0.720,KG,305,10,280,MM
2608640886,Circular Saw Blade OP WO H 235x25-40,A,3165140351119,193.04,ZAR,Bosch,74,Accessories,A,,,35,Z5,,,,,,820239309,CN,,1,1,270,ST;PAL;LU,ST,0.750,0.730,KG,305,10,280,MM
2608640887,Circular Saw Blade OP WO H 235x25-60,A,3165140351126,234.78,ZAR,Bosch,74,Accessories,A,,,18,Z7,,,,,,820239309,CN,,1,1,270,ST;PAL;LU,ST,0.780,0.740,KG,280,15,280,MM
2608641171,Circular Saw Blade OP WO H 160x20-24,A,3165140373531,204.00,ZAR,Bosch,74,Accessories,A,,,10,Z5,,,,,,820239309,CN,,1,1,1200,ST;PAL;LU,ST,0.299,0.260,KG,220,10,195,MM
2608641172,Circular Saw Blade OP WO H 160x20-48,A,3165140373548,266.61,ZAR,Bosch,74,Accessories,A,,,14,Z5,,,,,,820239309,CN,,1,1,1200,ST;PAL;LU,ST,0.299,0.280,KG,220,10,195,MM
2608642101,Circular Saw Blade BS WO B 216x30-48,A,3165140574419,797.74,ZAR,Bosch,74,Accessories,A,,,11,Z5,,,,,,820239309,IT,,1,1,1100,TU;ST;PAL,ST,0.632,0.548,KG,295,10,265,MM
2608642102,Circular Saw Blade BS WO B 254x30-60,A,3165140574426,920.35,ZAR,Bosch,74,Accessories,A,,,7,Z5,,,,,,820239309,IT,,1,1,600,TU;ST;PAL,ST,0.872,0.726,KG,335,10,305,MM
2608642103,Circular Saw Blade BS WO B 305x30-72,A,3165140574433,1042.43,ZAR,Bosch,74,Accessories,A,,,8,Z5,,,,,,820231007,IT,,1,1,360,ST;PAL;LU,ST,1.210,0.960,KG,390,20,360,MM
2608642384,Circular Saw Blade BS WO H 165x20-48,C,3165140636858,544.70,ZAR,Bosch,74,Accessories,A,,,0,Z5,,,,,,820239309,IT,,1,1,1350,ST;PAL;LU,ST,0.310,0.190,KG,239,10,208,MM
2608642493,Circular Saw Blade EX MU B 216x30-64,A,3165140648189,858.78,ZAR,Bosch,74,Accessories,A,,,1,Z5,,,,,,820239309,IT,,1,1,880,ST;PAL;LU,ST,0.640,0.566,KG,284,14,258,MM
2608642497,Circular Saw Blade EX WO B 216x30-48,A,3165140648226,797.74,ZAR,Bosch,74,Accessories,A,,,8,Z5,,,,,,820239309,IT,,1,1,480,ST;PAL;LU,ST,0.640,0.548,KG,288,6,255,MM
2608642506,Circular Saw Blade EX WO S 250x30-60,A,3165140648318,981.39,ZAR,Bosch,74,Accessories,A,,,8,Z5,,,,,,820239309,DE,,1,1,500,ST;PAL;LU,ST,1.020,1.020,KG,335,15,305,MM
2608642528,Circular Saw Blade EX MU B 254x30-80,A,3165140650106,1042.43,ZAR,Bosch,74,Accessories,A,,,4,Z5,,,,,,820239309,IT,,1,1,600,ST;PAL;LU,ST,0.880,0.858,KG,320,16,293,MM
2608642529,Expert Multi 305x30x2.4/1.8 96T TCG neg.,B,3165140650113,1104.52,ZAR,Bosch,74,Accessories,A,,,1,Z5,,,,,,820239309,IT,,1,1,300,ST;PAL;LU,ST,1.253,1.206,KG,370,11,340,MM
2608642530,Circular Saw Blade EX WO B 254x30-60,A,3165140650120,858.78,ZAR,Bosch,74,Accessories,A,,,3,Z5,,,,,,820239309,IT,,1,1,550,ST;PAL;LU,ST,0.899,0.800,KG,350,12,322,MM
2608642531,Circular Saw Blade Exp WO B 305x30x72,A,3165140650137,883.30,ZAR,Bosch,74,Accessories,A,,,3,Z5,,,,,,820239309,IT,,1,1,150,ST;PAL;LU,ST,1.220,1.155,KG,511,20,407,MM
2608643060,Circular Saw Blade Exp FM H 305x25.4x60,A,3165140737739,1104.52,ZAR,Bosch,74,Accessories,A,,,22,Z5,,,,,,820239309,IT,,1,1,195,ST;PAL;LU,ST,1.490,1.300,KG,370,12,340,MM
2608643061,Circular Saw Blade EX SL B 305x25 4-80,A,3165140737746,1214.61,ZAR,Bosch,74,Accessories,A,,,20,Z5,,,,,,820239309,IT,,1,1,160,ST;PAL;LU,ST,1.455,1.325,KG,370,14,342,MM
2608643071,Circular Blade for GKS12V-LI,A,3165140754279,128.87,ZAR,Bosch,74,Accessories,A,,,11,Z5,,,,,,820239309,CN,,1,1,3840,TU;ST;PAL,ST,0.080,0.026,KG,180,10,165,MM
2608644016,Circular Saw Blade EX WO H 160x20-24,A,3165140795821,476.87,ZAR,Bosch,74,Accessories,A,,,5,Z5,,,,,,820239309,IT,,1,1,720,ST;PAL;LU,ST,0.343,0.215,KG,288,10,259,MM
2608644017,Circular Saw Blade EX WO H 160x20-36,A,3165140795838,544.70,ZAR,Bosch,74,Accessories,A,,,7,Z5,,,,,,820239309,IT,,1,1,640,ST;PAL;LU,ST,0.410,0.220,KG,310,10,270,MM
2608644018,Circular Saw Blade EX WO H 160x20-48,A,3165140795845,613.04,ZAR,Bosch,74,Accessories,A,,,8,Z5,,,,,,820239309,IT,,1,1,720,ST;PAL;LU,ST,0.336,0.225,KG,292,14,255,MM
2608644022,Circular Saw Blade EX WO H 165x20-24,A,3165140795883,476.87,ZAR,Bosch,74,Accessories,A,,,9,Z5,,,,,,820239309,IT,,1,1,640,TU;ST;PAL,ST,0.360,0.232,KG,291,19,258,MM
2608644023,Circular Saw Blade EX WO H 165x20-36,A,3165140795890,558.26,ZAR,Bosch,74,Accessories,A,,,6,Z5,,,,,,820239309,IT,,1,1,640,ST;PAL;LU,ST,0.360,0.237,KG,293,14,258,MM
2608644024,Circular Saw Blade EX WO H 165x20-48,A,3165140795906,626.61,ZAR,Bosch,74,Accessories,A,,,9,Z5,,,,,,820239309,IT,,1,1,720,TU;ST;PAL,ST,0.370,0.243,KG,288,10,259,MM
2608644035,Circular Saw Blade EX WO H 184x16-24,A,3165140796019,476.87,ZAR,Bosch,74,Accessories,A,,,9,Z5,,,,,,820239309,IT,,1,1,640,ST;PAL;LU,ST,0.460,0.293,KG,300,10,265,MM
2608644036,Circular Saw Blade EX WO H 184x16-40,A,3165140796026,613.04,ZAR,Bosch,74,Accessories,A,,,14,Z5,,,,,,820239309,IT,,1,1,640,ST;PAL;LU,ST,0.500,0.300,KG,291,14,258,MM
2608644037,Circular Saw Blade EX WO H 184x16-56,A,3165140796033,735.65,ZAR,Bosch,74,Accessories,A,,,17,Z5,,,,,,820239309,IT,,1,1,720,ST;PAL;LU,ST,0.460,0.308,KG,290,10,255,MM
2608644038,Circular Saw Blade EX WO H 184x20-24,A,3165140796040,544.70,ZAR,Bosch,74,Accessories,A,,,18,Z5,,,,,,820239309,IT,,1,1,640,ST;PAL;LU,ST,0.499,0.291,KG,291,14,255,MM
2608644039,Circular Saw Blade EX WO H 184x20-40,A,3165140796057,613.04,ZAR,Bosch,74,Accessories,A,,,14,Z5,,,,,,820239309,IT,,1,1,640,ST;PAL;LU,ST,0.499,0.299,KG,290,14,258,MM
2608644040,Circular Saw Blade EX WO H 184x20-56,A,3165140796064,735.65,ZAR,Bosch,74,Accessories,A,,,17,Z5,,,,,,820239309,IT,,1,1,720,ST;PAL;LU,ST,0.520,0.306,KG,290,10,255,MM
2608644041,Circular Saw Blade EX WO H 184x30-24,A,3165140796071,544.70,ZAR,Bosch,74,Accessories,A,,,20,Z5,,,,,,820239309,IT,,1,1,720,ST;PAL;LU,ST,0.500,0.286,KG,288,10,259,MM
2608644042,Circular Saw Blade EX WO H 184x30-40,A,3165140796088,613.04,ZAR,Bosch,74,Accessories,A,,,6,Z5,,,,,,820239309,IT,,1,1,720,ST;PAL;LU,ST,0.445,0.294,KG,290,10,255,MM
2608644043,Circular Saw Blade EX WO H 184x30-56,A,3165140796095,735.65,ZAR,Bosch,74,Accessories,A,,,19,Z5,,,,,,820239309,IT,,1,1,720,ST;PAL;LU,ST,0.510,0.301,KG,290,10,255,MM
2608644044,Circular Saw Blade EX WO H 190x20-24,A,3165140796101,544.70,ZAR,Bosch,74,Accessories,A,,,12,Z5,,,,,,820239309,IT,,1,1,720,TU;ST;PAL,ST,0.516,0.312,KG,288,10,259,MM
2608644045,Circular Saw Blade EX WO H 190x20-48,A,3165140796118,674.61,ZAR,Bosch,74,Accessories,A,,,8,Z5,,,,,,820239309,IT,,1,1,720,TU;ST;PAL,ST,0.474,0.323,KG,290,14,258,MM
2608644046,Circular Saw Blade EX WO H 190x20-56,A,3165140796125,797.74,ZAR,Bosch,74,Accessories,A,,,10,Z5,,,,,,820239309,IT,,1,1,720,ST;PAL;LU,ST,0.460,0.327,KG,308,8,255,MM
2608644047,Circular Saw Blade EX WO H 190x30-24,A,3165140796132,544.70,ZAR,Bosch,74,Accessories,A,,,8,Z5,,,,,,820239309,IT,,1,1,720,TU;ST;PAL,ST,0.461,0.307,KG,207,10,202,MM
2608644048,Circular Saw Blade EX WO H 190x30-40,A,3165140796149,613.04,ZAR,Bosch,74,Accessories,A,,,11,Z5,,,,,,820239309,IT,,1,1,720,TU;ST;PAL,ST,0.460,0.314,KG,257,10,202,MM
2608644049,Circular Saw Blade EX WO H 190x30-48,A,3165140796156,674.61,ZAR,Bosch,74,Accessories,A,,,19,Z5,,,,,,820239309,IT,,1,1,720,TU;ST;PAL,ST,0.360,0.318,KG,290,11,290,MM
2608644050,Circular Saw Blade EX WO H 190x30-56,A,3165140796163,797.74,ZAR,Bosch,74,Accessories,A,,,19,Z5,,,,,,820239309,IT,,1,1,1080,TU;ST;PAL,ST,0.480,0.322,KG,290,10,253,MM
2608644063,Circular Saw Blade EX WO H 230x30-48,A,3165140796293,858.78,ZAR,Bosch,74,Accessories,A,,,6,Z5,,,,,,820239309,IT,,1,1,540,ST;PAL;LU,ST,0.819,0.529,KG,350,10,315,MM
2608644065,Circular Saw Blade EX WO H 235x30-48,A,3165140796316,858.78,ZAR,Bosch,74,Accessories,A,,,7,Z5,,,,,,820239309,IT,,1,1,540,ST;PAL;LU,ST,0.780,0.553,KG,350,10,315,MM
2608644079,Circular Saw Blade EX WO B 216x30-40,A,3165140796453,735.65,ZAR,Bosch,74,Accessories,A,,,14,Z5,,,,,,820239309,IT,,1,1,540,ST;PAL;LU,ST,0.639,0.458,KG,350,10,315,MM
2608644094,Circular Saw Blade EX AL H 160x20-52,A,3165140796606,735.65,ZAR,Bosch,74,Accessories,A,,,8,Z5,,,,,,820239309,IT,,1,1,720,ST;PAL;LU,ST,0.344,0.226,KG,292,17,255,MM
2608644095,Circular Saw Blade EX AL H 165x20-52,A,3165140796613,735.65,ZAR,Bosch,74,Accessories,A,,,5,Z5,,,,,,820239309,IT,,1,1,720,ST;PAL;LU,ST,0.374,0.245,KG,257,10,202,MM
2608644096,Circular Saw Blade EX AL H 165x30-52,A,3165140796620,735.65,ZAR,Bosch,74,Accessories,A,,,4,Z5,,,,,,820239309,IT,,1,1,720,ST;PAL;LU,ST,0.355,0.240,KG,290,14,260,MM
2608644098,Circular Saw Blade EX AL H 184x16-48,A,3165140796644,797.74,ZAR,Bosch,74,Accessories,A,,,9,Z5,,,,,,820239309,IT,,1,1,720,ST;PAL;LU,ST,0.460,0.304,KG,291,12,255,MM
2608644099,Circular Saw Blade EX AL H 184x20-56,A,3165140796651,797.74,ZAR,Bosch,74,Accessories,A,,,10,Z5,,,,,,820239309,IT,,1,1,640,ST;PAL;LU,ST,0.471,0.306,KG,289,14,255,MM
2608644100,Circular Saw Blade EX AL H 184x30-56,A,3165140796668,797.74,ZAR,Bosch,74,Accessories,A,,,7,Z5,,,,,,820239309,IT,,1,1,720,ST;PAL;LU,ST,0.510,0.301,KG,290,10,255,MM
2608644101,Circular Saw Blade EX AL H 190x20-56,A,3165140796675,797.74,ZAR,Bosch,74,Accessories,A,,,18,Z5,,,,,,820239309,IT,,1,1,720,ST;PAL;LU,ST,0.528,0.327,KG,290,10,255,MM
2608644102,Circular Saw Blade EX AL H 190x30-56,A,3165140796682,797.74,ZAR,Bosch,74,Accessories,A,,,3,Z5,,,,,,820239309,IT,,1,1,720,ST;PAL;LU,ST,0.480,0.322,KG,290,10,255,MM
2608644107,Circular Saw Blade EX AL H 235x30-80,A,3165140796736,1104.52,ZAR,Bosch,74,Accessories,A,,,8,Z5,,,,,,820239309,IT,,1,1,720,ST;PAL;LU,ST,0.798,0.566,KG,352,17,316,MM
2608644110,Circular Saw Blade EX AL B 216x30-64,A,3165140796767,920.35,ZAR,Bosch,74,Accessories,A,,,3,Z5,,,,,,820239309,IT,,1,1,540,ST;PAL;LU,ST,0.650,0.471,KG,350,10,315,MM
2608644111,Circular Saw Blade EX AL B 250x30-80,A,3165140796774,1158.26,ZAR,Bosch,74,Accessories,A,,,8,Z5,,,,,,820239309,IT,,1,1,540,ST;PAL;LU,ST,0.930,0.712,KG,352,12,316,MM
2608644112,Circular Saw Blade EX AL B 254x30-80,A,3165140796781,1042.43,ZAR,Bosch,74,Accessories,A,,,8,Z5,,,,,,820239309,IT,,1,1,540,ST;PAL;LU,ST,1.012,0.735,KG,352,14,314,MM
2608644115,Circular Saw Blade EX AL B 305x30-96,A,3165140796811,1227.65,ZAR,Bosch,74,Accessories,A,,,9,Z5,,,,,,820239309,IT,,1,1,160,ST;PAL;LU,ST,1.360,1.074,KG,511,27,405,MM
2608644125,Circular Saw Blade EX FC H 190x30-4,A,3165140796910,858.78,ZAR,Bosch,74,Accessories,A,,,10,Z5,,,,,,820239309,IT,,1,1,720,ST;PAL;LU,ST,0.530,0.319,KG,207,10,202,MM
2608644284,Circular Saw Blade EX SL T 305x25 4-80,A,3165140839969,1595.48,ZAR,Bosch,74,Accessories,A,,,8,Z5,,,,,,820239903,IT,,1,1,60,ST;PAL;LU,ST,1.470,1.233,KG,508,16,408,MM
2608644285,Circular Saw Blade EX SL T 305x25 4-60,A,3165140839952,1718.09,ZAR,Bosch,74,Accessories,A,,,18,Z5,,,,,,820239309,IT,,1,1,150,ST;PAL;LU,ST,1.453,1.238,KG,508,16,408,MM
2608644388,Circular Saw Blade EC AL H 160x20-42,A,3165140891097,110.61,ZAR,Bosch,74,Accessories,A,,,26,Z5,,,,,,820239309,CN,,1,1,1260,ST;PAL;LU,ST,0.260,0.194,KG,8,255,208,MM
2608644389,Circular Saw Blade EC AL H 190x30-54,A,3165140891103,149.74,ZAR,Bosch,74,Accessories,A,,,17,Z5,,,,,,820239309,CN,,1,1,960,ST;PAL;LU,ST,0.400,0.319,KG,8,280,234,MM
2608644398,Circular Saw Blade EC WO H 184x20-24,A,3165140891196,99.65,ZAR,Bosch,74,Accessories,A,,,12,Z5,,,,,,820239309,CN,,1,1,1200,ST;PAL;LU,ST,0.347,0.220,KG,8,280,235,MM
2608644399,Circular Saw Blade EC WO H 184x20-40,C,3165140891202,110.61,ZAR,Bosch,74,Accessories,A,,,0,Z5,,,,,,820239309,CN,,1,1,1200,ST;PAL;LU,ST,0.330,0.220,KG,8,280,235,MM
2608644400,Circular Saw Blade EC WO H 184x20-60,A,3165140891219,127.82,ZAR,Bosch,74,Accessories,A,,,51,Z5,,,,,,820239309,CN,,1,1,1200,ST;PAL;LU,ST,0.340,0.220,KG,8,280,235,MM
2608644401,Circular Saw Blade EC WO H 190x30-48,A,3165140891226,110.61,ZAR,Bosch,74,Accessories,A,,,46,Z5,,,,,,820239309,CN,,1,1,1080,ST;PAL;LU,ST,0.352,0.220,KG,8,280,234,MM
2608644402,Circular Saw Blade EC WO H 190x20-48,A,3165140891233,110.61,ZAR,Bosch,74,Accessories,A,,,36,Z5,,,,,,820239309,CN,,1,1,945,ST;PAL;LU,ST,0.360,0.220,KG,7.5,282,234,MM
2608644403,Circular Saw Blade EC WO H 235x30-24,C,3165140891240,144.52,ZAR,Bosch,74,Accessories,A,,,0,Z5,,,,,,820239309,CN,,1,1,450,ST;PAL;LU,ST,0.691,0.220,KG,8,350,306,MM
2608644404,Circular Saw Blade EC WO H 235x30-40,A,3165140891257,161.22,ZAR,Bosch,74,Accessories,A,,,56,Z5,,,,,,820239309,CN,,1,1,450,ST;PAL;LU,ST,0.687,0.220,KG,8,350,306,MM
2608644405,Circular Saw Blade EC WO H 235x30-60,C,3165140891264,166.43,ZAR,Bosch,74,Accessories,A,,,0,Z5,,,,,,820239309,CN,,1,1,660,ST;PAL;LU,ST,0.690,0.220,KG,8,350,306,MM
2608644406,Circular Saw Blade EC WO B 254x30-40,A,3165140891271,194.61,ZAR,Bosch,74,Accessories,A,,,47,Z5,,,,,,820239309,CN,,1,1,600,ST;PAL;LU,ST,0.873,0.220,KG,8,355,306,MM
2608644407,Circular Saw Blade EC WO B 254x30-60,A,3165140891288,200.87,ZAR,Bosch,74,Accessories,A,,,38,Z5,,,,,,820239309,CN,,1,1,600,ST;PAL;LU,ST,0.885,0.220,KG,8,355,306,MM
2608644408,Circular Saw Blade EC WO B 254x30-100,A,3165140891295,267.13,ZAR,Bosch,74,Accessories,A,,,9,Z5,,,,,,820239309,CN,,1,1,600,ST;PAL;LU,ST,0.895,0.220,KG,8,355,306,MM
2608644409,Circular Saw Blade EC WO B 305x30-40,A,3165140891301,272.35,ZAR,Bosch,74,Accessories,A,,,23,Z5,,,,,,820239309,CN,,1,1,380,ST;PAL;LU,ST,1.368,0.220,KG,8,393,346,MM
2608644410,Circular Saw Blade EC WO B 305x30-80,C,3165140891318,322.96,ZAR,Bosch,74,Accessories,A,,,0,Z5,,,,,,820239309,CN,,1,1,300,ST;PAL;LU,ST,1.390,0.220,KG,8,393,346,MM
2608644411,Circular Saw Blade EC AL H 184x20-60,A,3165140891325,138.78,ZAR,Bosch,74,Accessories,A,,,4,Z5,,,,,,820239309,CN,,1,1,1120,ST;PAL;LU,ST,0.405,0.220,KG,8,280,235,MM
2608644412,Circular Saw Blade EC AL B 254x30-96,A,3165140891332,300.52,ZAR,Bosch,74,Accessories,A,,,7,Z5,,,,,,820239309,CN,,1,1,600,ST;PAL;LU,ST,0.974,0.220,KG,8,355,306,MM
2608644413,Circular Saw Blade EC AL B 254x30-80,A,3165140891349,249.91,ZAR,Bosch,74,Accessories,A,,,33,Z5,,,,,,820239309,CN,,1,1,600,ST;PAL;LU,ST,0.955,0.220,KG,8,355,306,MM
2608644414,Circular Saw Blade EC AL B 305x30-80,B,3165140891356,328.18,ZAR,Bosch,74,Accessories,A,,,1,Z5,,,,,,820239309,CN,,1,1,300,ST;PAL;LU,ST,1.368,0.220,KG,8,393,346,MM
2608644509,Circular Saw Blade EX WO H 165x20x48,A,3165140957397,490.43,ZAR,Bosch,74,Accessories,A,,,13,Z5,,,,,,820239309,IT,,1,1,1200,ST;PAL;LU,ST,0.242,0.154,KG,240,16,207,MM
2608644539,Circular Saw Blade EX AL H 165x20x54,A,3165140957694,544.70,ZAR,Bosch,74,Accessories,A,,,30,Z5,,,,,,820239309,IT,,1,1,1200,ST;PAL;LU,ST,0.283,0.202,KG,240,16,207,MM
2608644548,Circular Saw Blade EX CB H 160x20x48,C,3165140957786,490.43,ZAR,Bosch,74,Accessories,A,,,0,Z5,,,,,,820239309,CN,,1,1,1200,ST;PAL;LU,ST,0.257,0.175,KG,240,16,207,MM
2608644555,Circular Saw Blade EX FC H 165x20x4,A,3165140957854,828.52,ZAR,Bosch,74,Accessories,A,,,31,Z5,,,,,,820239309,IT,,1,1,1440,ST;PAL;LU,ST,0.263,0.188,KG,240,16,207,MM
2608644662,Circular Saw Blade EC WO H 160x20-40,A,3165140999298,120.00,ZAR,Bosch,74,Accessories,A,,,5,Z5,,,,,,820239309,CN,,1,1,1200,ST;PAL;LU,ST,0.250,0.194,KG,197,5.6,225,MM
2608644663,Circular Saw Blade EC AL B 254x30-100,A,3165140999304,311.48,ZAR,Bosch,74,Accessories,A,,,5,Z5,,,,,,820239309,CN,,1,1,450,ST;PAL;LU,ST,0.979,0.979,KG,300,5.6,320,MM
2608644718,Circular Saw Blade EC WO H 184x25 4-16,A,4059952695020,91.30,ZAR,Bosch,74,Accessories,A,,,89,Z5,,,,,,820239309,CN,,25,1,2800,TU;ST;PMR,ST,0.260,0.200,KG,260,3.85,220,MM
2608644720,Circular Saw Blade EC WO H 235x30-20,A,4059952695044,125.74,ZAR,Bosch,74,Accessories,A,,,36,Z5,,,,,,820239309,CN,,1,1,750,ST;PMR;PA,ST,0.545,0.405,KG,315,5.8,350,MM
2608644721,Circular Saw Blade EC WO B 254x30-24,A,4059952695051,182.61,ZAR,Bosch,74,Accessories,A,,,14,Z5,,,,,,820239309,CN,,1,1,750,ST;PMR;PA,ST,0.545,0.545,KG,325,5.8,370,MM
2608650065,M1142H HCS Top for Wood,A,3165140413428,115.59,ZAR,Bosch,74,Accessories,A,,,6,Z5,,,,,,820299005,CH,,1,1,8050,TU;ST;PAL,ST,0.062,0.062,KG,291,3,53,MM
2608650414,M1131L HCS Top for Wood,A,3165140451611,115.59,ZAR,Bosch,74,Accessories,A,,,9,Z5,,,,,,820299005,CH,,1,1,6900,ST;PAL;LU,ST,0.060,0.060,KG,290,6,50,MM
2608650613,S1531L HCS Top for Wood 2Pack,A,3165140007672,117.39,ZAR,Bosch,74,Accessories,A,,,200,Z5,,,,,,820299005,CH,,5,2,4600,TU;ST;PAL,ST,0.091,0.091,KG,291,5,52,MM
2608650614,S644D HCS Top for Wood 2Pack,A,3165140007689,82.96,ZAR,Bosch,74,Accessories,A,,,48,Z5,,,,,,820299005,CH,,5,2,5000,TU;ST;PAL,ST,0.044,0.044,KG,215,8,52,MM
2608650673,S644D HCS Top for Wood 5Pack,A,3165140016025,172.18,ZAR,Bosch,74,Accessories,A,,,6,Z5,,,,,,820299005,CH,,5,5,5100,TU;ST;PAL,ST,0.094,0.094,KG,215,5,55,MM
2608650681,S1542K HCS Top for Wood 2Pack,A,3165140016773,123.65,ZAR,Bosch,74,Accessories,A,,,30,Z5,,,,,,820299005,CH,,5,2,4600,TU;ST;PAL,ST,0.090,0.090,KG,289,4,51,MM
2608652900,S1211K Special for Ice 5Pack,A,3165140017817,493.57,ZAR,Bosch,74,Accessories,A,,,6,Z5,,,,,,820299005,CH,,5,5,1600,TU;ST;PAL,ST,0.250,0.250,KG,365,7,52,MM
2608652901,Reciprocating Saw Blade RBP- 2ER S 1211,A,4059952622552,99.13,ZAR,Bosch,74,Accessories,A,,,50,Z5,,,,,,820299005,CH,,5,2,,TU;ST;LU;,ST,0.114,0.114,KG,365,5,52,MM
2608654401,S123XF BIM Progressor for Metal 2Pack,A,3165140169554,83.48,ZAR,Bosch,74,Accessories,A,,,109,Z5,,,,,,820291004,CH,,5,2,,TU;ST;PAL,ST,0.043,0.043,KG,215,3,52,MM
2608654403,S2345X HCS Progressor for Wood,A,3165140169578,123.65,ZAR,Bosch,74,Accessories,A,,,71,Z5,,,,,,820299005,CH,,5,2,9000,TU;ST;PAL,ST,0.069,0.069,KG,250,4,52,MM
2608654405,S3456XF BIM Progressor f. Wood+Metal 2Pk,A,3165140169592,140.35,ZAR,Bosch,74,Accessories,A,,,116,Z5,,,,,,820299005,CH,,5,2,6000,TU;ST;PAL,ST,0.073,0.073,KG,250,4,52,MM
2608654406,S3456XF BIM Progressor for Wood+Metal,A,3165140169608,302.61,ZAR,Bosch,74,Accessories,A,,,32,Z5,,,,,,820299005,CH,,5,5,2600,TU;ST;PAL,ST,0.160,0.160,KG,249,10,52,MM
2608654834,S1411DF BIM Heavy for Wood+Metal 2Pack,A,3165140036139,157.57,ZAR,Bosch,74,Accessories,A,,,200,Z5,,,,,,820299005,CH,,5,2,4500,TU;ST;PAL,ST,0.105,0.105,KG,365,4.6,52,MM
2608655094,Saw Blade Set RBP - 2ER T 121 GFC,C,4059952624433,23.48,ZAR,Bosch,74,Accessories,A,,,0,Z3,,,,,,820291004,CH,,1,2,,TU;ST;LU;,ST,0.015,0.015,KG,170,2,55,MM
2608655095,Saw Blade Set RBP - 2ER T 121 AFC,C,4059952624440,22.43,ZAR,Bosch,74,Accessories,A,,,0,Z3,,,,,,820291004,CH,,1,2,,TU;ST;PAL,ST,0.015,0.015,KG,170,2,55,MM
2608655096,Saw Blade Set RBP - 2ER T 121 BFC,C,4059952624457,22.96,ZAR,Bosch,74,Accessories,A,,,0,Z3,,,,,,820291004,CH,,1,2,,TU;ST;PAL,ST,0.015,0.015,KG,170,2,55,MM
2608655100,Saw Blade Set RBP - 2ER T 123 XF,C,4059952624495,28.18,ZAR,Bosch,74,Accessories,A,,,0,Z3,,,,,,820291004,CH,,10,2,,TU;ST;LU;,ST,0.017,0.017,KG,170,2,56,MM
2608655101,Saw Blade Set RBP - 2ER T 345 XF,C,4059952624525,38.61,ZAR,Bosch,74,Accessories,A,,,0,Z3,,,,,,820299005,CH,,10,2,,TU;ST;LU;,ST,0.025,0.025,KG,200,2,55,MM
2608655110,Saw Blade Set RBP - 5ER T 121 BFC,A,4059952624815,114.78,ZAR,Bosch,74,Accessories,A,,,60,Z5,,,,,,820291004,CH,,1,5,,TU;ST;LU;,ST,0.031,0.031,KG,170,2,81,MM
2608656037,S922BF BIM Flexible for Metal 2Pack,A,3165140093392,96.52,ZAR,Bosch,74,Accessories,A,,,200,Z5,,,,,,820291004,CH,,5,2,9000,TU;ST;PAL,ST,0.045,0.045,KG,215,3,52,MM
2608656038,S922EF BIM Flexible for Metal 2Pack,A,3165140093408,96.52,ZAR,Bosch,74,Accessories,A,,,35,Z5,,,,,,820291004,CH,,5,2,6400,TU;ST;PAL,ST,0.045,0.045,KG,215,4,52,MM
2608656039,S922HF BIM Flexible f. Wood+Metal 2Pack,A,3165140093415,117.39,ZAR,Bosch,74,Accessories,A,,,200,Z5,,,,,,820299005,CH,,5,2,9000,TU;ST;PAL,ST,0.045,0.045,KG,215,4,51,MM
2608656041,S1122BF BIM Flexible for Metal 2Pack,A,3165140093439,130.96,ZAR,Bosch,74,Accessories,A,,,200,Z5,,,,,,820291004,CH,,5,2,6900,TU;ST;PAL,ST,0.069,0.069,KG,291,7,53,MM
2608656043,S1222VF BIM Flexible f. Wood+Metal 2Pack,A,3165140093453,156.00,ZAR,Bosch,74,Accessories,A,,,71,Z5,,,,,,820299005,CH,,5,2,6000,TU;ST;PAL,ST,0.091,0.091,KG,365,4,52,MM
2608656268,S422BF BIM Flexible for Metal 2Pack,A,3165140235600,82.96,ZAR,Bosch,74,Accessories,A,,,1,Z5,,,,,,820291004,CH,,5,2,,TU;ST;PAL,ST,0.019,0.017,KG,150,3,52,MM
2608656274,S628DF BIM Special for Plaster 2Pack,A,3165140235891,85.04,ZAR,Bosch,74,Accessories,A,,,14,Z5,,,,,,820299005,CH,,5,2,,TU;ST;PAL,ST,0.043,0.043,KG,215,4,51,MM
2608656931,M3456XF BIM Progressor for Wood+Metal,A,3165140413435,144.62,ZAR,Bosch,74,Accessories,A,,,14,Z5,,,,,,820299005,CH,,1,1,6000,TU;ST;PAL,ST,0.063,0.063,KG,290,2,52,MM
2608656932,M1122EF BIM Flexible for Metal,A,3165140413442,110.09,ZAR,Bosch,74,Accessories,A,,,4,Z5,,,,,,820291004,CH,,1,1,5000,TU;ST;PAL,ST,0.062,0.062,KG,290,2,52,MM
2608657409,S1225 BIM Heavy for Metal 5Pack,A,3165140451963,227.48,ZAR,Bosch,74,Accessories,A,,,25,Z5,,,,,,820291004,CH,,1,5,1750,TU;ST;PAL,ST,0.268,0.268,KG,365,4,55,MM
2608657523,S927BEF Endurance for Heavy Metal 5Pack,A,3165140507158,232.18,ZAR,Bosch,74,Accessories,A,,,10,Z5,,,,,,820291004,CH,,1,5,,TU;ST;LU;,ST,0.126,0.126,KG,215,5,55,MM
2608657524,S1127BEF Endurance f. Heavy Metal 5Pack,A,3165140507165,323.48,ZAR,Bosch,74,Accessories,A,,,8,Z7,,,,,,820291004,CH,,5,5,2000,TU;ST;SA;,ST,0.232,0.232,KG,295,4,55,MM
2608657526,S1136CHF BIM Endurance f. Heavy Metal 5P,C,3165140507189,408.00,ZAR,Bosch,74,Accessories,A,,,0,Z5,,,,,,820291004,CH,,1,5,2050,TU;ST;PAL,ST,0.221,0.221,KG,290,5,50,MM
2608657527,S930CF BIM Endurance f. Heavy Metal 5Pck,A,3165140507196,387.65,ZAR,Bosch,74,Accessories,A,,,200,Z5,,,,,,820291004,CH,,5,5,2880,TU;ST;PAL,ST,0.167,0.167,KG,215,5,55,MM
2608657528,S1130CF BIM Endurance f. Heavy Metal 5Pk,A,3165140507202,528.00,ZAR,Bosch,74,Accessories,A,,,50,Z5,,,,,,820291004,CH,,5,5,1700,TU;ST;PAL,ST,0.267,0.267,KG,290,4,55,MM
2608657608,S610VF BIM Heavy for Wood+Metal 5Pack,A,3165140543347,323.48,ZAR,Bosch,74,Accessories,A,,,12,Z5,,,,,,820299005,CH,,5,5,3840,TU;ST;PAL,ST,0.160,0.160,KG,216,17,53,MM
2608657610,S1110VF BIM Heavy for Wood+Metal 5Pack,A,3165140543354,373.57,ZAR,Bosch,74,Accessories,A,,,8,Z5,,,,,,820299005,CH,,5,5,1840,TU;ST;PAL,ST,0.250,0.250,KG,290,15,50,MM
2608658036,S1125VFR BIM Special f. PalletRepair 5pc,B,3165140749367,333.91,ZAR,Bosch,74,Accessories,A,,,1,Z5,,,,,,820299005,CH,,5,5,,TU;ST;LU,ST,0.195,0.195,KG,290,4,53,MM
2608658147,Saw Blade Set RB - 5ER S 1227 BEF,A,3165140836562,380.35,ZAR,Bosch,74,Accessories,A,,,5,Z5,,,,,,820291004,CH,,5,5,,TU;ST;LU,ST,0.264,0.264,KG,365,11,52,MM
2608658671,Saw Blade Set NLA-200ER S 1225 HFR,A,3165140979382,6193.04,ZAR,Bosch,74,Accessories,A,,,168,Z5,,,,,,820291004,CH,,1,200,47,ST;PAL,ST,10.281,10.281,KG,310,32,273,MM
2608658987,PRO Thin Metal S325GF Blade  1.25x7x85 m,C,4059952622323,386.09,ZAR,Bosch,74,Accessories,A,,,0,Z3,,,,,,820299005,CH,,5,5,6300,TU;ST;PAL,ST,0.040,0.040,KG,150,5,55,MM
2608658991,Reciprocating Saw Blade RBP- 5ER S 937,A,4059952622361,232.18,ZAR,Bosch,74,Accessories,A,,,2,Z3,,,,,,820291004,CH,,5,5,3150,TU;ST;SA;,ST,0.149,0.149,KG,215,7,52,MM
2608658994,Reciprocating Saw Blade RBP- 5ER S 1137,C,4059952622392,323.48,ZAR,Bosch,74,Accessories,A,,,0,Z3,,,,,,820291004,CH,,5,5,2000,TU;ST;SA;,ST,0.233,0.233,KG,290,8,50,MM
2608658996,Reciprocating Saw Blade RBP- 5ER S 1237,C,4059952622415,380.35,ZAR,Bosch,74,Accessories,A,,,0,Z3,,,,,,820291004,CH,,5,5,1500,TU;ST;SA;,ST,0.319,0.319,KG,365,8,51,MM
2608658997,S937 HBF,A,4059952622422,309.39,ZAR,Bosch,74,Accessories,A,,,5,Z5,,,,,,820291004,CH,,5,5,3150,TU;ST;PAL,ST,0.149,0.149,KG,214,8,53,MM
2608658998,PROTHICKMETAL PRECISE S1137HBF BLADE 5PC,A,4059952622439,294.26,ZAR,Bosch,74,Accessories,A,,,135,Z5,,,,,,820291004,CH,,5,5,2000,TU;ST;SA;,ST,0.232,0.232,KG,290,7,52,MM
2608659000,PRO Thick Metal precise S1237HBF Blade ,A,4059952622453,381.39,ZAR,Bosch,74,Accessories,A,,,59,Z5,,,,,,820291004,CH,,5,5,1450,TU;ST;PAL,ST,0.315,0.315,KG,365,5,51,MM
2608659008,Reciprocating Saw Blade RBP- 5ER S 1135,A,4059952622538,333.91,ZAR,Bosch,74,Accessories,A,,,17,Z5,,,,,,820299005,CH,,5,5,2300,TU;ST;PAL,ST,0.197,0.197,KG,290,290,1,MM
2608661637,Star lock – AIZ 32 EPC (HCS),C,3165140492409,114.26,ZAR,Bosch,74,Accessories,A,,,0,Z5,,,,,,820299005,CH,,4,1,2480,TU;ST;PAL,ST,0.040,0.040,KG,185,20,100,MM
2608661640,star lock – AIZ 20 AB (BIM),C,3165140492430,104.87,ZAR,Bosch,74,Accessories,A,,,0,Z5,,,,,,820299005,CH,,4,1,2480,TU;ST;PAL,ST,0.037,0.037,KG,188,18,98,MM
2608661641,star lock – AIZ 10 AB (BIM),C,3165140492447,98.61,ZAR,Bosch,74,Accessories,A,,,0,Z5,,,,,,820299005,CH,,1,1,2480,ST;PAL;LU,ST,0.039,0.039,KG,190,20,100,MM
2608661645,star lock - AIZ 32 BSPB (BIM),A,3165140492485,140.35,ZAR,Bosch,74,Accessories,A,,,1,Z7,,,,,,820299005,CH,,4,1,2480,TU;ST;PAL,ST,0.045,0.045,KG,168,17,97,MM
2608661646,Scraper RB - 1ER ATZ 52 SC,B,3165140492492,114.26,ZAR,Bosch,74,Accessories,A,,,1,Z5,,,,,,820790006,CH,,1,1,2480,ST;PAL;LU,ST,0.041,0.041,KG,190,20,100,MM
2608661647,ATZ 52 SFC HCS Multi Material 1Pack,A,3165140492508,114.26,ZAR,Bosch,74,Accessories,A,,,3,Z5,,,,,,820790006,CH,,1,1,2480,ST;PAL;LU,ST,0.039,0.039,KG,185,20,100,MM
2608661691,AIZ 28 SC HCS Multi Material 1Pack,A,3165140546713,156.00,ZAR,Bosch,74,Accessories,A,,,11,Z5,,,,,,820890006,CN,,1,1,2480,ST;PAL;LU,ST,0.041,0.041,KG,186,10,98,MM
2608661692,ACZ 70 RT5 Carbide Grout+Abrasive 1Pack,A,3165140546720,247.82,ZAR,Bosch,74,Accessories,A,,,5,Z5,,,,,,680422906,CH,,1,1,3800,ST;PAL;LU,ST,0.042,0.042,KG,167,7,96,MM
2608661693,ACZ 100 SWB BIM Multi Mat. serrate 1Pack,A,3165140546737,309.39,ZAR,Bosch,74,Accessories,A,,,23,Z5,,,,,,820299005,CH,,1,1,3100,ST;PAL;LU,ST,0.046,0.046,KG,190,15,100,MM
2608661694,OMT 13pc set All-in-One,A,3165140555203,479.48,ZAR,Bosch,74,Accessories,A,,,5,Z5,,,,,,820299005,CH,,1,4,640,ST;SA;PAL,ST,0.166,0.166,KG,285,20,225,MM
2608661695,OMT 4pc set for Tiling,A,3165140555210,724.70,ZAR,Bosch,74,Accessories,A,,,38,Z5,,,,,,820299005,CH,,1,4,640,ST;PAL;LU,ST,0.180,0.180,KG,285,20,225,MM
2608661696,OMT 4pc set for Flooring+Fitting,A,3165140555227,479.48,ZAR,Bosch,74,Accessories,A,,,17,Z5,,,,,,820299005,CH,,1,4,640,ST;PAL;LU,ST,0.168,0.168,KG,285,15,225,MM
2608661907,AII 65 APB BIM Wood+Metal C-Tec 5Pack,A,3165140666008,745.04,ZAR,Bosch,74,Accessories,A,,,1,Z5,,,,,,820299005,CH,,1,5,1520,ST;PAL;LU,ST,0.140,0.140,KG,188,20,95,MM
2608662431,ASZ 32 SC HCS Multi Material 1Pack,C,3165140792967,260.35,ZAR,Bosch,74,Accessories,A,,,0,Z5,,,,,,820890006,TW,,1,1,2480,ST;PAL;LU,ST,0.048,0.048,KG,167,17.9,96,MM
2608663314,T744D HCS Speed for Wood 3Pack,A,3165140348591,80.87,ZAR,Bosch,74,Accessories,A,,,3,Z5,,,,,,820299005,CH,,5,3,7500,TU;ST;PAL,ST,0.058,0.058,KG,249,3,55,MM
2608667394,RB - 3ER T 1044 DP,A,3165140623605,243.65,ZAR,Bosch,74,Accessories,A,,,11,Z5,,,,,,820299005,CH,,5,3,3450,TU;ST;PAL,ST,0.134,0.134,KG,290,2,50,MM
2608667396,T1013AWP HCS Precis. f. Soft Mat. 3Pack,A,3165140623629,438.81,ZAR,Bosch,74,Accessories,A,,,20,Z5,,,,,,820299005,CH,,5,3,3450,TU;ST;PAL,ST,0.126,0.126,KG,290,2,50,MM
2608667443,T102D HCS Clean for PP 3Pack,A,3165140691475,57.91,ZAR,Bosch,74,Accessories,A,,,2,Z5,,,,,,820299005,CH,,10,3,,TU;ST;PAL,ST,0.026,0.026,KG,171,3,57,MM
2608667446,T102H HCS Clean for PVC 5Pack,A,3165140691505,101.90,ZAR,Bosch,74,Accessories,A,,,11,Z5,,,,,,820299005,CH,,10,5,,TU;ST;PAL,ST,0.039,0.039,KG,170,1,80,MM
2608668706,Saw Blade Set RBP - 2ER T 127 D,A,4059952624501,26.09,ZAR,Bosch,74,Accessories,A,,,3,Z3,,,,,,820291004,CH,,10,2,,TU;ST;LU;,ST,0.016,0.016,KG,171,2,56,MM
2608669066,Elunge cutting blade RB - 1ER AIZ 32 API,C,4059952629230,148.70,ZAR,Bosch,74,Accessories,A,,,0,Z5,,,,,,820299005,CH,,4,1,2480,TU;ST;PAL,ST,0.041,0.041,KG,167,8.75,74,MM
2608669067,Plunge cutting blade RB - 5ER AIZ 32 API,A,4059952629247,714.26,ZAR,Bosch,74,Accessories,A,,,200,Z5,,,,,,820299005,CH,,1,5,1824,ST;PAL;LU,ST,0.135,0.135,KG,165,20,73,MM
2608669070,Plunge cutting blade RB - 1ER AIZ32 BSPI,C,4059952629278,140.35,ZAR,Bosch,74,Accessories,A,,,0,Z5,,,,,,820299005,CH,,4,1,2480,TU;ST;PAL,ST,0.041,0.041,KG,167,7.6,74,MM
2608669075,Plunge cutting blade RB - 5ER AIZ 32 AIB,A,4059952629322,620.87,ZAR,Bosch,74,Accessories,A,,,7,Z5,,,,,,820299005,CH,,1,5,1824,ST;PAL;LU,ST,0.135,0.135,KG,165,25,75,MM
2608669078,Plunge cutting blade RB - 1ER AII65 APIB,A,4059952629353,182.09,ZAR,Bosch,74,Accessories,A,,,73,Z5,,,,,,820299005,CH,,4,1,3648,TU;ST;PAL,ST,0.039,0.039,KG,166,5.75,75,MM
2608669079,Plunge cutting blade RB - 5ER AII65 APIB,A,4059952629360,745.04,ZAR,Bosch,74,Accessories,A,,,99,Z5,,,,,,820299005,CH,,1,5,1824,ST;PAL;LU,ST,0.136,0.136,KG,165,19,74,MM
2608669086,Segmental Saw Blade ACZ 85 EIB 85mm,C,4059952629438,217.04,ZAR,Bosch,74,Accessories,A,,,0,Z5,,,,,,820299005,CH,,4,1,3648,TU;ST;PAL,ST,0.049,0.049,KG,95,20,165,MM
2608669088,Knife RB - 1ER ASZ32 SC,A,6949509237279,260.35,ZAR,Bosch,74,Accessories,A,,,5,Z5,,,,,,820890006,CN,,1,1,3100,ST;PAL;LU,ST,0.043,0.043,KG,165,8,74,MM
2608669092,Accessory Set BMX–5ER Cutting Set TU5,C,4059952629483,511.30,ZAR,Bosch,74,Accessories,A,,,0,Z5,,,,,,820299005,DE,,5,5,840,TU;ST;PAL,ST,0.313,0.300,KG,221,28,163,MM
2608669095,Accessory Set BMX- 5ER Set OMT E&D TU5,C,4059952629513,608.87,ZAR,Bosch,74,Accessories,A,,,0,Z5,,,,,,820299005,DE,,5,5,750,TU;ST;PAL,ST,0.328,0.328,KG,200,152,120,MM
2608669097,Accessory Set BMX- 7ER Set OMT W TU5,C,4059952629537,594.78,ZAR,Bosch,74,Accessories,A,,,0,Z5,,,,,,820299005,DE,,5,7,500,TU;ST;PAL,ST,0.371,0.371,KG,210,152,120,MM
2608669099,Accessory Set BMX- 8ER Set OMT R TU5,A,4059952629551,535.82,ZAR,Bosch,74,Accessories,A,,,2,Z5,,,,,,820299005,DE,,5,8,750,TU;ST;PAL,ST,0.350,0.350,KG,160,25,222,MM
2608669120,Segmental Saw Blade ACZ 85 RT3 85mm,C,4059952655994,309.39,ZAR,Bosch,74,Accessories,A,,,0,Z5,,,,,,680422906,CH,,1,1,3800,ST;PAL;LU,ST,0.051,0.051,KG,164,5,95,MM
2608669122,Plunge cutting blade RB - 1ER AIZ32 RT5,C,4059952656014,235.82,ZAR,Bosch,74,Accessories,A,,,0,Z5,,,,,,820299005,CH,,1,1,3720,ST;PAL;LU,ST,0.039,0.039,KG,165,7,74,MM
2608669123,Segmental Saw Blade RB - 1ER ACZ100 SWB,C,4059952656021,309.39,ZAR,Bosch,74,Accessories,A,,,0,Z5,,,,,,820299005,CH,,1,1,,ST;LU;1,ST,0.051,0.051,KG,164,6,94,MM
2608669125,PRO AVZ 93 G MULTITOOL ACCESSORY  93 MM,A,6949509247292,114.78,ZAR,Bosch,74,Accessories,A,,,8,Z5,,,,,,846610006,CN,,1,1,1640,ST;PAL;LU,ST,0.050,0.050,KG,165,10,109,MM
2608669128,Plunge cutting blade RB - 1ER PAIZ32 APB,A,4059952656076,185.74,ZAR,Bosch,74,Accessories,A,,,57,Z5,,,,,,820299005,CH,,1,1,3360,ST;PAL;LU,ST,0.041,0.041,KG,180,10,80,MM
2608669131,Plunge cutting blade RB - 1ER PAII65 APB,A,4059952656106,204.52,ZAR,Bosch,74,Accessories,A,,,33,Z5,,,,,,820299005,CH,,1,1,4960,ST;PAL;LU,ST,0.042,0.042,KG,185,10,75,MM
2608685868,Rotary hammer bit M4. Ø25x200x320,A,3165140564199,293.74,ZAR,Bosch,74,Accessories,A,,,11,Z7,,,,,,820750008,CN,,1,1,600,ST;PAL;LU,ST,0.662,0.662,KG,410,25,40,MM
2608685874,Rotary hammer bit M4. Ø32x200x320,A,3165140564267,456.52,ZAR,Bosch,74,Accessories,A,,,1,Z7,,,,,,820750008,CN,,1,1,450,ST;PAL;LU,ST,0.893,0.893,KG,420,30,45,MM
2608690125,Set 10 flat chisels SDS-Max  400 x 25 mm,A,3165140462723,1440.00,ZAR,Bosch,74,Accessories,A,,,9,Z7,,,,,,820790006,IT,,1,10,68,ST;PAL;KG,ST,7.300,7.180,KG,442,75,95,MM
2608690143,Spade-Shaped Chisel,A,3165140506465,308.87,ZAR,Bosch,74,Accessories,A,,,1,Z7,,,,,,820790006,IT,,1,1,600,ST;PAL;LU,ST,0.820,0.820,KG,490,20,50,MM
2608690167,PRO SDS max-5C špic dlijeto 400 mm,C,3165140533621,208.70,ZAR,Bosch,74,Accessories,A,,,0,Z5,,,,,,820790006,IT,,1,1,700,ST;PAL;LU,ST,0.718,0.718,KG,490,20,43,MM
2608690194,BURIN HEX 22MM LARGE AUTO-AFF 115x400,A,3165140670098,1319.48,ZAR,Bosch,74,Accessories,A,,,1,Z7,,,,,,820790006,IT,,1,1,200,ST;PAL;LU,ST,1.740,1.740,KG,390,25,110,MM
2608690239,Cold Chisel SDS max 400mm (1pcs),A,3165140855488,93.39,ZAR,Bosch,74,Accessories,A,,,96,Z5,,,,,,820790006,IT,,1,1,800,ST;PAL;LU,ST,0.728,0.728,KG,490,25,43,MM
2608690240,Pointed Chisel SDS max 400mm (1pcs),A,3165140855495,93.39,ZAR,Bosch,74,Accessories,A,,,42,Z5,,,,,,820790006,IT,,1,1,800,ST;PAL;LU,ST,0.746,0.713,KG,490,25,43,MM
2608690548,Cold Chisel SDS plus-5C 20x250,A,4059952575070,96.52,ZAR,Bosch,74,Accessories,A,,,23,Z5,,,,,,820790006,IT,,1,1,1800,ST;PAL;LU,ST,0.253,0.252,KG,344,16,47,MM
2608690549,Pointed Chisel SDS plus-5C TL250,A,4059952575087,96.52,ZAR,Bosch,74,Accessories,A,,,36,Z5,,,,,,820790006,IT,,1,1,1800,ST;PAL;LU,ST,0.232,0.232,KG,342,15,43,MM
2608690550,Pointed Chisel SDS max-5C TL400,A,4059952575094,208.70,ZAR,Bosch,74,Accessories,A,,,25,Z5,,,,,,820790006,IT,,1,1,700,ST;PAL;LU,ST,0.718,0.718,KG,490,20,43,MM
2608690551,Cold Chisel SDS max-5C 25x400,A,4059952575100,208.70,ZAR,Bosch,74,Accessories,A,,,38,Z5,,,,,,820790006,IT,,1,1,800,ST;PAL;LU,ST,0.749,0.725,KG,492,20,43,MM
2608690554,Wide chisel max-4C Pointed Set,A,4059952575131,186.26,ZAR,Bosch,74,Accessories,A,,,31,Z5,,,,,,820790006,IT,,1,1,1200,ST;PAL;LU,ST,0.323,0.310,KG,346,15,43,MM
2608690555,Pointed Chisel max-4C Pointed  400,A,4059952575148,156.52,ZAR,Bosch,74,Accessories,A,,,175,Z5,,,,,,820790006,IT,,1,1,800,ST;PAL;LU,ST,0.742,0.728,KG,490,15,45,MM
2608690556,Cold Chisel max-4C Flat  25x400,A,4059952575155,156.52,ZAR,Bosch,74,Accessories,A,,,60,Z5,,,,,,820790006,IT,,1,1,800,ST;PAL;LU,ST,0.765,0.725,KG,490,15,45,MM
2608690557,PRO SDS max-5C Spade Chisel  50x350 mm,A,4059952575162,273.39,ZAR,Bosch,74,Accessories,A,,,45,Z5,,,,,,820790006,IT,,1,1,420,ST;PAL;LU,ST,0.750,0.730,KG,445,20,50,MM
2608690558,Pointed Chisel max-4C Pointed  600,A,4059952575179,239.48,ZAR,Bosch,74,Accessories,A,,,10,Z5,,,,,,820790006,IT,,1,1,504,ST;PAL;LU,ST,1.173,1.138,KG,682,22,42,MM
2608690561,Set Of Tools max-5C Pointed Set,A,4059952575209,1956.52,ZAR,Bosch,74,Accessories,A,,,5,Z5,,,,,,820790006,IT,,1,10,68,ST;PAL,ST,7.230,7.230,KG,485,70,100,MM
2608690562,Pointed Chisel HEX 28-4C TL520,A,4059952575216,349.04,ZAR,Bosch,74,Accessories,A,,,200,Z5,,,,,,820790006,IT,,1,1,280,ST;PAL;LU,ST,2.660,2.620,KG,550,32,55,MM
2608690567,Cold Chisel HEX 28-4C 35x520,A,4059952575261,349.04,ZAR,Bosch,74,Accessories,A,,,92,Z5,,,,,,820790006,IT,,1,1,280,ST;PAL;LU,ST,2.669,2.669,KG,545,30,55,MM
2608690568,Wide chisel max-4C Spade 115x350,C,4059952575278,547.82,ZAR,Bosch,74,Accessories,A,,,0,Z5,,,,,,820790006,IT,,1,1,320,ST;PAL;LU,ST,1.230,1.230,KG,440,22,115,MM
2608690570,Wide chisel max-4C Spade  80x300,C,4059952575292,273.39,ZAR,Bosch,74,Accessories,A,,,0,Z5,,,,,,820790006,IT,,1,1,650,ST;PAL;LU,ST,0.748,0.747,KG,390,22,80,MM
2608690572,Tile Chisel SDS plus-5C 40x260,A,4059952575315,186.26,ZAR,Bosch,74,Accessories,A,,,77,Z5,,,,,,820790006,IT,,1,1,1440,ST;PAL;LU,ST,0.339,0.320,KG,359,15,42,MM
2608690573,Pointed Chisel 28-5C Pointed 400,A,4059952575322,411.65,ZAR,Bosch,74,Accessories,A,,,30,Z5,,,,,,820790006,IT,,1,1,340,ST;PAL;LU,ST,1.668,1.635,KG,400,25,35,MM
2608690574,Wide chisel max-4C Spade  50x400,A,4059952575339,308.87,ZAR,Bosch,74,Accessories,A,,,8,Z5,,,,,,820790006,IT,,1,1,600,ST;PAL;LU,ST,0.820,0.820,KG,490,20,50,MM
2608690575,Cold Chisel max-5C Flat Set,A,4059952575346,1956.52,ZAR,Bosch,74,Accessories,A,,,6,Z5,,,,,,820790006,IT,,1,10,68,ST;PAL;1,ST,7.340,7.308,KG,485,70,100,MM
2608690580,Tile Chisel max-5C Tile  50x300,A,4059952575391,205.57,ZAR,Bosch,74,Accessories,A,,,68,Z5,,,,,,820790006,IT,,1,1,340,ST;PAL;LU,ST,0.542,0.542,KG,475,35,60,MM
2608690584,Spade-Shaped Chisel HEX 28-4C 80x400,A,4059952575438,685.57,ZAR,Bosch,74,Accessories,A,,,50,Z5,,,,,,820790006,IT,,1,1,200,ST;PAL;LU,ST,2.415,2.410,KG,450,32,130,MM
2608690620,Pointed Chisel SP - Hex22-5C TL400,A,4059952648637,234.78,ZAR,Bosch,74,Accessories,A,,,11,Z5,,,,,,820790006,IT,,1,1,320,ST;PAL;LU,ST,1.121,1.121,KG,400,22,22,MM
2608690621,PRO HEX-5C Flat Chisel 22 mm  25x400mm,C,4059952648644,343.82,ZAR,Bosch,74,Accessories,A,,,0,Z5,,,,,,820790006,IT,,1,1,320,ST;PAL;LU,ST,1.179,1.179,KG,394,22,32,MM
2608706775,SDSmax hammer drill bit 12x400/540M4,A,6949509234155,199.82,ZAR,Bosch,74,Accessories,A,,,8,Z5,,,,,,820750008,CN,,1,,1000,ST;PMR;PL,ST,0.433,0.430,KG,630,12,42,MM
2608706778,SDSmax hammer drill bit max-4 16x340,A,6949509234186,162.78,ZAR,Bosch,74,Accessories,A,,,15,Z5,,,,,,820750008,CN,,1,,1280,ST;PMR;PA,ST,0.456,0.446,KG,430,16,42,MM
2608706779,SDSmax hammer drill bit max-4 16x540,A,6949509234193,208.18,ZAR,Bosch,74,Accessories,A,,,30,Z5,,,,,,820750008,CN,,1,,800,ST;PMR;PA,ST,0.627,0.608,KG,630,16,42,MM
2608706780,SDSmax hammer drill bit max-4 18x340,A,6949509234209,182.61,ZAR,Bosch,74,Accessories,A,,,15,Z5,,,,,,820750008,CN,,1,,1344,ST;PMR;PA,ST,0.492,0.492,KG,430,18,42,MM
2608706781,SDSmax hammer drill bit max-4 18x540,C,6949509234216,228.00,ZAR,Bosch,74,Accessories,A,,,0,Z5,,,,,,820750008,CN,,1,,800,ST;PMR;PA,ST,0.689,0.688,KG,630,18,42,MM
2608706783,SDSmax hammer drill bit max-4 20x320,C,6949509234230,195.65,ZAR,Bosch,74,Accessories,A,,,0,Z5,,,,,,820750008,CN,,1,,1344,ST;PMR;PA,ST,0.521,0.508,KG,410,20,42,MM
2608706784,SDSmax hammer drill bit max-4 20x520,A,6949509234247,247.30,ZAR,Bosch,74,Accessories,A,,,10,Z5,,,,,,820750008,CN,,1,,600,ST;PMR;PA,ST,0.774,0.742,KG,610,20,42,MM
2608706787,SDSmax hammer drill bit max-4 22x520,A,6949509234278,293.74,ZAR,Bosch,74,Accessories,A,,,25,Z5,,,,,,820750008,CN,,1,,600,ST;PMR;PA,ST,0.848,0.848,KG,610,22,42,MM
2608706791,SDSmax hammer drill bit max-4 25x320,B,6949509234315,293.74,ZAR,Bosch,74,Accessories,A,,,1,Z5,,,,,,820750008,CN,,1,,1120,ST;PMR;PA,ST,0.658,0.640,KG,410,25,42,MM
2608706792,SDSmax hammer drill bit max-4 25x520,C,6949509234322,358.43,ZAR,Bosch,74,Accessories,A,,,0,Z5,,,,,,820750008,CN,,1,,480,ST;PMR;PA,ST,1.062,1.054,KG,610,25,42,MM
2608706795,SDSmax hammer drill bit max-4 28x320,A,6949509234353,358.43,ZAR,Bosch,74,Accessories,A,,,9,Z5,,,,,,820750008,CN,,1,,840,ST;PMR;PA,ST,0.763,0.738,KG,410,28,42,MM
2608706800,SDSmax hammer drill bit max-4 32x320,A,6949509234407,456.52,ZAR,Bosch,74,Accessories,A,,,5,Z5,,,,,,820750008,CN,,1,,840,ST;PMR;PA,ST,0.874,0.874,KG,410,32,42,MM
2608706803,SDSmax hammer drill bit max-4 35x520,A,6949509234438,783.65,ZAR,Bosch,74,Accessories,A,,,13,Z5,,,,,,820750008,CN,,1,,240,ST;PMR;PA,ST,1.787,1.726,KG,610,35,42,MM
2608706806,SDSmax hammer drill bit max-4 40x520,A,6949509234469,914.09,ZAR,Bosch,74,Accessories,A,,,8,Z5,,,,,,820750008,CN,,1,,240,ST;PMR;PA,ST,2.046,2.046,KG,610,40,42,MM
2608706863,SDSplus hammer drill bit 5X 5x50x110,A,6949509237415,30.26,ZAR,Bosch,74,Accessories,A,,,59,Z5,,,,,,820750008,CN,,10,,8000,TU;ST;PMR,ST,0.043,0.040,KG,204,12,27,MM
2608706864,SDSplus hammer drill bit 5X 5x100x160,A,6949509237422,32.87,ZAR,Bosch,74,Accessories,A,,,51,Z5,,,,,,820750008,CN,,10,,8400,TU;ST;PMR,ST,0.048,0.044,KG,254,12,27,MM
2608706865,SDSplus hammer drill bit 5X 5x150x210,A,6949509237439,47.48,ZAR,Bosch,74,Accessories,A,,,2,Z5,,,,,,820750008,CN,,5,1,4950,TU;ST;PMR,ST,0.057,0.048,KG,304,12,27,MM
2608706869,SDSplus hammer drill bit 5X 5.5x50x110mm,C,6949509237477,32.35,ZAR,Bosch,74,Accessories,A,,,0,Z5,,,,,,820750008,CN,,10,,8000,TU;ST;PMR,ST,0.043,0.040,KG,204,12,27,MM
2608706870,SDSplus hammer drillbit 5X 5.5x100x160mm,A,6949509237484,37.04,ZAR,Bosch,74,Accessories,A,,,27,Z5,,,,,,820750008,CN,,5,1,8400,TU;ST;PMR,ST,0.050,0.046,KG,254,12,27,MM
2608706871,SDSplus hammer drill bit 5X 5.5x150x210,C,6949509237491,47.48,ZAR,Bosch,74,Accessories,A,,,0,Z5,,,,,,820750008,CN,,1,1,4950,ST;PMR;PA,ST,0.059,0.052,KG,304,12,27,MM
2608706875,SDSplus hammer drill bit 5X 6x50x110,A,6949509237538,32.35,ZAR,Bosch,74,Accessories,A,,,24,Z5,,,,,,820750008,CN,,10,,8000,TU;ST;PMR,ST,0.046,0.042,KG,204,12,27,MM
2608706876,SDSplus hammer drill bit 5X 6x100x160,A,6949509237545,37.04,ZAR,Bosch,74,Accessories,A,,,200,Z5,,,,,,820750008,CN,,10,,8400,TU;ST;PMR,ST,0.051,0.050,KG,254,12,27,MM
2608706877,SDSplus hammer drill bit 5X 6x150x210,C,6949509237552,48.52,ZAR,Bosch,74,Accessories,A,,,0,Z5,,,,,,820750008,CN,,10,,4950,TU;ST;PMR,ST,0.064,0.058,KG,304,12,27,MM
2608706878,SDSplus hammer drill bit 5X 6x200x260,A,6949509237569,52.70,ZAR,Bosch,74,Accessories,A,,,59,Z5,,,,,,820750008,CN,,10,1,5880,TU;ST;PMR,ST,0.072,0.066,KG,354,12,27,MM
2608706881,SDSplus hammer drill bit 5X 6.5x50x110,A,6949509237590,32.35,ZAR,Bosch,74,Accessories,A,,,52,Z5,,,,,,820750008,CN,,10,1,8000,TU;ST;PMR,ST,0.047,0.042,KG,204,12,27,MM
2608706882,SDSplus hammer drillbit 5X 6.5x100x160mm,C,6949509237606,40.18,ZAR,Bosch,74,Accessories,A,,,0,Z5,,,,,,820750008,CN,,10,1,8400,TU;ST;PMR,ST,0.056,0.054,KG,254,12,27,MM
2608706883,SDSplus hammer drill bit 5X 6.5x150x210,A,6949509237613,49.57,ZAR,Bosch,74,Accessories,A,,,30,Z5,,,,,,820750008,CN,,5,,4950,TU;ST;PMR,ST,0.068,0.062,KG,304,12,27,MM
2608706884,SDSplus hammer drill bit 5X 6.5x200x260,C,6949509237620,53.74,ZAR,Bosch,74,Accessories,A,,,0,Z5,,,,,,820750008,CN,,5,,5880,TU;ST;PMR,ST,0.077,0.072,KG,354,12,27,MM
2608706886,SDSplus hammer drill bit 5X 7x50x110,A,6949509237644,40.70,ZAR,Bosch,74,Accessories,A,,,15,Z5,,,,,,820750008,CN,,10,1,8000,TU;ST;PMR,ST,0.046,0.046,KG,204,12,27,MM
2608706887,SDSplus hammer drill bit 5X 7x100x160,B,6949509237651,41.74,ZAR,Bosch,74,Accessories,A,,,3,Z5,,,,,,820750008,CN,,10,1,8400,TU;ST;PMR,ST,0.056,0.056,KG,254,12,27,MM
2608706888,SDSplus hammer drill bit 5X 7x150x210,C,6949509237668,50.61,ZAR,Bosch,74,Accessories,A,,,0,Z5,,,,,,820750008,CN,,5,1,4950,TU;ST;PMR,ST,0.071,0.064,KG,304,12,27,MM
2608706890,SDSplus hammer drill bit 5X 8x50x110,C,6949509237682,40.70,ZAR,Bosch,74,Accessories,A,,,0,Z5,,,,,,820750008,CN,,10,,8000,TU;ST;PMR,ST,0.052,0.048,KG,204,12,27,MM
2608706891,SDSplus hammer drill bit 5X 8x100x160,A,6949509237699,42.78,ZAR,Bosch,74,Accessories,A,,,71,Z5,,,,,,820750008,CN,,10,,8400,TU;ST;PMR,ST,0.064,0.060,KG,254,12,27,MM
2608706892,SDSplus hammer drill bit 5X 8x150x210,A,6949509237705,52.70,ZAR,Bosch,74,Accessories,A,,,90,Z5,,,,,,820750008,CN,,10,,4950,TU;ST;PMR,ST,0.078,0.074,KG,304,12,27,MM
2608706893,SDSplus hammer drill bit 5X 8x200x260,A,6949509237712,54.78,ZAR,Bosch,74,Accessories,A,,,62,Z5,,,,,,820750008,CN,,10,1,5880,TU;ST;PMR,ST,0.090,0.084,KG,354,12,27,MM
2608706894,SDSplus hammer drill bit 5X 8x250x310,A,6949509237729,65.22,ZAR,Bosch,74,Accessories,A,,,15,Z5,,,,,,820750008,CN,,5,1,3500,TU;ST;PMR,ST,0.105,0.094,KG,404,12,27,MM
2608706895,SDSplus hammer drill bit 5X 8x300x360,C,6949509237736,85.04,ZAR,Bosch,74,Accessories,A,,,0,Z5,,,,,,820750008,CN,,5,1,3500,TU;ST;PMR,ST,0.117,0.108,KG,454,12,27,MM
2608706896,SDS PLUS-5X HAMMER DRILL BIT 8x400x460MM,C,6949509237743,111.13,ZAR,Bosch,74,Accessories,A,,,0,Z5,,,,,,820750008,CN,,5,,7000,TU;ST;PMR,ST,0.138,0.130,KG,554,12,27,MM
2608706898,SDSplus hammer drill bit 5X 9x100x160,C,6949509237767,47.48,ZAR,Bosch,74,Accessories,A,,,0,Z5,,,,,,820750008,CN,,5,1,8400,TU;ST;PMR,ST,0.063,0.062,KG,254,12,27,MM
2608706899,SDSplus hammer drill bit 5X 9x150x210,A,6949509237774,55.30,ZAR,Bosch,74,Accessories,A,,,14,Z5,,,,,,820750008,CN,,5,1,4950,TU;ST;PMR,ST,0.081,0.072,KG,304,12,27,MM
2608706901,SDSplus hammer drill bit 5X 10x50x110,C,6949509237798,44.35,ZAR,Bosch,74,Accessories,A,,,0,Z5,,,,,,820750008,CN,,10,,8000,TU;ST;PMR,ST,0.058,0.056,KG,204,12,27,MM
2608706902,SDSplus hammer drill bit 5X 10x100x160,A,6949509237804,49.04,ZAR,Bosch,74,Accessories,A,,,200,Z5,,,,,,820750008,CN,,10,,8400,TU;ST;PMR,ST,0.077,0.074,KG,254,12,27,MM
2608706903,SDSplus hammer drill bit 5X 10x150x210,A,6949509237811,58.96,ZAR,Bosch,74,Accessories,A,,,29,Z5,,,,,,820750008,CN,,10,,4950,TU;ST;PMR,ST,0.097,0.090,KG,304,12,27,MM
2608706904,SDSplus hammer drill bit 5X 10x200x260,A,6949509237828,63.65,ZAR,Bosch,74,Accessories,A,,,86,Z5,,,,,,820750008,CN,,10,1,5880,TU;ST;PMR,ST,0.108,0.108,KG,354,12,27,MM
2608706905,SDSplus hammer drill bit 5X 10x250x310,A,6949509237835,85.04,ZAR,Bosch,74,Accessories,A,,,3,Z5,,,,,,820750008,CN,,5,1,3500,TU;ST;PMR,ST,0.134,0.130,KG,404,12,27,MM
2608706906,SDSplus hammer drill bit 5X 10x300x360,A,6949509237842,98.09,ZAR,Bosch,74,Accessories,A,,,19,Z5,,,,,,820750008,CN,,5,,3500,TU;ST;PMR,ST,0.152,0.142,KG,454,12,27,MM
2608706907,SDSplus hammer drill bit 5X 10x400x460mm,A,6949509237859,117.39,ZAR,Bosch,74,Accessories,A,,,52,Z5,,,,,,820750008,CN,,5,,3500,TU;ST;PMR,ST,0.188,0.174,KG,554,12,27,MM
2608706909,SDSplus hammer drill bit 5X 11x100x160mm,A,6949509237873,55.82,ZAR,Bosch,74,Accessories,A,,,30,Z5,,,,,,820750008,CN,,5,,8400,TU;ST;PMR,ST,0.084,0.080,KG,254,12,27,MM
2608706910,SDSplus hammer drill bit 5X 11x150x210,A,6949509237880,62.61,ZAR,Bosch,74,Accessories,A,,,10,Z5,,,,,,820750008,CN,,1,1,4950,ST;PMR;PA,ST,0.103,0.100,KG,304,12,27,MM
2608706911,SDSplus hammer drill bit 5X 11x200x260,C,6949509237897,73.04,ZAR,Bosch,74,Accessories,A,,,0,Z5,,,,,,820750008,CN,,5,1,5880,TU;ST;PMR,ST,0.125,0.118,KG,354,12,27,MM
2608706912,SDSplus hammer drill bit 5X 12x100x160mm,A,6949509237903,55.82,ZAR,Bosch,74,Accessories,A,,,200,Z5,,,,,,820750008,CN,,10,,8400,TU;ST;PMR,ST,0.098,0.092,KG,254,12,27,MM
2608706913,SDSplus hammer drill bit 5X 12x150x210,B,6949509237910,66.78,ZAR,Bosch,74,Accessories,A,,,8,Z5,,,,,,820750008,CN,,10,,4950,TU;ST;PMR,ST,0.122,0.118,KG,304,12,27,MM
2608706914,SDSplus hammer drill bit 5X 12x200x260,A,6949509237927,75.13,ZAR,Bosch,74,Accessories,A,,,39,Z5,,,,,,820750008,CN,,10,,5880,TU;ST;PMR,ST,0.145,0.138,KG,354,12,27,MM
2608706915,SDSplus hammer drill bit 5X 12x250x310,A,6949509237934,91.30,ZAR,Bosch,74,Accessories,A,,,41,Z5,,,,,,820750008,CN,,5,1,2800,TU;ST;PMR,ST,0.174,0.166,KG,404,12,27,MM
2608706916,SDSplus hammer drill bit 5X 12x300x360,C,6949509237941,104.35,ZAR,Bosch,74,Accessories,A,,,0,Z5,,,,,,820750008,CN,,5,,3500,TU;ST;PMR,ST,0.196,0.186,KG,454,12,27,MM
2608706917,SDSplus hammer drill bit 5X 12x400x460,A,6949509237958,130.43,ZAR,Bosch,74,Accessories,A,,,24,Z5,,,,,,820750008,CN,,5,,3500,TU;ST;PMR,ST,0.234,0.232,KG,554,12,27,MM
2608706920,SDSplus hammer drill bit 5X 13x100x160,C,6949509237989,70.96,ZAR,Bosch,74,Accessories,A,,,0,Z5,,,,,,820750008,CN,,5,,7560,TU;ST;PMR,ST,0.117,0.112,KG,254,13,27,MM
2608706921,SDSplus hammer drill bit 5X 13x150x210,C,6949509237996,85.04,ZAR,Bosch,74,Accessories,A,,,0,Z5,,,,,,820750008,CN,,1,1,4950,ST;PMR;PA,ST,0.148,0.142,KG,304,13,27,MM
2608706922,SDSplus hammer drill bit 5X 13x200x260mm,C,6949509238009,91.30,ZAR,Bosch,74,Accessories,A,,,0,Z5,,,,,,820750008,CN,,5,1,5880,TU;ST;PMR,ST,0.178,0.170,KG,354,13,27,MM
2608706923,SDSplus hammer drill bit 5X 14x100x160,A,6949509238016,78.26,ZAR,Bosch,74,Accessories,A,,,119,Z5,,,,,,820750008,CN,,10,,6720,TU;ST;PMR,ST,0.114,0.114,KG,254,14,27,MM
2608706924,SDSplus hammer drill bit 5X 14x150x210,C,6949509238023,91.30,ZAR,Bosch,74,Accessories,A,,,0,Z5,,,,,,820750008,CN,,10,,4950,TU;ST;PMR,ST,0.149,0.142,KG,304,14,27,MM
2608706925,SDSplus hammer drill bit 5X 14x200x260,B,6949509238030,98.09,ZAR,Bosch,74,Accessories,A,,,4,Z5,,,,,,820750008,CN,,10,,5880,TU;ST;PMR,ST,0.182,0.168,KG,354,14,27,MM
2608706926,SDSplus hammer drill bit 5X 14x250x310,A,6949509238047,111.13,ZAR,Bosch,74,Accessories,A,,,15,Z5,,,,,,820750008,CN,,5,1,2800,TU;ST;PMR,ST,0.213,0.204,KG,404,14,27,MM
2608706927,SDSplus hammer drill bit 5X 14x300x360,C,6949509238054,111.13,ZAR,Bosch,74,Accessories,A,,,0,Z5,,,,,,820750008,CN,,5,,3500,TU;ST;PMR,ST,0.243,0.240,KG,454,14,27,MM
2608706928,SDSplus hammer drill bit 5X 14x400x460,A,6949509238061,136.70,ZAR,Bosch,74,Accessories,A,,,20,Z5,,,,,,820750008,CN,,5,,1575,TU;ST;PMR,ST,0.306,0.294,KG,550,15,30,MM
2608706931,SDSplus hammer drill bit 5X 15x100x160mm,C,6949509238092,85.57,ZAR,Bosch,74,Accessories,A,,,0,Z5,,,,,,820750008,CN,,5,,6720,TU;ST;PMR,ST,0.139,0.132,KG,254,15,27,MM
2608706932,SDSplus hammer drill bit 5X 15x200x260,A,6949509238108,111.13,ZAR,Bosch,74,Accessories,A,,,2,Z5,,,,,,820750008,CN,,5,1,2180,TU;ST;PMR,ST,0.220,0.210,KG,350,10,20,MM
2608706933,SDSplus hammer drill bit 85X 15x400x460,A,6949509238115,150.78,ZAR,Bosch,74,Accessories,A,,,33,Z5,,,,,,820750008,CN,,1,1,2800,ST;PMR;PA,ST,0.375,0.364,KG,554,15,27,MM
2608706934,SDSplus hammer drill bit 5X 16x150x210,A,6949509238122,101.74,ZAR,Bosch,74,Accessories,A,,,112,Z5,,,,,,820750008,CN,,10,,3960,TU;ST;PMR,ST,0.179,0.172,KG,304,16,27,MM
2608706935,SDSplus hammer drill bit 5X 16x200x260,B,6949509238139,117.39,ZAR,Bosch,74,Accessories,A,,,4,Z5,,,,,,820750008,CN,,5,1,2940,TU;ST;PMR,ST,0.221,0.208,KG,354,16,27,MM
2608706936,SDSplus hammer drill bit 5X 16x250x310,B,6949509238146,130.43,ZAR,Bosch,74,Accessories,A,,,2,Z5,,,,,,820750008,CN,,5,,2800,TU;ST;PMR,ST,0.258,0.246,KG,404,16,27,MM
2608706937,SDSplus hammer drill bit 5X 16x300x360,C,6949509238153,143.48,ZAR,Bosch,74,Accessories,A,,,0,Z5,,,,,,820750008,CN,,5,,2800,TU;ST;PMR,ST,0.295,0.284,KG,454,16,27,MM
2608706938,SDSplus hammer drill bit 5X 16x400x460,A,6949509238160,157.04,ZAR,Bosch,74,Accessories,A,,,32,Z5,,,,,,820750008,CN,,5,,2800,TU;ST;PMR,ST,0.372,0.354,KG,554,16,27,MM
2608706940,SDSplus hammer drill bit 5X 17x150x210,A,6949509238184,157.04,ZAR,Bosch,74,Accessories,A,,,5,Z5,,,,,,820750008,CN,,5,1,3960,TU;ST;PMR,ST,0.220,0.210,KG,304,17,27,MM
2608706941,SDSplus hammer drill bit 5X 17x150x310,A,6949509238191,176.35,ZAR,Bosch,74,Accessories,A,,,3,Z5,,,,,,820750008,CN,,5,1,2800,TU;ST;PMR,ST,0.529,0.318,KG,404,17,27,MM
2608706943,SDSplus hammer drill bit 5X 18x150x200,C,6949509238214,170.09,ZAR,Bosch,74,Accessories,A,,,0,Z5,,,,,,820750008,CN,,5,,1980,TU;ST;PMR,ST,0.243,0.226,KG,292,18,42,MM
2608706944,SDSplus hammer drill bit 5X 18x250x300,C,6949509238221,196.18,ZAR,Bosch,74,Accessories,A,,,0,Z5,,,,,,820750008,CN,,1,,1320,ST;PMR;PA,ST,0.367,0.358,KG,395,18,43,MM
2608706945,SDSplus hammer drill bit 5X 18x400x450,C,6949509238238,228.52,ZAR,Bosch,74,Accessories,A,,,0,Z5,,,,,,820750008,CN,,1,,1680,ST;PMR;PA,ST,0.541,0.516,KG,542,18,42,MM
2608706946,SDSplus hammer drill bit 5X 18x550x600,C,6949509238245,359.48,ZAR,Bosch,74,Accessories,A,,,0,Z5,,,,,,820750008,CN,,1,,756,ST;PMR;PA,ST,0.730,0.680,KG,692,18,42,MM
2608706948,SDSplus hammer drill bit 5X 19x250x300,A,6949509238269,215.48,ZAR,Bosch,74,Accessories,A,,,2,Z5,,,,,,820750008,CN,,1,1,1680,ST;PMR;PA,ST,0.404,0.390,KG,392,19,42,MM
2608706950,SDSplus hammer drill bit 5X 20x150x200,A,6949509238283,208.18,ZAR,Bosch,74,Accessories,A,,,15,Z5,,,,,,820750008,CN,,5,,1485,TU;ST;PMR,ST,0.286,0.274,KG,292,20,42,MM
2608706951,SDSplus hammer drill bit 5X 20x250x300,A,6949509238290,228.52,ZAR,Bosch,74,Accessories,A,,,15,Z5,,,,,,820750008,CN,,1,,1680,ST;PMR;PA,ST,0.427,0.414,KG,392,20,42,MM
2608706952,SDSplus hammer drill bit 5X 20x400x450,A,6949509238306,247.82,ZAR,Bosch,74,Accessories,A,,,35,Z5,,,,,,820750008,CN,,1,,960,ST;PMR;PA,ST,0.641,0.618,KG,542,20,42,MM
2608706954,SDSplus hammer drill bit 5X 22x200x250,C,6949509238320,261.91,ZAR,Bosch,74,Accessories,A,,,0,Z5,,,,,,820750008,CN,,5,,2205,TU;ST;PMR,ST,0.373,0.358,KG,342,22,42,MM
2608706955,SDSplus hammer drill bit 5X 22x400x450,C,6949509238337,359.48,ZAR,Bosch,74,Accessories,A,,,0,Z5,,,,,,820750008,CN,,1,,1260,ST;PMR;PA,ST,0.722,0.652,KG,542,22,42,MM
2608706957,SDSplus hammer drill bit 5X 24x200x250,A,6949509238351,287.48,ZAR,Bosch,74,Accessories,A,,,6,Z5,,,,,,820750008,CN,,1,,1764,ST;PMR;PA,ST,0.426,0.406,KG,342,24,42,MM
2608706958,SDSplus hammer drill bit 5X 24x400x450mm,C,6949509238368,391.82,ZAR,Bosch,74,Accessories,A,,,0,Z5,,,,,,820750008,CN,,1,,1260,ST;PMR;PA,ST,0.784,0.760,KG,542,24,42,MM
2608706959,SDSplus hammer drill bit 5X 25x200x250,A,6949509238375,313.57,ZAR,Bosch,74,Accessories,A,,,16,Z5,,,,,,820750008,CN,,1,,1764,ST;PMR;PA,ST,0.458,0.442,KG,342,25,42,MM
2608706960,SDSplus hammer drill bit 5X 25x400x450,C,6949509238382,424.18,ZAR,Bosch,74,Accessories,A,,,0,Z5,,,,,,820750008,CN,,1,,1260,ST;PMR;PA,ST,0.859,0.838,KG,542,25,42,MM
2608706961,SDSplus hammer drill bit 5X 26x200x250,A,6949509238399,339.65,ZAR,Bosch,74,Accessories,A,,,3,Z5,,,,,,820750008,CN,,1,1,1764,ST;PMR;PA,ST,0.481,0.466,KG,342,26,42,MM
2608706962,SDSplus hammer drill bit 5X 26x400x450,A,6949509238405,457.57,ZAR,Bosch,74,Accessories,A,,,10,Z5,,,,,,820750008,CN,,1,1,1260,ST;PMR;PA,ST,0.900,0.892,KG,542,26,42,MM
2608707246,PRO SDS Plus-5X 7pcs CAS,C,4059952676920,375.65,ZAR,Bosch,74,Accessories,A,,,0,Z5,,,,,,820750008,DE,,1,7,432,ST;PLA;PA,ST,0.613,0.592,KG,214,44,114,MM
2608707302,SDSplus hammer drill bit plus1 6x110mm,A,6949509247308,396.52,ZAR,Bosch,74,Accessories,A,,,7,Z5,,,,,,820750008,CN,,1,30,384,ST;PAL;LU,ST,0.057,0.057,KG,60,126,60,MM
2608707303,SDSplus hammer drill bit plus1 6x160mm,A,6949509247315,406.96,ZAR,Bosch,74,Accessories,A,,,12,Z5,,,,,,820750008,CN,,1,30,336,ST;PAL;LU,ST,0.057,0.057,KG,60,156,60,MM
2608707304,SDSplus hammer drill bit plus1 8x110mm,A,6949509247322,409.57,ZAR,Bosch,74,Accessories,A,,,8,Z5,,,,,,820750008,CN,,1,30,384,ST;PAL;LU,ST,0.057,0.057,KG,60,126,60,MM
2608707305,SDSplus hammer drill bit plus1 8x160mm,A,6949509247339,448.70,ZAR,Bosch,74,Accessories,A,,,3,Z5,,,,,,820750008,CN,,1,30,276,ST;PAL;LU,ST,0.057,0.057,KG,60,156,60,MM
2608707306,SDSplus hammer drill bit plus1 10x160mm,A,6949509247346,469.04,ZAR,Bosch,74,Accessories,A,,,3,Z5,,,,,,820750008,CN,,1,30,252,ST;PAL;LU,ST,0.057,0.057,KG,60,156,60,MM
2608707307,SDSplus hammer drill bit plus1 10x210mm,A,6949509247353,573.39,ZAR,Bosch,74,Accessories,A,,,3,Z5,,,,,,820750008,CN,,1,30,195,ST;PAL;LU,ST,0.060,0.060,KG,60,210,60,MM
2608707308,SDSplus hammer drill bit plus1 12x160mm,A,6949509247360,521.22,ZAR,Bosch,74,Accessories,A,,,4,Z5,,,,,,820750008,CN,,1,30,192,ST;PAL;LU,ST,0.096,0.096,KG,70,156,70,MM
2608707309, DSplus hammer drill bit plus1 12x210mm,A,6949509247377,625.57,ZAR,Bosch,74,Accessories,A,,,5,Z5,,,,,,820750008,CN,,1,30,160,ST;PAL;LU,ST,0.112,0.112,KG,70,210,70,MM
2608831000,SDS-Plus 3  4 x 50 x 115 mm,A,6949509209313,28.18,ZAR,Bosch,74,Accessories,A,,,38,Z5,,,,,,820750008,CN,,5,1,,ST;PAL;LU,ST,0.040,0.036,KG,205,10,27,MM
2608831001,SDS-Plus 3  4 x 100 x 165 mm,A,6949509209320,29.22,ZAR,Bosch,74,Accessories,A,,,43,Z5,,,,,,820750008,CN,,5,1,8000,ST;PAL;LU,ST,0.040,0.034,KG,255,10,27,MM
2608831002,SDS-Plus 3  5 x 50 x 110 mm,A,6949509209337,28.70,ZAR,Bosch,74,Accessories,A,,,65,Z5,,,,,,820750008,CN,,5,1,,ST;PAL;LU,ST,0.041,0.035,KG,205,10,27,MM
2608831003,SDS-Plus 3  5 x 100 x 160 mm,A,6949509209344,29.74,ZAR,Bosch,74,Accessories,A,,,176,Z5,,,,,,820750008,CN,,5,1,8000,ST;PAL;LU,ST,0.043,0.039,KG,255,10,27,MM
2608831004,SDS-Plus 3  5 x 150 x 210 mm,A,6949509209351,42.78,ZAR,Bosch,74,Accessories,A,,,33,Z5,,,,,,820750008,CN,,5,1,6000,ST;PAL;LU,ST,0.050,0.040,KG,305,10,27,MM
2608831005,SDS-Plus 3  5 5 x 50 x 110 mm,C,6949509209368,29.22,ZAR,Bosch,74,Accessories,A,,,0,Z5,,,,,,820750008,CN,,5,1,9000,ST;PAL;LU,ST,0.038,0.025,KG,210,10,30,MM
2608831006,SDS-Plus 3  5 5 x 100 x 160 mm,A,6949509209375,30.26,ZAR,Bosch,74,Accessories,A,,,33,Z5,,,,,,820750008,CN,,5,1,8000,ST;PAL;LU,ST,0.045,0.039,KG,256,10,27,MM
2608831007,SDS-Plus 3  6 x 50 x 115 mm,A,6949509209382,29.74,ZAR,Bosch,74,Accessories,A,,,178,Z5,,,,,,820750008,CN,,5,1,,ST;PAL;LU,ST,0.041,0.034,KG,205,7,27,MM
2608831008,SDS-Plus 3  6 x 100 x 160 mm,A,6949509209399,30.26,ZAR,Bosch,74,Accessories,A,,,200,Z5,,,,,,820750008,CN,,5,1,8000,ST;PAL;LU,ST,0.051,0.045,KG,255,10,27,MM
2608831009,SDS-Plus 3  6 x 150 x 215 mm,A,6949509209405,45.39,ZAR,Bosch,74,Accessories,A,,,8,Z5,,,,,,820750008,CN,,5,1,6000,ST;PAL;LU,ST,0.055,0.053,KG,305,10,28,MM
2608831010,SDS-Plus 3  6 x 200 x 265 mm,A,6949509209412,54.26,ZAR,Bosch,74,Accessories,A,,,28,Z5,,,,,,820750008,CN,,5,1,6000,ST;PAL;LU,ST,0.065,0.054,KG,335,10,27,MM
2608831012,SDS-Plus 3  6 5 x 100 x 165 mm,A,6949509209436,32.35,ZAR,Bosch,74,Accessories,A,,,21,Z5,,,,,,820750008,CN,,5,1,8000,ST;PAL;LU,ST,0.051,0.040,KG,255,10,30,MM
2608831015,SDS-Plus 3  7 x 50 x 110 mm,A,6949509209467,31.30,ZAR,Bosch,74,Accessories,A,,,32,Z5,,,,,,820750008,CN,,5,1,,ST;PAL;LU,ST,0.046,0.039,KG,205,10,28,MM
2608831017,SDS-Plus 3  7 x 150 x 215 mm,A,6949509209481,45.39,ZAR,Bosch,74,Accessories,A,,,20,Z5,,,,,,820750008,CN,,5,1,6000,ST;PAL;LU,ST,0.067,0.057,KG,305,7,7,MM
2608831018,SDS-Plus 3  8 x 50 x 115 mm,A,6949509209498,33.91,ZAR,Bosch,74,Accessories,A,,,69,Z5,,,,,,820750008,CN,,5,1,8000,ST;PAL;LU,ST,0.050,0.040,KG,205,10,30,MM
2608831019,SDS-Plus 3  8 x 100 x 165 mm,A,6949509209504,34.96,ZAR,Bosch,74,Accessories,A,,,200,Z5,,,,,,820750008,CN,,5,1,6400,ST;PAL;LU,ST,0.058,0.058,KG,255,10,28,MM
2608831020,SDS-Plus 3  8 x 150 x 210 mm,A,6949509209511,48.52,ZAR,Bosch,74,Accessories,A,,,71,Z5,,,,,,820750008,CN,,5,1,6000,ST;PAL;LU,ST,0.071,0.067,KG,305,8,8,MM
2608831021,SDS-Plus 3  8 x 200 x 260 mm,A,6949509209528,57.39,ZAR,Bosch,74,Accessories,A,,,9,Z5,,,,,,820750008,CN,,5,1,4000,ST;PAL;LU,ST,0.084,0.079,KG,355,5,27,MM
2608831022,SDS-Plus 3  8 x 400 x 460 mm,C,6949509209535,91.30,ZAR,Bosch,74,Accessories,A,,,0,Z5,,,,,,820750008,CN,,1,1,3000,ST;PAL;LU,ST,0.134,0.125,KG,550,10,30,MM
2608831023,SDS-Plus 3  9 x 100 x 165 mm,A,6949509209542,37.04,ZAR,Bosch,74,Accessories,A,,,12,Z5,,,,,,820750008,CN,,5,1,8000,ST;PAL;LU,ST,0.060,0.055,KG,255,6,28,MM
2608831024,SDS-Plus 3  10 x 50 x 115 mm,A,6949509209559,34.43,ZAR,Bosch,74,Accessories,A,,,50,Z5,,,,,,820750008,CN,,5,1,8000,ST;PAL;LU,ST,0.060,0.052,KG,205,10,27,MM
2608831025,SDS-Plus 3  10 x 100 x 165 mm,A,6949509209566,41.22,ZAR,Bosch,74,Accessories,A,,,200,Z5,,,,,,820750008,CN,,5,1,6400,ST;PAL;LU,ST,0.073,0.070,KG,256,10,27,MM
2608831026,SDS-Plus 3  10 x 150 x 215 mm,C,6949509209573,48.52,ZAR,Bosch,74,Accessories,A,,,0,Z5,,,,,,820750008,CN,,5,1,3000,ST;PAL;LU,ST,0.090,0.090,KG,310,10,27,MM
2608831027,SDS-Plus 3  10 x 200 x 265 mm,A,6949509209580,61.04,ZAR,Bosch,74,Accessories,A,,,2,Z5,,,,,,820750008,CN,,5,1,4000,ST;PAL;LU,ST,0.106,0.100,KG,335,10,27,MM
2608831030,SDS-Plus 3  10 x 400 x 465 mm,A,6949509209610,104.35,ZAR,Bosch,74,Accessories,A,,,155,Z5,,,,,,820750008,CN,,1,1,2000,ST;PAL;LU,ST,0.160,0.160,KG,560,10,30,MM
2608831031,SDS-Plus 3  11 x 100 x 165 mm,C,6949509209627,42.26,ZAR,Bosch,74,Accessories,A,,,0,Z5,,,,,,820750008,CN,,5,1,6400,ST;PAL;LU,ST,0.080,0.060,KG,255,10,30,MM
2608831032,SDS-Plus 3  12 x 100 x 165 mm,A,6949509209634,49.04,ZAR,Bosch,74,Accessories,A,,,159,Z5,,,,,,820750008,CN,,5,1,4000,ST;PAL;LU,ST,0.089,0.087,KG,255,10,27,MM
2608831033,SDS-Plus 3  12 x 150 x 215 mm,A,6949509209641,54.78,ZAR,Bosch,74,Accessories,A,,,18,Z5,,,,,,820750008,CN,,5,1,3000,ST;PAL;LU,ST,0.110,0.109,KG,305,12,12,MM
2608831034,SDS-Plus 3  12 x 200 x 260 mm,A,6949509209658,68.87,ZAR,Bosch,74,Accessories,A,,,19,Z5,,,,,,820750008,CN,,5,1,3200,ST;PAL;LU,ST,0.130,0.130,KG,355,5,27,MM
2608831036,SDS-Plus 3  12 x 400 x 465 mm,A,6949509209672,117.39,ZAR,Bosch,74,Accessories,A,,,23,Z5,,,,,,820750008,CN,,1,1,1500,ST;PAL;LU,ST,0.230,0.230,KG,555,12,12,MM
2608831037,SDS-Plus 3  13 x 100 x 165 mm,A,6949509209689,62.09,ZAR,Bosch,74,Accessories,A,,,20,Z5,,,,,,820750008,CN,,5,1,4000,ST;PAL;LU,ST,0.101,0.100,KG,255,10,28,MM
2608831038,SDS-Plus 3  14 x 100 x 165 mm,A,6949509209696,72.52,ZAR,Bosch,74,Accessories,A,,,89,Z5,,,,,,820750008,CN,,5,1,4000,ST;PAL;LU,ST,0.100,0.100,KG,255,14,28,MM
2608831040,SDS-Plus 3  14 x 200 x 265 mm,A,6949509209719,88.18,ZAR,Bosch,74,Accessories,A,,,41,Z5,,,,,,820750008,CN,,5,1,2400,ST;PAL;LU,ST,0.161,0.157,KG,355,14,14,MM
2608831042,SDS-Plus 3  14 x 400 x 465 mm,C,6949509209733,130.43,ZAR,Bosch,74,Accessories,A,,,0,Z5,,,,,,820750008,CN,,1,1,1600,ST;PAL;LU,ST,0.254,0.254,KG,558,28,28,MM
2608831043,SDS-Plus 3  15 x 100 x 165 mm,A,6949509209740,78.78,ZAR,Bosch,74,Accessories,A,,,10,Z5,,,,,,820750008,CN,,5,1,4000,ST;PAL;LU,ST,0.130,0.120,KG,260,15,30,MM
2608831044,SDS-Plus 3  16 x 150 x 215 mm,A,6949509209757,93.39,ZAR,Bosch,74,Accessories,A,,,131,Z5,,,,,,820750008,CN,,5,1,3000,ST;PAL;LU,ST,0.164,0.160,KG,310,15,27,MM
2608831047,SDS-Plus 3  16 x 400 x 465 mm,A,6949509209788,143.48,ZAR,Bosch,74,Accessories,A,,,33,Z5,,,,,,820750008,CN,,1,1,1200,ST;PAL;LU,ST,0.360,0.352,KG,560,15,30,MM
2608831048,SDS-Plus 3  18 x 150 x 200 mm,A,6949509209795,157.04,ZAR,Bosch,74,Accessories,A,,,55,Z5,,,,,,820750008,CN,,1,1,2000,ST;PAL;LU,ST,0.200,0.200,KG,295,18,27,MM
2608831049,SDS-Plus 3  18 x 250 x 300 mm,A,6949509209801,142.96,ZAR,Bosch,74,Accessories,A,,,53,Z5,,,,,,820750008,CN,,1,1,1350,ST;PAL;LU,ST,0.320,0.301,KG,395,20,27,MM
2608831051,SDS-Plus 3  18 x 400 x 450 mm,A,6949509209825,196.18,ZAR,Bosch,74,Accessories,A,,,54,Z5,,,,,,820750008,CN,,1,1,900,ST;PAL;LU,ST,0.428,0.428,KG,550,20,27,MM
2608831052,SDS-Plus 3  20 x 150 x 200 mm,A,6949509209832,196.18,ZAR,Bosch,74,Accessories,A,,,80,Z5,,,,,,820750008,CN,,1,1,1800,ST;PAL;LU,ST,0.230,0.230,KG,295,20,20,MM
2608831053,SDS-Plus 3  20 x 250 x 300 mm,A,6949509209849,176.35,ZAR,Bosch,74,Accessories,A,,,23,Z5,,,,,,820750008,CN,,1,1,1100,ST;PAL;LU,ST,0.340,0.340,KG,400,20,20,MM
2608831055,SDS-Plus 3  20 x 400 x 450 mm,A,6949509209863,228.52,ZAR,Bosch,74,Accessories,A,,,88,Z5,,,,,,820750008,CN,,1,1,600,ST;PAL;LU,ST,0.480,0.480,KG,545,20,20,MM
2608831056,SDS-Plus 3  22 x 200 x 250 mm,A,6949509209870,215.48,ZAR,Bosch,74,Accessories,A,,,9,Z5,,,,,,820750008,CN,,1,1,1050,ST;PAL;LU,ST,0.325,0.325,KG,345,22,22,MM
2608831058,SDS-Plus 3  22 x 400 x 450 mm,A,6949509209894,326.61,ZAR,Bosch,74,Accessories,A,,,8,Z5,,,,,,820750008,CN,,1,1,720,ST;PAL;LU,ST,0.575,0.575,KG,543,23,28,MM
2608831059,SDS-Plus 3  24 x 200 x 250 mm,A,6949509209900,261.91,ZAR,Bosch,74,Accessories,A,,,29,Z5,,,,,,820750008,CN,,1,1,900,ST;PAL;LU,ST,0.338,0.338,KG,350,24,24,MM
2608831060,SDS-Plus 3  24 x 400 x 450 mm,A,6949509209917,391.82,ZAR,Bosch,74,Accessories,A,,,11,Z5,,,,,,820750008,CN,,1,1,480,ST;PAL;LU,ST,0.640,0.640,KG,540,32,32,MM
2608831061,SDS-Plus 3  25 x 200 x 250 mm,A,6949509209924,326.61,ZAR,Bosch,74,Accessories,A,,,7,Z5,,,,,,820750008,CN,,1,1,900,ST;PAL;LU,ST,0.366,0.360,KG,350,25,25,MM
2608831063,SDS-Plus 3  25 x 400 x 450 mm,A,6949509209948,457.57,ZAR,Bosch,74,Accessories,A,,,18,Z5,,,,,,820750008,CN,,1,1,480,ST;PAL;LU,ST,0.724,0.724,KG,545,20,27,MM
2608833772,SDSplus hammer drill bit D5x100x160,A,6949509223258,32.87,ZAR,Bosch,74,Accessories,A,,,1,Z7,,,,,,820750008,CN,,5,1,9000,TU;ST;PAL,ST,0.049,0.049,KG,253,15,27,MM
2608833778,5X drill bit - 6x100x160,C,6949509223319,37.04,ZAR,Bosch,74,Accessories,A,,,0,Z5,,,,,,820750008,CN,,5,1,7000,TU;ST;PAL,ST,0.054,0.053,KG,253,16,27,MM
2608833780,5X drill bit - 6x200x260,A,6949509223333,52.70,ZAR,Bosch,74,Accessories,A,,,2,Z7,,,,,,820750008,CN,,5,1,2800,TU;ST;PAL,ST,0.072,0.072,KG,353,16,27,MM
2608833786,5X drill bit – 7x100x160,A,6949509223395,41.74,ZAR,Bosch,74,Accessories,A,,,6,Z5,,,,,,820750008,CN,,5,1,6000,TU;ST;PAL,ST,0.059,0.059,KG,253,18,27,MM
2608833789,5X drill bit - 8x100x160,C,6949509223425,42.78,ZAR,Bosch,74,Accessories,A,,,0,Z5,,,,,,820750008,CN,,5,1,6000,TU;ST;PAL,ST,0.061,0.061,KG,253,21,27,MM
2608833790,5X drill bit - 8x150x210,A,6949509223432,52.70,ZAR,Bosch,74,Accessories,A,,,2,Z7,,,,,,820750008,CN,,5,1,5400,TU;ST;PAL,ST,0.079,0.079,KG,303,21,27,MM
2608833793,SDSplus hammer drill bit D8x300x360,A,6949509223463,85.04,ZAR,Bosch,74,Accessories,A,,,5,Z7,,,,,,820750008,CN,,1,1,3500,ST;PAL;LU,ST,0.123,0.123,KG,453,21,27,MM
2608833798,5X drill bit - 10x100x160,C,6949509223517,49.04,ZAR,Bosch,74,Accessories,A,,,0,Z5,,,,,,820750008,CN,,5,1,7000,TU;ST;PAL,ST,0.077,0.077,KG,253,26,27,MM
2608833800,5X drill bit - 10x200x260,A,6949509223531,63.65,ZAR,Bosch,74,Accessories,A,,,1,Z7,,,,,,820750008,CN,,5,1,2800,TU;ST;PAL,ST,0.110,0.101,KG,353,26,27,MM
2608833802,5X drill bit - 10x300x360,A,6949509223555,98.09,ZAR,Bosch,74,Accessories,A,,,4,Z5,,,,,,820750008,CN,,5,1,3500,TU;ST;PAL,ST,0.158,0.158,KG,453,26,27,MM
2608833807,5X drill bit - 12x100x160,C,6949509223609,55.82,ZAR,Bosch,74,Accessories,A,,,0,Z5,,,,,,820750008,CN,,5,1,4000,TU;ST;PAL,ST,0.099,0.099,KG,254,11,28,MM
2608833808,5X drill bit - 12x150x210,C,6949509223616,66.78,ZAR,Bosch,74,Accessories,A,,,0,Z5,,,,,,820750008,CN,,5,1,3150,TU;ST;PAL,ST,0.124,0.124,KG,303,31,27,MM
2608833816,5X drill bit - 14x100x160,C,6949509223692,78.26,ZAR,Bosch,74,Accessories,A,,,0,Z5,,,,,,820750008,CN,,5,1,6720,TU;ST;PAL,ST,0.139,0.139,KG,253,36,27,MM
2608833826,5X drill bit – 16x200x260,C,6949509223791,117.39,ZAR,Bosch,74,Accessories,A,,,0,Z5,,,,,,820750008,CN,,5,1,2940,TU;ST;PAL,ST,0.222,0.222,KG,353,41,27,MM
2608833827,5X drill bit - 16x250x310,A,6949509223807,130.43,ZAR,Bosch,74,Accessories,A,,,2,Z7,,,,,,820750008,CN,,5,1,1680,TU;ST;PAL,ST,0.261,0.261,KG,403,41,27,MM
2608833828,5X drill bit - 16x300x360,A,6949509223814,143.48,ZAR,Bosch,74,Accessories,A,,,2,Z7,,,,,,820750008,CN,,1,1,2800,ST;PAL;LU,ST,0.299,0.299,KG,453,41,27,MM
2608836628,SDS plus-5X drill bit 17x150x210,A,6949509227669,157.04,ZAR,Bosch,74,Accessories,A,,,2,Z5,,,,,,820750008,CN,,1,1,3960,ST;PAL;LU,ST,0.214,0.210,KG,304,17,27,MM
2608836648,SDS plus-5X drill bit 24x400x450,C,6949509227843,391.82,ZAR,Bosch,74,Accessories,A,,,0,Z5,,,,,,820750008,CN,,1,1,1260,ST;PAL;LU,ST,0.764,0.700,KG,542,24,42,MM
2608837746,circular Saw Blade ST ST H 136x20 T30,C,3165140958684,286.96,ZAR,Bosch,74,Accessories,A,,,0,Z5,,,,,,820239309,CN,,1,1,800,ST;PAL;LU,ST,0.200,0.116,KG,224,15,192,MM
2608844867,Circular Saw Blade ST SL B 254x25.4x52,C,4059952696706,451.30,ZAR,Bosch,74,Accessories,A,,,0,Z3,,,,,,820239309,CN,,1,,420,ST;PMR;PA,ST,0.900,0.670,KG,320,10,290,MM
2608844868,Circular Saw Blade ST SL B 305x25.4x60,A,4059952696713,597.39,ZAR,Bosch,74,Accessories,A,,,31,Z5,,,,,,820239309,CN,,1,,320,ST;PMR;PA,ST,1.290,0.980,KG,370,10,340,MM
2608844869,Circular Saw Blade ST SL B 305x25.4x72,A,4059952699578,678.26,ZAR,Bosch,74,Accessories,A,,,27,Z5,,,,,,820239309,CN,,1,,320,ST;PMR;PA,ST,1.290,0.980,KG,370,10,340,MM
2608844870,Circular Saw Blade ST SL B 355x25.4x66,C,4059952696720,782.61,ZAR,Bosch,74,Accessories,A,,,0,Z3,,,,,,820239309,CN,,1,,150,ST;PMR;PA,ST,1.770,1.340,KG,435,10,400,MM
2608844871,Circular Saw Blade ST SL B 355x25.4x90,C,4059952696737,678.26,ZAR,Bosch,74,Accessories,A,,,0,Z3,,,,,,820239309,CN,,1,,150,ST;PMR;PA,ST,1.770,1.340,KG,435,10,400,MM
2608846430,Dremel Saw Blade MultiMaterial 85x15 T20,C,8710364083343,119.40,ZAR,Dremel,76,Dremel,A,,,0,Z5,,,,,,820239309,CN,,1,1,5040,ST;PAL;LU,ST,0.086,0.040,KG,160.6,4,115,MM
2608846431,Dremel Circular Saw Blade Wood 85x15 T20,C,8710364083350,137.40,ZAR,Dremel,76,Dremel,A,,,0,Z5,,,,,,820239309,CN,,1,1,5040,ST;PAL;LU,ST,0.060,0.060,KG,115,155,17,MM
2608900000,Auxiliary Handle M10 VibrationControl,A,4059952530505,217.04,ZAR,Bosch,74,Accessories,A,,,17,Z5,,,,,,846799909,BG,,1,1,432,ST;PAL;LU,ST,0.220,0.185,KG,210,63,80,MM
2608900001,Auxiliary Handle M14 VibrationControl,A,4059952530512,217.04,ZAR,Bosch,74,Accessories,A,,,39,Z5,,,,,,846799909,BG,,1,1,432,ST;PAL;LU,ST,0.230,0.208,KG,205,66,80,MM
2608900006,Multi-hole sanding pad soft  150 mm,A,4059952530567,521.22,ZAR,Bosch,74,Accessories,A,,,9,Z5,,,,,,846610006,DE,,1,1,672,ST;PAL;LU,ST,0.220,0.186,KG,185,35,155,MM
2608900007,Backing Pad 150mm  mittel,A,4059952530574,521.22,ZAR,Bosch,74,Accessories,A,,,6,Z5,,,,,,846610006,DE,,1,1,672,ST;PAL;LU,ST,0.213,0.186,KG,185,28,152,MM
2608900008,1ulti-hole sanding pad hard  150 mm,C,4059952530581,521.22,ZAR,Bosch,74,Accessories,A,,,0,Z5,,,,,,846610006,DE,,1,1,672,ST;PAL;LU,ST,0.200,0.186,KG,185,35,155,MM
2608900019,EXPERT MetalMax PAIZ 32 AIT Multitool Bl,C,4059952530710,272.87,ZAR,Bosch,74,Accessories,A,,,0,Z5,,,,,,820299005,CH,,1,1,1920,ST;PAL;LU,ST,0.052,0.052,KG,185,15,96,MM
2608900041,Sander Plate RBE- 1ER AVZ 70 RT4,A,4059952530932,434.61,ZAR,Bosch,74,Accessories,A,,,3,Z5,,,,,,680530006,CH,,1,1,3500,ST;PAL;LU,ST,0.057,0.057,KG,167,9,96,MM
2608900195,SDSplus hammer drill bit 7X 7PCS SET,C,4059952532691,994.96,ZAR,Bosch,74,Accessories,A,,,0,Z5,,,,,,820750008,DE,,1,7,672,ST;PLA;PA,ST,0.605,0.575,KG,200,43,113,MM
2608900196,SDSplus hammer drill bit 7X 3PCS SET,C,4059952532707,366.26,ZAR,Bosch,74,Accessories,A,,,0,Z5,,,,,,820750008,DE,,5,3,2450,TU;ST;PLA,ST,0.196,0.186,KG,200,13,45,MM
2608900197,SDSplus hammer drill bit 7X 5PCS SET,C,4059952532714,643.82,ZAR,Bosch,74,Accessories,A,,,0,Z5,,,,,,820750008,DE,,1,5,1120,ST;PLA;PA,ST,0.404,0.384,KG,225,22,88,MM
2608900198,SDSplus hammer drill bit 7X 5PCS SET,C,4059952532721,670.43,ZAR,Bosch,74,Accessories,A,,,0,Z5,,,,,,820750008,DE,,1,5,1120,ST;PLA;PA,ST,0.420,0.399,KG,220,20,85,MM
2608900201,SDSmax hammer drill bit MAX-8X 12x200/34,A,4059952532752,487.82,ZAR,Bosch,74,Accessories,A,,,14,Z5,,,,,,820750008,DE,,1,1,768,ST;PLA;PA,ST,0.409,0.389,KG,380,44,44,MM
2608900202,SDSmax hammer drill bit MAX-8X 12x400/54,A,4059952532769,570.78,ZAR,Bosch,74,Accessories,A,,,11,Z5,,,,,,820750008,DE,,1,1,512,ST;PLA;PA,ST,0.536,0.510,KG,580,44,44,MM
2608900203,SDSmax hammer drill bit MAX-8X 12x600/74,A,4059952532776,778.96,ZAR,Bosch,74,Accessories,A,,,10,Z5,,,,,,820750008,DE,,1,1,384,ST;PLA;PA,ST,0.708,0.550,KG,780,44,44,MM
2608900204,SDSmax hammer drill bit MAX-8X 12x800/94,A,4059952532783,934.43,ZAR,Bosch,74,Accessories,A,,,2,Z5,,,,,,820750008,DE,,1,1,256,ST;PLA;PA,ST,0.806,0.648,KG,980,44,44,MM
2608900207,SDSmax hammer drill bit MAX-8X 14x200/34,A,4059952532813,493.04,ZAR,Bosch,74,Accessories,A,,,12,Z5,,,,,,820750008,DE,,1,1,768,ST;PLA;PA,ST,0.431,0.410,KG,372,40,40,MM
2608900208,SDSmax hammer drill bit MAX-8X 14x400/54,A,4059952532820,622.96,ZAR,Bosch,74,Accessories,A,,,36,Z5,,,,,,820750008,DE,,1,1,512,ST;PLA;PA,ST,0.586,0.493,KG,580,44,44,MM
2608900209,SDSmax hammer drill bit MAX-8X 14x600/74,A,4059952532837,830.09,ZAR,Bosch,74,Accessories,A,,,9,Z5,,,,,,820750008,DE,,1,1,288,ST;PLA;PA,ST,0.761,0.723,KG,780,30,30,MM
2608900210,SDSmax hammer drill bit MAX-8X 14x800/94,A,4059952532844,986.09,ZAR,Bosch,74,Accessories,A,,,3,Z5,,,,,,820750008,DE,,1,1,256,ST;PLA;PA,ST,0.955,0.907,KG,970,40,35,MM
2608900214,SDSmax hammer drill bit MAX-8X 16x200/34,A,4059952532882,508.70,ZAR,Bosch,74,Accessories,A,,,8,Z5,,,,,,820750008,DE,,1,1,768,ST;PLA;PA,ST,0.496,0.431,KG,380,44,44,MM
2608900215,SDSmax hammer drill bit MAX-8X 16x400/54,A,4059952532899,649.04,ZAR,Bosch,74,Accessories,A,,,7,Z5,,,,,,820750008,DE,,1,1,512,ST;PLA;PA,ST,0.705,0.603,KG,580,44,44,MM
2608900216,SDSmax hammer drill bit MAX-8X 16x600/74,A,4059952532905,882.78,ZAR,Bosch,74,Accessories,A,,,14,Z5,,,,,,820750008,DE,,1,1,288,ST;PLA;PA,ST,0.894,0.849,KG,770,40,43,MM
2608900217,1DSmax hammer drill bit MAX-8X 16x800/94,A,4059952532912,1038.26,ZAR,Bosch,74,Accessories,A,,,3,Z5,,,,,,820750008,DE,,1,1,256,ST;PLA;PA,ST,1.097,0.939,KG,980,44,44,MM
2608900221,SDSmax hammer drill bit MAX-8X 18x200/34,A,4059952532950,607.82,ZAR,Bosch,74,Accessories,A,,,9,Z5,,,,,,820750008,DE,,1,1,768,ST;PLA;PA,ST,0.551,0.486,KG,380,44,44,MM
2608900222,SDSmax hammer drill bit MAX-8X 18x400/54,C,4059952532967,696.00,ZAR,Bosch,74,Accessories,A,,,0,Z5,,,,,,820750008,DE,,1,1,512,ST;PLA;PA,ST,0.814,0.773,KG,570,40,43,MM
2608900223,SDSmax hammer drill bit MAX-8X 18x600/74,A,4059952532974,934.43,ZAR,Bosch,74,Accessories,A,,,30,Z5,,,,,,820750008,DE,,1,1,288,ST;PLA;PA,ST,1.079,1.025,KG,770,40,40,MM
2608900224,SDSmax hammer drill bit MAX-8X 18x800/94,A,4059952532981,1089.39,ZAR,Bosch,74,Accessories,A,,,8,Z5,,,,,,820750008,DE,,1,1,256,ST;PLA;PA,ST,1.408,1.337,KG,970,40,40,MM
2608900228,SDSmax hammer drill bit MAX-8X 20x200/32,A,4059952533025,586.43,ZAR,Bosch,74,Accessories,A,,,16,Z5,,,,,,820750008,DE,,1,1,768,ST;PLA;PA,ST,0.573,0.508,KG,360,44,44,MM
2608900229,SDSmax hammer drill bit MAX-8X 20x400/52,A,4059952533032,684.52,ZAR,Bosch,74,Accessories,A,,,24,Z5,,,,,,820750008,DE,,1,1,512,ST;PLA;PA,ST,0.869,0.825,KG,560,42,45,MM
2608900230,SDSmax hammer drill bit MAX-8X 20x600/72,A,4059952533049,986.09,ZAR,Bosch,74,Accessories,A,,,8,Z5,,,,,,820750008,DE,,1,1,240,ST;PLA;PA,ST,1.213,1.055,KG,760,44,44,MM
2608900231,SDSmax hammer drill bit MAX-8X 20x800/92,A,4059952533056,1141.57,ZAR,Bosch,74,Accessories,A,,,6,Z5,,,,,,820750008,DE,,1,1,256,ST;PLA;PA,ST,1.483,1.325,KG,960,44,44,MM
2608900233,SDSmax hammer drill bit MAX-8X 22x200/32,A,4059952533070,658.96,ZAR,Bosch,74,Accessories,A,,,15,Z5,,,,,,820750008,DE,,1,1,672,ST;PLA;PA,ST,0.609,0.544,KG,360,44,44,MM
2608900234,SDSmax hammer drill bit MAX-8X 22x400/52,A,4059952533087,804.52,ZAR,Bosch,74,Accessories,A,,,8,Z5,,,,,,820750008,DE,,1,1,448,ST;PLA;PA,ST,0.969,0.920,KG,560,42,43,MM
2608900235,SDSmax hammer drill bit MAX-8X 22x600/72,A,4059952533094,1193.74,ZAR,Bosch,74,Accessories,A,,,8,Z5,,,,,,820750008,DE,,1,1,336,ST;PLA;PA,ST,1.366,1.298,KG,760,40,40,MM
2608900236,SDSmax hammer drill bit MAX-8X 22x800/92,A,4059952533100,1193.74,ZAR,Bosch,74,Accessories,A,,,3,Z5,,,,,,820750008,DE,,1,1,256,ST;PLA;PA,ST,1.781,1.692,KG,952,40,40,MM
2608900238,SDSmax hammer drill bit MAX-8X 24x200/32,A,4059952533124,773.22,ZAR,Bosch,74,Accessories,A,,,15,Z5,,,,,,820750008,DE,,1,1,672,ST;PLA;PA,ST,0.668,0.603,KG,360,44,44,MM
2608900239,SDSmax hammer drill bit MAX-8X 24x400/52,A,4059952533131,887.48,ZAR,Bosch,74,Accessories,A,,,5,Z5,,,,,,820750008,DE,,1,1,448,ST;PLA;PA,ST,1.024,0.973,KG,550,30,30,MM
2608900240,SDSmax hammer drill bit MAX-8X 25x200/32,A,4059952533148,851.48,ZAR,Bosch,74,Accessories,A,,,5,Z5,,,,,,820750008,DE,,1,1,672,ST;PLA;PA,ST,0.701,0.636,KG,360,44,44,MM
2608900241,SDSmax hammer drill bit MAX-8X 25x400/52,A,4059952533155,980.87,ZAR,Bosch,74,Accessories,A,,,6,Z5,,,,,,820750008,DE,,1,1,384,ST;PLA;PA,ST,1.151,1.094,KG,560,40,43,MM
2608900242,SDSmax hammer drill bit MAX-8X 25x600/72,C,4059952533162,1349.74,ZAR,Bosch,74,Accessories,A,,,0,Z5,,,,,,820750008,DE,,1,1,192,ST;PLA;PA,ST,1.631,1.549,KG,750,40,40,MM
2608900243,SDSmax hammer drill bit MAX-8X 25x800/92,A,4059952533179,1400.87,ZAR,Bosch,74,Accessories,A,,,9,Z5,,,,,,820750008,DE,,1,1,180,ST;PLA;PA,ST,2.070,1.966,KG,950,135,140,MM
2608900245,SDSmax hammer drill bit MAX-8X 26x200/32,A,4059952533193,1038.26,ZAR,Bosch,74,Accessories,A,,,6,Z5,,,,,,820750008,DE,,1,1,576,ST;PLA;PA,ST,0.748,0.710,KG,350,40,40,MM
2608900246,SDSmax hammer drill bit MAX-8X 26x400/52,A,4059952533209,1219.82,ZAR,Bosch,74,Accessories,A,,,16,Z5,,,,,,820750008,DE,,1,1,320,ST;PLA;PA,ST,1.256,1.170,KG,560,44,44,MM
2608900247,SDSmax hammer drill bit MAX-8X 28x200/32,A,4059952533216,1193.74,ZAR,Bosch,74,Accessories,A,,,15,Z5,,,,,,820750008,DE,,1,1,576,ST;PLA;PA,ST,0.800,0.760,KG,360,44,44,MM
2608900248,SDSmax hammer drill bit MAX-8X,A,4059952533223,1349.74,ZAR,Bosch,74,Accessories,A,,,1,Z5,,,,,,820750008,DE,,1,1,320,ST;PLA;PA,ST,1.356,1.288,KG,553,40,40,MM
2608900249,SDSmax hammer drill bit MAX-8X 28x600/72,C,4059952533230,1609.04,ZAR,Bosch,74,Accessories,A,,,0,Z5,,,,,,820750008,DE,,1,1,192,ST;PLA;PA,ST,1.930,1.780,KG,760,44,44,MM
2608900250,SDSmax hammer drill bit MAX-8X 28x800/92,A,4059952533247,1764.52,ZAR,Bosch,74,Accessories,A,,,11,Z5,,,,,,820750008,DE,,1,1,150,ST;PLA;PA,ST,2.542,2.415,KG,995,30,40,MM
2608900252,SDSmax hammer drill bit MAX-8X 30x200/32,A,4059952533261,1370.61,ZAR,Bosch,74,Accessories,A,,,9,Z5,,,,,,820750008,DE,,1,1,480,ST;PLA;PA,ST,0.857,0.814,KG,352,43,43,MM
2608900253,SDSmax hammer drill bit MAX-8X 30x400/52,A,4059952533278,1520.87,ZAR,Bosch,74,Accessories,A,,,8,Z5,,,,,,820750008,DE,,1,1,256,ST;PLA;PA,ST,1.553,1.460,KG,560,44,44,MM
2608900254,SDSmax hammer drill bit MAX-8X 32x200/32,A,4059952533285,1323.13,ZAR,Bosch,74,Accessories,A,,,11,Z5,,,,,,820750008,DE,,1,1,480,ST;PLA;PA,ST,0.961,0.896,KG,360,44,44,MM
2608900255,SDSmax hammer drill bit MAX-8X 32x400/52,C,4059952533292,1609.04,ZAR,Bosch,74,Accessories,A,,,0,Z5,,,,,,820750008,DE,,1,1,256,ST;PLA;PA,ST,1.616,1.535,KG,550,50,50,MM
2608900256,SDSmax hammer drill bit MAX-8X 32x600/72,A,4059952533308,1920.52,ZAR,Bosch,74,Accessories,A,,,6,Z5,,,,,,820750008,DE,,1,1,144,ST;PLA;PA,ST,2.363,2.245,KG,760,40,40,MM
2608900257,SDSmax hammer drill bit MAX-8X 32x800/92,A,4059952533315,2074.96,ZAR,Bosch,74,Accessories,A,,,14,Z5,,,,,,820750008,DE,,1,1,120,ST;PLA;PA,ST,3.095,2.940,KG,952,50,50,MM
2608900312,Self-Drilling Rasp 12x152mm,A,4059952533865,36.52,ZAR,Bosch,74,Accessories,A,,,200,Z5,,,,,,820750008,CN,,5,1,5400,TU;ST;PAL,ST,0.038,0.038,KG,224,8,41,MM
2608900313,Self-Drilling Rasp 13x152mm,A,4059952533872,37.57,ZAR,Bosch,74,Accessories,A,,,200,Z5,,,,,,820750008,CN,,5,1,5400,TU;ST;PAL,ST,0.045,0.045,KG,224,10,41,MM
2608900314,Self-Drilling Rasp Expert SelfCut Speed,A,4059952533889,38.09,ZAR,Bosch,74,Accessories,A,,,27,Z5,,,,,,820750008,CN,,5,1,5400,TU;ST;PAL,ST,0.049,0.045,KG,224,8,41,MM
2608900315,Self-Drilling Rasp 16x152mm,A,4059952533896,40.70,ZAR,Bosch,74,Accessories,A,,,200,Z5,,,,,,820750008,CN,,5,1,5400,TU;ST;PAL,ST,0.046,0.046,KG,224,10,41,MM
2608900317,Self-Drilling Rasp 18x152mm,A,4059952533919,41.74,ZAR,Bosch,74,Accessories,A,,,200,Z5,,,,,,820750008,CN,,5,1,5400,TU;ST;PAL,ST,0.046,0.046,KG,224,8,41,MM
2608900318,Self-Drilling Rasp 19x152mm,A,4059952533926,42.78,ZAR,Bosch,74,Accessories,A,,,12,Z5,,,,,,820750008,CN,,5,1,5400,TU;ST;PAL,ST,0.038,0.035,KG,224,10,41,MM
2608900319,Self-Drilling Rasp 20x152mm,A,4059952533933,46.96,ZAR,Bosch,74,Accessories,A,,,200,Z5,,,,,,820750008,CN,,5,1,5400,TU;ST;PAL,ST,0.041,0.040,KG,224,10,41,MM
2608900320,SELF-DRILLING RASP 22X152MM,A,4059952533940,48.52,ZAR,Bosch,74,Accessories,A,,,43,Z7,,,,,,820750008,CN,,5,1,5400,TU;ST;PAL,ST,0.050,0.050,KG,224,6,41,MM
2608900321,Self-Drilling Rasp 24x152mm,A,4059952533957,50.09,ZAR,Bosch,74,Accessories,A,,,11,Z5,,,,,,820750008,CN,,5,1,4500,TU;ST;PAL,ST,0.052,0.052,KG,224,10,46,MM
2608900322,Self-Drilling Rasp 25x152mm,A,4059952533964,53.74,ZAR,Bosch,74,Accessories,A,,,83,Z5,,,,,,820750008,CN,,5,1,4500,TU;ST;PAL,ST,0.056,0.056,KG,224,10,46,MM
2608900324,Self-Drilling Rasp 28x152mm,C,4059952533988,57.91,ZAR,Bosch,74,Accessories,A,,,0,Z5,,,,,,820750008,CN,,5,1,3600,TU;ST;PAL,ST,0.062,0.062,KG,233,10,58,MM
2608900325,Self-Drilling Rasp 30x152mm,A,4059952533995,58.96,ZAR,Bosch,74,Accessories,A,,,17,Z5,,,,,,820750008,CN,,5,1,3600,TU;ST;PAL,ST,0.062,0.062,KG,224,10,58,MM
2608900326,SELF-DRILLING RASP 32X152MM,A,4059952534008,61.04,ZAR,Bosch,74,Accessories,A,,,11,Z5,,,,,,820750008,CN,,5,1,3600,TU;ST;PAL,ST,0.062,0.059,KG,224,10,58,MM
2608900327,Self-Drilling Rasp 35x152mm,A,4059952534015,63.13,ZAR,Bosch,74,Accessories,A,,,15,Z5,,,,,,820750008,CN,,5,1,3600,TU;ST;PAL,ST,0.070,0.070,KG,224,10,58,MM
2608900330,Self-Drilling Rasp 40x152mm,A,4059952534046,69.91,ZAR,Bosch,74,Accessories,A,,,14,Z5,,,,,,820750008,CN,,5,1,3600,TU;ST;PAL,ST,0.071,0.070,KG,224,10,58,MM
2608900331,Self-Drilling Rasp Expert SelfCut Speed,A,4059952534053,156.00,ZAR,Bosch,74,Accessories,A,,,5,Z5,,,,,,820750008,CN,,5,3,1440,TU;ST;PAL,ST,0.166,0.130,KG,221,18,108,MM
2608900340,Self-Drilling Rasp Expert SelfCut Speed,A,4059952534145,75.13,ZAR,Bosch,74,Accessories,A,,,15,Z5,,,,,,820750008,CN,,5,1,3000,TU;ST;PAL,ST,0.102,0.097,KG,458,8,47,MM
2608900343,Self-Drilling Rasp Expert SelfCut Speed,C,4059952534176,80.35,ZAR,Bosch,74,Accessories,A,,,0,Z5,,,,,,820750008,CN,,5,1,3000,TU;ST;PAL,ST,0.125,0.120,KG,458,10,47,MM
2608900347,Self-Drilling Rasp Expert SelfCut Speed,A,4059952534213,86.09,ZAR,Bosch,74,Accessories,A,,,5,Z5,,,,,,820750008,CN,,5,1,3000,TU;ST;PAL,ST,0.133,0.123,KG,458,10,55,MM
2608900348,Self-Drilling Rasp Expert SelfCut Speed,A,4059952534220,91.82,ZAR,Bosch,74,Accessories,A,,,9,Z5,,,,,,820750008,CN,,5,1,3000,TU;ST;PAL,ST,0.133,0.124,KG,458,10,55,MM
2608900351,Self-Drilling Rasp Expert SelfCut Speed,A,4059952534251,121.04,ZAR,Bosch,74,Accessories,A,,,11,Z5,,,,,,820750008,CN,,5,1,3000,TU;ST;PAL,ST,0.138,0.132,KG,217,10,61,MM
2608900352,Self-Drilling Rasp Expert SelfCut Speed,A,4059952534268,132.00,ZAR,Bosch,74,Accessories,A,,,15,Z5,,,,,,820750008,CN,,5,1,3000,TU;ST;PAL,ST,0.154,0.137,KG,223,10,61,MM
2608900358,Self-Drilling Rasp Expert SelfCut Speed,A,4059952534329,195.65,ZAR,Bosch,74,Accessories,A,,,13,Z5,,,,,,820750008,CN,,5,1,3000,TU;ST;PAL,ST,0.163,0.153,KG,458,10,71,MM
2608900359,Saw Blade Set RBE- 1ER S 522 EHM,A,4059952534497,281.22,ZAR,Bosch,74,Accessories,A,,,10,Z5,,,,,,820291004,CH,,1,1,,ST;LU;KG,ST,0.028,0.028,KG,215,5,52,MM
2608900360,Saw Blade Set RBE- 1ER S 922 EHM,A,4059952534503,316.70,ZAR,Bosch,74,Accessories,A,,,2,Z5,,,,,,820291004,CH,,1,1,,ST;PAL;LU,ST,0.033,0.033,KG,215,5,52,MM
2608900363,Saw Blade Set RBE- 1ER S 1022 EHM,A,4059952534534,493.57,ZAR,Bosch,74,Accessories,A,,,9,Z5,,,,,,820291004,CH,,1,1,7200,ST;PAL;LU,ST,0.042,0.042,KG,250,5,52,MM
2608900364,Saw Blade Set RBE- 1ER S 555 CHC,A,4059952534541,175.30,ZAR,Bosch,74,Accessories,A,,,6,Z5,,,,,,820291004,CH,,1,1,,ST;LU;KG,ST,0.029,0.029,KG,150,5,52,MM
2608900365,EXPERT RECIPROCATING SAW BLADE S955 CHC,C,4059952534558,211.30,ZAR,Bosch,74,Accessories,A,,,0,Z5,,,,,,820299005,CH,,1,1,9600,ST;PAL;LU,ST,0.043,0.043,KG,215,5,52,MM
2608900368,Saw Blade Set RBE- 1ER S 1155 CHC,A,4059952534589,316.70,ZAR,Bosch,74,Accessories,A,,,21,Z5,,,,,,820291004,CH,,1,1,6900,ST;PAL;LU,ST,0.065,0.065,KG,290,5,52,MM
2608900371,Saw Blade Set RBE- 1ER S 1255 CHC,A,4059952534619,387.65,ZAR,Bosch,74,Accessories,A,,,35,Z5,,,,,,820291004,CH,,1,1,,ST;LU;KG,ST,0.087,0.087,KG,365,5,52,MM
2608900378,Saw Blade Set RBE- 1ER S 957 CHM,A,4059952534688,211.30,ZAR,Bosch,74,Accessories,A,,,6,Z5,,,,,,820291004,CH,,1,1,8000,ST;PAL;LU,ST,0.036,0.036,KG,215,5,52,MM
2608900380,Saw Blade Set RBE- 1ER S 1157 CHM,A,4059952534701,281.22,ZAR,Bosch,74,Accessories,A,,,3,Z5,,,,,,820291004,CH,,1,1,,ST;LU;KG,ST,0.055,0.055,KG,290,5,52,MM
2608900385,Saw Blade Set RBE- 1ER S 956 DHM,A,4059952534756,175.30,ZAR,Bosch,74,Accessories,A,,,10,Z5,,,,,,820299005,CH,,1,1,4000,ST;PAL;LU,ST,0.038,0.038,KG,215,5,52,MM
2608900389,Saw Blade Set RBE- 1ER S 956 XHM,A,4059952534794,211.30,ZAR,Bosch,74,Accessories,A,,,11,Z5,,,,,,820299005,CH,,1,1,9600,TU;ST;PAL,ST,0.037,0.037,KG,215,5,52,MM
2608900391,Saw Blade Set RBE- 1ER S 1156 XHM,A,4059952534817,281.22,ZAR,Bosch,74,Accessories,A,,,17,Z5,,,,,,820299005,CH,,1,1,8000,TU;ST;PAL,ST,0.059,0.059,KG,290,5,52,MM
2608900394,Saw Blade Set RBE- 1ER S 1256 XHM,A,4059952534848,351.65,ZAR,Bosch,74,Accessories,A,,,12,Z5,,,,,,820299005,CH,,1,1,5900,ST;PAL;LU,ST,0.080,0.080,KG,365,5,52,MM
2608900408,Saw Blade Set RBE- 1ER S 1141 HM,A,4059952534985,469.04,ZAR,Bosch,74,Accessories,A,,,26,Z5,,,,,,820299005,CH,,1,1,7200,ST;PAL;LU,ST,0.050,0.050,KG,290,5,52,MM
2608900413,Saw Blade Set RBE- 1ER S 2041 HM,A,4059952535036,1197.39,ZAR,Bosch,74,Accessories,A,,,13,Z5,,,,,,820299005,CH,,1,1,3840,ST;PAL;LU,ST,0.110,0.110,KG,433,5,52,MM
2608900419,Hole Saw ToughMaterial 20mm,C,4059952535654,104.35,ZAR,Bosch,74,Accessories,A,,,0,Z5,,,,,,820790006,CN,,1,1,1536,ST;PAL;LU,ST,0.086,0.058,KG,176,28,66,MM
2608900420,Hole Saw ToughMaterial 22mm,A,4059952535661,114.78,ZAR,Bosch,74,Accessories,A,,,24,Z5,,,,,,820790006,CN,,1,1,1536,ST;PAL;LU,ST,0.091,0.079,KG,175,28,66,MM
2608900421,Hole Saw ToughMaterial 25mm,A,4059952535678,130.43,ZAR,Bosch,74,Accessories,A,,,13,Z5,,,,,,820790006,CN,,1,1,1536,ST;PAL;LU,ST,0.100,0.080,KG,176,28,66,MM
2608900422,Hole Saw ToughMaterial 32mm,A,4059952535685,156.52,ZAR,Bosch,74,Accessories,A,,,14,Z5,,,,,,820790006,CN,,1,1,1536,ST;PAL;LU,ST,0.128,0.100,KG,176,35,66,MM
2608900423,Hole Saw ToughMaterial 35mm,A,4059952535692,161.74,ZAR,Bosch,74,Accessories,A,,,14,Z5,,,,,,820790006,CN,,1,1,1536,ST;PAL;LU,ST,0.129,0.105,KG,185.9,35,66,MM
2608900424,Hole Saw ToughMaterial 38mm,A,4059952535708,169.57,ZAR,Bosch,74,Accessories,A,,,14,Z5,,,,,,820790006,CN,,1,1,768,ST;PAL;LU,ST,0.147,0.120,KG,176,41,82,MM
2608900425,Hole Saw ToughMaterial 40mm,A,4059952535715,177.39,ZAR,Bosch,74,Accessories,A,,,9,Z5,,,,,,820790006,CN,,1,1,768,ST;PAL;LU,ST,0.155,0.130,KG,176,43,82,MM
2608900426,Hole Saw ToughMaterial 44mm,A,4059952535722,187.82,ZAR,Bosch,74,Accessories,A,,,16,Z5,,,,,,820790006,CN,,1,1,768,ST;PAL;LU,ST,0.168,0.140,KG,176,48,82,MM
2608900427,Hole Saw ToughMaterial 51mm,A,4059952535739,208.70,ZAR,Bosch,74,Accessories,A,,,8,Z5,,,,,,820790006,CN,,1,1,768,ST;PAL;LU,ST,0.190,0.170,KG,176,51,82,MM
2608900428,Hole Saw ToughMaterial 54mm,A,4059952535746,234.78,ZAR,Bosch,74,Accessories,A,,,20,Z5,,,,,,820790006,CN,,1,1,336,ST;PAL;LU,ST,0.219,0.181,KG,177,66,114,MM
2608900429,Hole Saw ToughMaterial 60mm,A,4059952535753,250.43,ZAR,Bosch,74,Accessories,A,,,12,Z5,,,,,,820790006,CN,,1,1,336,ST;PAL;LU,ST,0.260,0.250,KG,179,69,114,MM
2608900430,Hole Saw ToughMaterial 64mm,A,4059952535760,260.87,ZAR,Bosch,74,Accessories,A,,,16,Z5,,,,,,820790006,CN,,1,1,336,ST;PAL;LU,ST,0.270,0.231,KG,176,71,114,MM
2608900432,Hole Saw ToughMaterial 67mm,A,4059952535784,271.30,ZAR,Bosch,74,Accessories,A,,,17,Z5,,,,,,820790006,CN,,1,1,336,ST;PAL;LU,ST,0.285,0.249,KG,176,74,114,MM
2608900433,Hole Saw ToughMaterial 68mm,A,4059952535791,271.30,ZAR,Bosch,74,Accessories,A,,,17,Z5,,,,,,820790006,CN,,1,1,336,ST;PAL;LU,ST,0.290,0.254,KG,185.9,83,114,MM
2608900434,Hole Saw ToughMaterial 70mm,A,4059952535807,276.52,ZAR,Bosch,74,Accessories,A,,,17,Z5,,,,,,820790006,CN,,1,1,336,ST;PAL;LU,ST,0.309,0.264,KG,178,76,114,MM
2608900435,Hole Saw ToughMaterial 73mm,A,4059952535814,286.96,ZAR,Bosch,74,Accessories,A,,,18,Z5,,,,,,820790006,CN,,1,1,336,ST;PAL;LU,ST,0.318,0.274,KG,180,76,114,MM
2608900436,Hole Saw ToughMaterial 76mm,A,4059952535821,302.61,ZAR,Bosch,74,Accessories,A,,,17,Z5,,,,,,820790006,CN,,1,1,336,ST;PAL;LU,ST,0.339,0.294,KG,176,76,114,MM
2608900446,Hole Saw ToughMaterial 9pc,A,4059952535920,2086.43,ZAR,Bosch,74,Accessories,A,,,5,Z5,,,,,,820790006,CN,,1,6,60,ST;PAL;LU,ST,2.920,1.001,KG,255.5,118,364,MM
2608900447,s,A,4059952535937,3129.91,ZAR,Bosch,74,Accessories,A,,,5,Z5,,,,,,820790006,CN,,1,11,60,ST;PAL;LU,ST,3.710,1.781,KG,255.5,118,364,MM
2608900448,EXP Hole Saw ToughMaterial 14pc,A,4059952535944,3129.91,ZAR,Bosch,74,Accessories,A,,,6,Z5,,,,,,820790006,CN,,1,11,60,ST;PAL;LU,ST,3.760,1.804,KG,255.5,118,364,MM
2608900543,Saw Blade Set RBE- 3ER T 308 BF,A,4059952537672,125.45,ZAR,Bosch,74,Accessories,A,,,9,Z5,,,,,,820299005,CH,,10,3,,TU;ST;LU,ST,0.027,0.027,KG,200,3,55,MM
2608900547,Saw Blade Set RBE- 3ER T 308 BFP,A,4059952537719,152.84,ZAR,Bosch,74,Accessories,A,,,6,Z5,,,,,,820299005,CH,,10,3,,TU;ST;LU,ST,0.029,0.029,KG,200,3,55,MM
2608900558,Saw Blade Set RBE- 5ER T 308 BP,A,4059952537825,109.02,ZAR,Bosch,74,Accessories,A,,,6,Z5,,,,,,820299005,CH,,10,5,,TU;ST;PAL,ST,0.045,0.045,KG,200,3,80,MM
2608900561,SAWBLADE (T 118AHM),A,4059952537856,252.00,ZAR,Bosch,74,Accessories,A,,,3,Z5,,,,,,820291004,CH,,1,3,,ST;SA;PAL,ST,0.023,0.023,KG,170,3,55,MM
2608900562,Saw Blade Set RBE- 3ER T 118 EHM,A,4059952537863,252.00,ZAR,Bosch,74,Accessories,A,,,8,Z5,,,,,,820291004,CH,,1,3,,ST;LU;KG,ST,0.023,0.023,KG,170,3,55,MM
2608900563,Saw Blade Set RBE- 3ER T 141 HM,C,4059952537870,461.74,ZAR,Bosch,74,Accessories,A,,,0,Z5,,,,,,820299005,CH,,1,3,,ST;LU;KG,ST,0.026,0.026,KG,170,3,55,MM
2608900564,Saw Blade Set RBE- 3ER T 341 HM,A,4059952537887,629.45,ZAR,Bosch,74,Accessories,A,,,168,Z5,,,,,,820299005,CH,,1,3,,ST;LU;KG,ST,0.038,0.038,KG,200,3,80,MM
2608900565,Saw Blade Set RBE- 3ER T 108 BHM,A,4059952537894,508.93,ZAR,Bosch,74,Accessories,A,,,33,Z5,,,,,,820299005,CH,,1,3,,ST;PAL;LU,ST,0.024,0.024,KG,170,3,55,MM
2608900567,Saw Blade Set RBE- 3ER T 150 RD,C,4059952537917,471.13,ZAR,Bosch,74,Accessories,A,,,0,Z5,,,,,,820299005,GB,,1,3,,ST;PAL;LU,ST,0.019,0.019,KG,170,3,55,MM
2608900569,Drill bit Hex9MCB 3x90,A,4059952538624,36.52,ZAR,Bosch,74,Accessories,A,,,53,Z5,,,,,,820750008,CN,,5,1,8550,TU;ST;PAL,ST,0.014,0.014,KG,180,8,41,MM
2608900570,Drill bit Hex9MCB 4x90,A,4059952538631,40.18,ZAR,Bosch,74,Accessories,A,,,50,Z5,,,,,,820750008,CN,,5,1,8550,TU;ST;PAL,ST,0.016,0.016,KG,180,10,41,MM
2608900571,Drill bit Hex9MCB 5x100,A,4059952538648,44.35,ZAR,Bosch,74,Accessories,A,,,62,Z5,,,,,,820750008,CN,,5,1,6750,TU;ST;PAL,ST,0.021,0.018,KG,180,8,41,MM
2608900574,Drill bit Hex9MCB 6x100,A,4059952538679,45.39,ZAR,Bosch,74,Accessories,A,,,87,Z5,,,,,,820750008,CN,,5,1,6750,TU;ST;PAL,ST,0.022,0.021,KG,184,8,41,MM
2608900575,Drill bit Hex9MCB 6x150,A,4059952538686,51.13,ZAR,Bosch,74,Accessories,A,,,92,Z5,,,,,,820750008,CN,,5,1,5400,TU;ST;PAL,ST,0.031,0.021,KG,225,8,41,MM
2608900579,Drill bit Hex9MCB 7x100,A,4059952538723,50.09,ZAR,Bosch,74,Accessories,A,,,20,Z5,,,,,,820750008,CN,,5,1,6750,TU;ST;PAL,ST,0.027,0.023,KG,176,8,41,MM
2608900581,Drill bit Hex9MCB 8x100,A,4059952538747,58.43,ZAR,Bosch,74,Accessories,A,,,50,Z5,,,,,,820750008,CN,,5,1,6750,TU;ST;PAL,ST,0.030,0.030,KG,180,10,41,MM
2608900582,Drill bit Hex9MCB 10x150,A,4059952538754,64.70,ZAR,Bosch,74,Accessories,A,,,182,Z5,,,,,,820750008,CN,,5,1,5400,TU;ST;PAL,ST,0.059,0.045,KG,225,13,41,MM
2608900583,Drill bit Hex9MCB 12x150,A,4059952538761,84.52,ZAR,Bosch,74,Accessories,A,,,101,Z5,,,,,,820750008,CN,,5,1,5400,TU;ST;PAL,ST,0.074,0.045,KG,225,13,41,MM
2608900584,Drill bit Hex9MCB 5/6/8,A,4059952538778,128.35,ZAR,Bosch,74,Accessories,A,,,60,Z5,,,,,,820750008,CN,,1,3,8000,ST;SA;PAL,ST,0.062,0.060,KG,165,5,47,MM
2608900587,Tile drill bit HEX-9 HardCer 3x90,A,6949509232397,59.48,ZAR,Bosch,74,Accessories,A,,,28,Z5,,,,,,820750008,CN,,1,1,6750,ST;PAL;LU,ST,0.026,0.013,KG,180,8,41,MM
2608900588,Tile drill bit HEX-9 HardCer 4x90,B,6949509232403,62.09,ZAR,Bosch,74,Accessories,A,,,1,Z5,,,,,,820750008,CN,,1,1,6750,ST;PAL;LU,ST,0.020,0.015,KG,180,8,41,MM
2608900589,Tile drill bit HEX-9 HardCer 5x90,A,6949509232410,65.22,ZAR,Bosch,74,Accessories,A,,,13,Z5,,,,,,820750008,CN,,1,1,6750,ST;PAL;LU,ST,0.025,0.016,KG,180,8,41,MM
2608900590,Tile drill bit HEX-9 HardCer 6x90,A,6949509232427,70.43,ZAR,Bosch,74,Accessories,A,,,57,Z5,,,,,,820750008,CN,,1,1,6750,ST;PAL;LU,ST,0.020,0.018,KG,180,8,41,MM
2608900591,Tile drill bit HEX-9 HardCer 7x90,C,6949509232434,72.00,ZAR,Bosch,74,Accessories,A,,,0,Z5,,,,,,820750008,CN,,1,1,6750,ST;PAL;LU,ST,0.031,0.021,KG,180,10,41,MM
2608900592,Tile drill bit HEX-9 HardCer 8x90,A,6949509232441,74.61,ZAR,Bosch,74,Accessories,A,,,62,Z5,,,,,,820750008,CN,,1,1,6750,ST;PAL;LU,ST,0.030,0.026,KG,180,13,41,MM
2608900593,Tile drill bit HEX-9 HardCer 10x90,B,6949509232458,97.57,ZAR,Bosch,74,Accessories,A,,,3,Z5,,,,,,820750008,CN,,1,1,6750,ST;PAL;LU,ST,0.037,0.034,KG,180,11,41,MM
2608900594,Tile drill bit HEX-9 HardCer 12x90,A,6949509232465,103.30,ZAR,Bosch,74,Accessories,A,,,6,Z5,,,,,,820750008,CN,,1,1,6750,ST;PAL;LU,ST,0.041,0.040,KG,180,13,41,MM
2608900595,Tile drill bit HEX-9 HardCer 3 set,A,6949509232472,187.30,ZAR,Bosch,74,Accessories,A,,,5,Z5,,,,,,820750008,CN,,1,3,8000,ST;SA;PAL,ST,0.062,0.050,KG,165,5,47,MM
2608900600,Drill bit CYL-9 Multi Construc 3x40x700m,C,4059952538938,36.52,ZAR,Bosch,74,Accessories,A,,,0,Z5,,,,,,820750008,DE,,5,1,,TU;ST;PLA,ST,0.007,0.006,KG,146,4.9,41,MM
2608900604,Drill bit CYL-9 Multi Construc 4x40x75,A,4059952538976,40.70,ZAR,Bosch,74,Accessories,A,,,200,Z5,,,,,,820750008,CN,,5,1,,TU;ST;PLA,ST,0.010,0.009,KG,146,5,41,MM
2608900606,Drill bit CYL-9 Multi Construc 5x50x85mm,A,4059952538990,44.35,ZAR,Bosch,74,Accessories,A,,,200,Z5,,,,,,820750008,DE,,5,1,,TU;ST;PLA,ST,0.012,0.012,KG,146,6,41,MM
2608900611,Drill bit CYL-9 Multi Construc 6x60x100m,A,4059952539041,45.39,ZAR,Bosch,74,Accessories,A,,,200,Z5,,,,,,820750008,CN,,5,1,,TU;ST;PLA,ST,0.020,0.019,KG,180,3,40,MM
2608900618,Drill bit CYL-9 Multi Construc 7x60x100m,A,4059952539119,50.61,ZAR,Bosch,74,Accessories,A,,,14,Z5,,,,,,820750008,DE,,5,1,9600,TU;ST;PLA,ST,0.025,0.023,KG,180,8,41,MM
2608900621,Drill bit CYL-9 Multi-Construc,A,4059952539140,58.96,ZAR,Bosch,74,Accessories,A,,,84,Z5,,,,,,820750008,CN,,5,1,9600,TU;ST;PLA,ST,0.036,0.034,KG,180,9,41,MM
2608900626,Drill bit CYL-9 Multi Construc 10x80x120,B,4059952539195,65.22,ZAR,Bosch,74,Accessories,A,,,14,Z5,,,,,,820750008,DE,,5,1,7200,TU;ST;PLA,ST,0.053,0.050,KG,180,11,41,MM
2608900631,Drill bit CYL-9 Multi Construc 12x90x150,A,4059952539249,85.04,ZAR,Bosch,74,Accessories,A,,,158,Z5,,,,,,820750008,DE,,5,1,6400,TU;ST;PLA,ST,0.085,0.081,KG,225,13,41,MM
2608900637,Drill bit CYL-9 Multi-Construc,A,4059952539300,364.18,ZAR,Bosch,74,Accessories,A,,,8,Z5,,,,,,820750008,DE,,1,10,6300,ST;PLA;PA,ST,0.068,0.065,KG,100,11,42,MM
2608900638,Drill bit CYL-9 Multi-Construc,A,4059952539317,399.13,ZAR,Bosch,74,Accessories,A,,,4,Z5,,,,,,820750008,DE,,1,10,4500,ST;PLA;PA,ST,0.102,0.097,KG,110,11,42,MM
2608900640,Drill bit CYL-9 Multi-Construc,A,4059952539331,410.61,ZAR,Bosch,74,Accessories,A,,,83,Z5,,,,,,820750008,DE,,1,10,2048,ST;PLA;PA,ST,0.162,0.154,KG,125,18,42,MM
2608900643,Drill bit CYL-9 Multi-Construc,A,4059952539362,528.52,ZAR,Bosch,74,Accessories,A,,,13,Z5,,,,,,820750008,DE,,1,10,1024,ST;PLA;PA,ST,0.353,0.335,KG,150,22,46,MM
2608900644,Drill bit CYL-9 Multi-Construc,A,4059952539379,470.09,ZAR,Bosch,74,Accessories,A,,,17,Z5,,,,,,820750008,DE,,1,8,720,ST;PLA;PA,ST,0.474,0.451,KG,155,22,46,MM
2608900652,76mm Diamond Cutting Blade,A,4059952539874,104.35,ZAR,Bosch,74,Accessories,A,,,2,Z5,,,,,,680421004,CN,,1,1,1600,ST;PAL;LU,ST,0.078,0.050,KG,157,18,134,MM
2608900659,Diamond Cutting Blade,A,4059952539942,328.70,ZAR,Bosch,74,Accessories,A,,,3,Z5,,,,,,680421004,VN,,1,1,1500,ST;PAL;LU,ST,0.160,0.120,KG,165,13,160.6,MM
2608900663,DIA CB MultiMat 230x22.23x2.4x15 EXPERT,A,4059952539980,626.09,ZAR,Bosch,74,Accessories,A,,,3,Z5,,,,,,680421004,VN,,1,1,600,ST;PAL;LU,ST,0.730,0.730,KG,270,13,239,MM
2608900689,EX 5 foi abraz disc M480 150mm G80,A,4059952540276,51.13,ZAR,Bosch,74,Accessories,A,,,1,Z5,,,,,,680520001,CH,,5,5,2480,TU;ST;PLA,ST,0.072,0.068,KG,180,13,162,MM
2608900690,EX 5 foi abraz disc M480 150mm G100,A,4059952540283,51.13,ZAR,Bosch,74,Accessories,A,,,8,Z5,,,,,,680520001,CH,,5,5,2480,TU;ST;PLA,ST,0.056,0.056,KG,180,8,162,MM
2608900691,EX 5 foi abraz disc M480 150mm G120,A,4059952540290,51.13,ZAR,Bosch,74,Accessories,A,,,7,Z5,,,,,,680520001,CH,,5,5,2480,TU;ST;PLA,ST,0.060,0.057,KG,180,8,162,MM
2608900692,EX 5 foi abraz disc M480 150mm G150,A,4059952540306,51.13,ZAR,Bosch,74,Accessories,A,,,7,Z5,,,,,,680520001,CH,,5,5,2480,TU;ST;PLA,ST,0.056,0.053,KG,180,8,162,MM
2608900693,EX 5 foi abraz disc M480 150mm G180,A,4059952540313,51.13,ZAR,Bosch,74,Accessories,A,,,7,Z5,,,,,,680520001,CH,,5,5,2480,TU;ST;PLA,ST,0.049,0.047,KG,180,8,162,MM
2608900694,EX 5 foi abraz disc M480 150mm G220,A,4059952540320,51.13,ZAR,Bosch,74,Accessories,A,,,8,Z5,,,,,,680520001,CH,,5,5,2480,TU;ST;PLA,ST,0.050,0.048,KG,180,8,162,MM
2608900695,EX 5 foi abraz disc M480 150mm G240,A,4059952540337,51.13,ZAR,Bosch,74,Accessories,A,,,8,Z5,,,,,,680520001,CH,,5,5,2480,TU;ST;PLA,ST,0.048,0.045,KG,180,8,162,MM
2608900696,EX 5 foi abraz disc M480 150mm G320,A,4059952540344,51.13,ZAR,Bosch,74,Accessories,A,,,10,Z5,,,,,,680520001,CH,,5,5,2480,TU;ST;PLA,ST,0.045,0.043,KG,180,8,162,MM
2608900697,EX 5 foi abraz disc M480 150mm G400,A,4059952540351,51.13,ZAR,Bosch,74,Accessories,A,,,10,Z5,,,,,,680520001,CH,,5,5,2480,TU;ST;PLA,ST,0.044,0.042,KG,180,13,162,MM
2608900707,EX 25 foi abrazive disc M480 225mm  G80,C,4059952540450,469.04,ZAR,Bosch,74,Accessories,A,,,0,Z5,,,,,,680510007,CH,,1,25,224,ST;PLA;PA,ST,0.599,0.569,KG,255,53,240,MM
2608900708,EX 25 foi abrazive disc M480 225mm  G100,A,4059952540467,469.04,ZAR,Bosch,74,Accessories,A,,,1,Z5,,,,,,680510007,CH,,1,25,224,ST;PLA;PA,ST,0.546,0.518,KG,253,55,240,MM
2608900709,EXPERT M480 Sanding Net 225mm  G120,A,4059952540474,469.04,ZAR,Bosch,74,Accessories,A,,,39,Z5,,,,,,680510007,CH,,1,25,224,ST;PLA;PA,ST,0.509,0.483,KG,240,55,250,MM
2608900710,EX 25 foi abrazive disc M480 225mm  G150,A,4059952540481,469.04,ZAR,Bosch,74,Accessories,A,,,9,Z5,,,,,,680510007,CH,,1,25,224,ST;PLA;PA,ST,0.450,0.427,KG,240,55,260,MM
2608900711,EX 25 foi abrazive disc M480 225mm  G180,A,4059952540498,469.04,ZAR,Bosch,74,Accessories,A,,,6,Z5,,,,,,680510007,CH,,1,25,224,ST;PLA;PA,ST,0.397,0.377,KG,253,55,240,MM
2608900712,EX 25 foi abrazive disc M480 225mm  G220,A,4059952540504,469.04,ZAR,Bosch,74,Accessories,A,,,6,Z5,,,,,,680510007,CH,,1,25,224,ST;PLA;PA,ST,0.372,0.354,KG,240,60,250,MM
2608900713,EX 25 foi abrazive disc M480 225mm  G240,A,4059952540511,469.04,ZAR,Bosch,74,Accessories,A,,,11,Z5,,,,,,680510007,CH,,1,25,224,ST;PLA;PA,ST,0.347,0.329,KG,255,55,240,MM
2608900714,EX 25 foi abrazive disc M480 225mm  G320,C,4059952540528,469.04,ZAR,Bosch,74,Accessories,A,,,0,Z5,,,,,,680510007,CH,,1,25,224,ST;PLA;PA,ST,0.333,0.317,KG,253,55,245,MM
2608900715,EX 25 foi abrazive disc M480 225mm  G400,A,4059952540535,469.04,ZAR,Bosch,74,Accessories,A,,,5,Z5,,,,,,680510007,CH,,1,25,224,ST;PLA;PA,ST,0.308,0.293,KG,253,58,260,MM
2608900803,Sanding Sheet ExC470 G40 125mm,A,4059952541419,43.30,ZAR,Bosch,74,Accessories,A,,,200,Z5,,,,,,680510007,CH,,5,5,2880,TU;ST;PLA,ST,0.059,0.056,KG,155,8,137,MM
2608900804,Sanding Sheet ExC470 G60 125mm,A,4059952541426,43.30,ZAR,Bosch,74,Accessories,A,,,99,Z5,,,,,,680510007,CH,,5,5,3200,TU;ST;PLA,ST,0.050,0.048,KG,155,8,137,MM
2608900805,Sanding Sheet ExC470 G80 125mm,A,4059952541433,43.30,ZAR,Bosch,74,Accessories,A,,,200,Z5,,,,,,680510007,CH,,5,5,3200,TU;ST;PLA,ST,0.049,0.047,KG,155,8,137,MM
2608900807,Sanding Sheet ExC470 G120 125mm,A,4059952541457,43.30,ZAR,Bosch,74,Accessories,A,,,200,Z5,,,,,,680510007,CH,,5,5,2880,TU;ST;PLA,ST,0.042,0.042,KG,152,7,134,MM
2608900808,Sanding Sheet ExC470 G180 125mm,A,4059952541464,43.30,ZAR,Bosch,74,Accessories,A,,,124,Z5,,,,,,680510007,CH,,5,5,3200,TU;ST;PLA,ST,0.040,0.038,KG,155,13,137,MM
2608900809,Sanding Sheet ExC470 G240 125mm,A,4059952541471,43.30,ZAR,Bosch,74,Accessories,A,,,179,Z5,,,,,,680510007,CH,,5,5,3200,TU;ST;PLA,ST,0.036,0.034,KG,155,8,137,MM
2608900810,Sanding Sheet ExC470 G320 125mm,A,4059952541488,43.30,ZAR,Bosch,74,Accessories,A,,,149,Z5,,,,,,680510007,CH,,5,5,2560,TU;ST;PLA,ST,0.031,0.030,KG,155,8,137,MM
2608900813,Sanding Sheet ExC470 G40 150mm,A,4059952541518,56.87,ZAR,Bosch,74,Accessories,A,,,12,Z5,,,,,,680510007,CH,,5,5,1920,TU;ST;PLA,ST,0.090,0.086,KG,180,8,162,MM
2608900814,Sanding Sheet ExC470 G60 150mm,A,4059952541525,56.87,ZAR,Bosch,74,Accessories,A,,,14,Z5,,,,,,680510007,CH,,5,5,1920,TU;ST;PLA,ST,0.056,0.056,KG,180,9,163,MM
2608900815,Sanding Sheet ExC470 G80 150mm,A,4059952541532,56.87,ZAR,Bosch,74,Accessories,A,,,11,Z5,,,,,,680510007,CH,,5,5,2080,TU;ST;PLA,ST,0.170,0.170,KG,180,8,162,MM
2608900817,Sanding Sheet ExC470 G120 150mm,A,4059952541556,56.87,ZAR,Bosch,74,Accessories,A,,,13,Z5,,,,,,680510007,CH,,5,5,2080,TU;ST;PLA,ST,0.061,0.058,KG,180,8,162,MM
2608900818,Sanding Sheet ExC470 G180 150mm,A,4059952541563,56.87,ZAR,Bosch,74,Accessories,A,,,11,Z5,,,,,,680510007,CH,,5,5,1920,TU;ST;PLA,ST,0.053,0.051,KG,180,13,162,MM
2608900819,Sanding Sheet ExC470 G240 150mm,A,4059952541570,56.87,ZAR,Bosch,74,Accessories,A,,,11,Z5,,,,,,680510007,CH,,5,5,1920,TU;ST;PLA,ST,0.049,0.046,KG,180,8,162,MM
2608900820,Sanding Sheet ExC470 G320 150mm,A,4059952541587,56.87,ZAR,Bosch,74,Accessories,A,,,32,Z5,,,,,,680510007,CH,,5,5,2480,TU;ST;PLA,ST,0.047,0.044,KG,180,8,162,MM
2608900840,Sanding Sheet ExC470 G40 93x230mm,A,4059952541785,62.61,ZAR,Bosch,74,Accessories,A,,,200,Z5,,,,,,680510007,CH,,5,10,1280,TU;ST;PLA,ST,0.152,0.144,KG,189,19,120,MM
2608900841,Sanding Sheet ExC470 G60 93x230mm,A,4059952541792,53.74,ZAR,Bosch,74,Accessories,A,,,96,Z5,,,,,,680510007,CH,,5,10,1280,TU;ST;PLA,ST,0.111,0.105,KG,260,16,105,MM
2608900842,Sanding Sheet ExC470 G80 93x230mm,A,4059952541808,53.74,ZAR,Bosch,74,Accessories,A,,,200,Z5,,,,,,680510007,CH,,5,10,1280,TU;ST;PLA,ST,0.109,0.103,KG,260,16,105,MM
2608900843,Sanding Sheet ExC470 G120 93x230mm,A,4059952541815,53.74,ZAR,Bosch,74,Accessories,A,,,200,Z5,,,,,,680510007,CH,,5,10,1280,TU;ST;PLA,ST,0.096,0.091,KG,260,18,106,MM
2608900844,Sanding Sheet ExC470 G180 93x230mm,A,4059952541822,53.74,ZAR,Bosch,74,Accessories,A,,,114,Z5,,,,,,680510007,CH,,5,10,1280,TU;ST;PLA,ST,0.086,0.082,KG,260,20,103,MM
2608900845,Sanding Sheet ExC470 G240 93x230mm,A,4059952541839,53.74,ZAR,Bosch,74,Accessories,A,,,99,Z5,,,,,,680510007,CH,,5,10,1280,TU;ST;PLA,ST,0.078,0.074,KG,260,18,105,MM
2608900853,Sanding Sheet ExC470 G40 93x186mm,A,4059952541914,79.82,ZAR,Bosch,74,Accessories,A,,,13,Z5,,,,,,680510007,CH,,5,10,1600,TU;ST;PLA,ST,0.149,0.141,KG,220,20,105,MM
2608900854,Sanding Sheet ExC470 G60 93x186mm,A,4059952541921,79.82,ZAR,Bosch,74,Accessories,A,,,15,Z5,,,,,,680510007,CH,,5,10,1760,TU;ST;PLA,ST,0.119,0.113,KG,220,18,105,MM
2608900855,Sanding Sheet ExC470 G80 93x186mm,A,4059952541938,79.82,ZAR,Bosch,74,Accessories,A,,,18,Z5,,,,,,680510007,CH,,5,10,1600,TU;ST;PLA,ST,0.108,0.103,KG,220,16,105,MM
2608900856,Sanding Sheet ExC470 G120 93x186mm,A,4059952541945,79.82,ZAR,Bosch,74,Accessories,A,,,4,Z5,,,,,,680510007,CH,,5,10,1280,TU;ST;PLA,ST,0.082,0.077,KG,218,18,103,MM
2608900857,Sanding Sheet ExC470 G180 93x186mm,A,4059952541952,79.82,ZAR,Bosch,74,Accessories,A,,,14,Z5,,,,,,680510007,CH,,5,10,1760,TU;ST;PLA,ST,0.080,0.076,KG,220,20,105,MM
2608900858,Sanding Sheet ExC470 G240 93x186mm,A,4059952541969,79.82,ZAR,Bosch,74,Accessories,A,,,17,Z5,,,,,,680510007,CH,,5,10,1760,TU;ST;PLA,ST,0.066,0.063,KG,220,16,105,MM
2608900873,Sanding Sheet ExC470 G100 93x230mm,A,4059952542119,53.74,ZAR,Bosch,74,Accessories,A,,,84,Z5,,,,,,680510007,CH,,5,10,1280,TU;ST;PLA,ST,0.102,0.086,KG,260,18,106,MM
2608900886,Sanding Sheet ExC470 G40 102x62mm,C,4059952542249,60.52,ZAR,Bosch,74,Accessories,A,,,0,Z5,,,,,,680510007,CH,,5,10,1600,TU;ST;PLA,ST,0.102,0.097,KG,121,16,188,MM
2608900887,Sanding Sheet ExC470 G80 102x62mm,A,4059952542256,60.52,ZAR,Bosch,74,Accessories,A,,,9,Z5,,,,,,680510007,CH,,5,10,1600,TU;ST;PLA,ST,0.080,0.076,KG,121,16,188,MM
2608900888,Sanding Sheet ExC470 G120 102x62mm,A,4059952542263,60.52,ZAR,Bosch,74,Accessories,A,,,6,Z5,,,,,,680510007,CH,,5,10,1600,TU;ST;PLA,ST,0.065,0.062,KG,121,16,188,MM
2608900889,Sanding Sheet ExC470 G180 102x62mm,A,4059952542270,60.52,ZAR,Bosch,74,Accessories,A,,,12,Z5,,,,,,680510007,CH,,5,10,1600,TU;ST;PLA,ST,0.059,0.056,KG,188,18,121,MM
2608900890,Sanding Sheet ExC470 G40 115x107mm,A,4059952542287,60.52,ZAR,Bosch,74,Accessories,A,,,41,Z5,,,,,,680510007,CH,,5,10,1680,TU;ST;PLA,ST,0.108,0.103,KG,172,16,128,MM
2608900891,Sanding Sheet ExC470 G60 115x107mm,A,4059952542294,60.52,ZAR,Bosch,74,Accessories,A,,,34,Z5,,,,,,680510007,CH,,5,10,1680,TU;ST;PLA,ST,0.085,0.081,KG,172,18,122,MM
2608900892,Sanding Sheet ExC470 G80 115x107mm,A,4059952542300,60.52,ZAR,Bosch,74,Accessories,A,,,12,Z5,,,,,,680510007,CH,,5,10,1680,TU;ST;PLA,ST,0.080,0.076,KG,172,16,128,MM
2608900893,Sanding Sheet ExC470 120 115x107mm,A,4059952542317,60.52,ZAR,Bosch,74,Accessories,A,,,11,Z5,,,,,,680510007,CH,,5,10,1680,TU;ST;PLA,ST,0.067,0.064,KG,172,16,128,MM
2608900894,Sanding Sheet ExC470 180 115x107mm,A,4059952542324,60.52,ZAR,Bosch,74,Accessories,A,,,9,Z5,,,,,,680510007,CH,,5,10,1680,TU;ST;PLA,ST,0.061,0.058,KG,172,23,128,MM
2608900895,Sanding Sheet ExC470 240 115x107mm,A,4059952542331,60.52,ZAR,Bosch,74,Accessories,A,,,11,Z5,,,,,,680510007,CH,,5,10,1680,TU;ST;PLA,ST,0.051,0.049,KG,172,16,128,MM
2608901102,Sanding Sheet ExC470 G40 150mm,A,4059952544403,39.65,ZAR,Bosch,74,Accessories,A,,,7,Z5,,,,,,680510007,CH,,5,5,2080,TU;ST;PLA,ST,0.088,0.084,KG,180,8,162,MM
2608901103,Sanding Sheet ExC470 G60 150mm,A,4059952544410,43.82,ZAR,Bosch,74,Accessories,A,,,6,Z5,,,,,,680510007,CH,,5,5,2080,TU;ST;PLA,ST,0.070,0.067,KG,180,8,162,MM
2608901104,Sanding Sheet ExC470 G80 150mm,A,4059952544427,43.82,ZAR,Bosch,74,Accessories,A,,,18,Z5,,,,,,680510007,CH,,5,5,2080,TU;ST;PLA,ST,0.066,0.063,KG,180,10,163,MM
2608901105,Sanding Sheet ExC470 G100 150mm,A,4059952544434,43.82,ZAR,Bosch,74,Accessories,A,,,11,Z5,,,,,,680510007,CH,,5,5,2080,TU;ST;PLA,ST,0.064,0.061,KG,180,8,162,MM
2608901106,Sanding Sheet ExC470 G120 150mm,A,4059952544441,43.82,ZAR,Bosch,74,Accessories,A,,,6,Z5,,,,,,680510007,CH,,5,5,2080,TU;ST;PLA,ST,0.056,0.053,KG,180,8,162,MM
2608901107,Sanding Sheet ExC470 G180 150mm,A,4059952544458,43.82,ZAR,Bosch,74,Accessories,A,,,5,Z5,,,,,,680510007,CH,,5,5,2080,TU;ST;PLA,ST,0.055,0.053,KG,180,15,159,MM
2608901108,Sanding Sheet ExC470 G240 150mm,A,4059952544465,43.82,ZAR,Bosch,74,Accessories,A,,,13,Z5,,,,,,680510007,CH,,5,5,2480,TU;ST;PLA,ST,0.047,0.044,KG,180,8,162,MM
2608901109,Sanding Sheet ExC470 G320 150mm,A,4059952544472,43.82,ZAR,Bosch,74,Accessories,A,,,5,Z5,,,,,,680510007,CH,,5,5,2080,TU;ST;PLA,ST,0.046,0.044,KG,180,15,162,MM
2608901110,Sanding Sheet ExC470 G400 150mm,A,4059952544489,43.82,ZAR,Bosch,74,Accessories,A,,,17,Z5,,,,,,680510007,CH,,5,5,2080,TU;ST;PLA,ST,0.047,0.045,KG,180,10,163,MM
2608901113,Sanding Sheet ExC470 Set 115x140mm,A,4059952544519,68.35,ZAR,Bosch,74,Accessories,A,,,5,Z5,,,,,,680510007,CH,,5,10,1680,TU;ST;PLA,ST,0.080,0.076,KG,172,20,128,MM
2608901196,Cutting-Off Wheel RBE- 1ER 76x10mm,A,4059952567549,117.39,ZAR,Bosch,74,Accessories,A,,,19,Z7,,,,,,680422906,CH,,1,1,,ST;LU,ST,0.047,0.047,KG,167,7,96,MM
2608901221,Cleaning Fleece N880 HP 115 140 GPXS,A,4059952571904,38.09,ZAR,Bosch,74,Accessories,A,,,134,Z5,,,,,,680530006,GB,,1,2,2240,ST;PLA;PA,ST,0.029,0.027,KG,180,10,115,MM
2608901484,impact drill bit Multic. CYL-9 8x200x250,C,4059952596518,143.48,ZAR,Bosch,74,Accessories,A,,,0,Z5,,,,,,820750008,DE,,1,1,3600,ST;PLA;PA,ST,0.077,0.074,KG,325,10,41,MM
2608901485,impact drill bit Multic. CYL-9 10x200x25,A,4059952596525,149.74,ZAR,Bosch,74,Accessories,A,,,8,Z5,,,,,,820750008,DE,,1,1,3600,ST;PLA;PA,ST,0.113,0.107,KG,325,10,40,MM
2608901488,impact drill bit Multic. CYL-9 14x200x25,A,4059952596570,196.18,ZAR,Bosch,74,Accessories,A,,,2,Z5,,,,,,820750008,DE,,1,1,2160,ST;PLA;PA,ST,0.176,0.167,KG,325,13,41,MM
2608901491,Hole Saw T MM B 16mm,C,6949509236432,49.04,ZAR,Bosch,74,Accessories,A,,,0,Z5,,,,,,820790006,CN,,1,1,4032,ST;PAL;LU,ST,0.041,0.041,KG,93.5,35,46,MM
2608901493,Hole Saw T MM B 19mm,C,6949509236456,50.09,ZAR,Bosch,74,Accessories,A,,,0,Z5,,,,,,820790006,CN,,1,1,4032,ST;PAL;LU,ST,0.032,0.032,KG,93.5,35,46,MM
2608901494,Hole Saw T MM B 20mm,C,6949509236463,40.18,ZAR,Bosch,74,Accessories,A,,,0,Z5,,,,,,820790006,CN,,1,1,4032,ST;PAL;LU,ST,0.034,0.034,KG,93.5,35,46,MM
2608901495,Hole Saw T MM B 21mm,A,6949509236470,56.35,ZAR,Bosch,74,Accessories,A,,,2,Z5,,,,,,820790006,CN,,1,1,4032,ST;PAL;LU,ST,0.036,0.036,KG,93.5,35,46,MM
2608901496,Hole Saw T MM B 22mm,A,6949509236487,58.96,ZAR,Bosch,74,Accessories,A,,,16,Z5,,,,,,820790006,CN,,1,1,4032,ST;PAL;LU,ST,0.041,0.041,KG,93.5,35,46,MM
2608901498,Hole Saw T MM B 25mm,C,6949509236500,45.91,ZAR,Bosch,74,Accessories,A,,,0,Z5,,,,,,820790006,CN,,1,1,4032,ST;PAL;LU,ST,0.054,0.054,KG,93.5,35,46,MM
2608901499,Hole Saw T MM B 27mm,A,6949509236517,61.57,ZAR,Bosch,74,Accessories,A,,,2,Z5,,,,,,820790006,CN,,1,1,4032,ST;PAL;LU,ST,0.059,0.059,KG,93.5,35,46,MM
2608901500,Hole Saw T MM B 29mm,C,6949509236524,63.13,ZAR,Bosch,74,Accessories,A,,,0,Z5,,,,,,820790006,CN,,1,1,4032,ST;PAL;LU,ST,0.064,0.064,KG,93.5,35,46,MM
2608901501,Hole Saw T MM B 30mm,C,6949509236531,53.22,ZAR,Bosch,74,Accessories,A,,,0,Z5,,,,,,820790006,CN,,1,1,4032,ST;PAL;LU,ST,0.064,0.064,KG,93.5,35,46,MM
2608901502,Hole Saw T MM B 32mm,A,6949509236548,56.35,ZAR,Bosch,74,Accessories,A,,,3,Z5,,,,,,820790006,CN,,1,1,4032,ST;PAL;LU,ST,0.095,0.095,KG,93.5,35,46,MM
2608901504,Hole Saw T MM B 35mm,C,6949509236562,57.91,ZAR,Bosch,74,Accessories,A,,,0,Z5,,,,,,820790006,CN,,1,1,2880,ST;PAL;LU,ST,0.100,0.100,KG,90.5,45,46,MM
2608901506,Hole Saw T MM B 38mm,C,6949509236586,79.82,ZAR,Bosch,74,Accessories,A,,,0,Z5,,,,,,820790006,CN,,1,1,2880,ST;PAL;LU,ST,0.082,0.077,KG,91,48,46,MM
2608901507,Hole Saw T MM B 40mm,C,6949509236593,82.96,ZAR,Bosch,74,Accessories,A,,,0,Z5,,,,,,820790006,CN,,1,1,2880,ST;PAL;LU,ST,0.091,0.091,KG,90.5,45,46,MM
2608901508,Hole Saw T MM B 41mm,C,6949509236609,89.22,ZAR,Bosch,74,Accessories,A,,,0,Z5,,,,,,820790006,CN,,1,1,2880,ST;PAL;LU,ST,0.095,0.095,KG,90.5,45,46,MM
2608901510,Hole Saw T MM B 44mm,A,6949509236623,92.35,ZAR,Bosch,74,Accessories,A,,,8,Z5,,,,,,820790006,CN,,1,1,1680,ST;PAL;LU,ST,0.104,0.104,KG,90.5,53,53,MM
2608901511,Hole Saw T MM B 46mm,C,6949509236630,96.52,ZAR,Bosch,74,Accessories,A,,,0,Z5,,,,,,820790006,CN,,1,1,1680,ST;PAL;LU,ST,0.110,0.110,KG,90.5,53,53,MM
2608901512,Hole Saw T MM B 48mm,A,6949509236647,99.13,ZAR,Bosch,74,Accessories,A,,,3,Z5,,,,,,820790006,CN,,1,1,1680,ST;PAL;LU,ST,0.118,0.118,KG,90.5,53,53,MM
2608901513,Hole Saw T MM B 51mm,A,6949509236654,77.74,ZAR,Bosch,74,Accessories,A,,,54,Z5,,,,,,820790006,CN,,1,1,1680,ST;PAL;LU,ST,0.132,0.132,KG,90.5,53,53,MM
2608901515,Hole Saw T MM B 54mm,A,6949509236678,105.39,ZAR,Bosch,74,Accessories,A,,,3,Z5,,,,,,820790006,CN,,1,1,1920,ST;PAL;LU,ST,0.150,0.150,KG,90.5,53,62,MM
2608901517,Hole Saw T MM B 57mm,A,6949509236692,108.52,ZAR,Bosch,74,Accessories,A,,,4,Z5,,,,,,820790006,CN,,1,1,1920,ST;PAL;LU,ST,0.159,0.159,KG,90.5,53,62,MM
2608901519,Hole Saw T MM B 60mm,B,6949509236715,118.43,ZAR,Bosch,74,Accessories,A,,,2,Z5,,,,,,820790006,CN,,1,1,1920,ST;PAL;LU,ST,0.177,0.177,KG,90.5,53,62,MM
2608901520,Hole Saw T MM B 64mm,C,6949509236722,121.57,ZAR,Bosch,74,Accessories,A,,,0,Z5,,,,,,820790006,CN,,1,1,1260,ST;PAL;LU,ST,0.191,0.191,KG,98.5,53,70,MM
2608901521,Hole Saw T MM B 65mm,A,6949509236739,124.70,ZAR,Bosch,74,Accessories,A,,,18,Z5,,,,,,820790006,CN,,1,1,1260,ST;PAL;LU,ST,0.195,0.195,KG,98.5,53,70,MM
2608901523,Hole Saw T MM B 68mm,A,6949509236753,127.82,ZAR,Bosch,74,Accessories,A,,,38,Z5,,,,,,820790006,CN,,1,1,1260,ST;PAL;LU,ST,0.218,0.218,KG,98.5,53,70,MM
2608901524,Hole Saw T MM B 70mm,A,6949509236760,130.96,ZAR,Bosch,74,Accessories,A,,,29,Z5,,,,,,820790006,CN,,1,1,714,ST;PAL;LU,ST,0.227,0.227,KG,106.5,53,78,MM
2608901525,Hole Saw T MM B 73mm,A,6949509236777,134.09,ZAR,Bosch,74,Accessories,A,,,25,Z5,,,,,,820790006,CN,,1,1,714,ST;PAL;LU,ST,0.245,0.245,KG,106.5,53,78,MM
2608901526,Hole Saw T MM B 76mm,C,6949509236784,104.35,ZAR,Bosch,74,Accessories,A,,,0,Z5,,,,,,820790006,CN,,1,1,714,ST;PAL;LU,ST,0.254,0.254,KG,106.5,53,78,MM
2608901527,Hole Saw T MM B 79mm,A,6949509236791,147.13,ZAR,Bosch,74,Accessories,A,,,47,Z5,,,,,,820790006,CN,,1,1,540,ST;PAL;LU,ST,0.286,0.286,KG,140,52,97,MM
2608901528,Hole Saw T MM B 83mm,A,6949509236807,153.39,ZAR,Bosch,74,Accessories,A,,,3,Z5,,,,,,820790006,CN,,1,1,540,ST;PAL;LU,ST,0.320,0.320,KG,140,52,97,MM
2608901529,Hole Saw T MM B 86mm,C,6949509236814,156.52,ZAR,Bosch,74,Accessories,A,,,0,Z5,,,,,,820790006,CN,,1,1,540,ST;PAL;LU,ST,0.336,0.336,KG,140,52,97,MM
2608901530,Hole Saw T MM B 89mm,C,6949509236821,160.18,ZAR,Bosch,74,Accessories,A,,,0,Z5,,,,,,820790006,CN,,1,1,540,ST;PAL;LU,ST,0.354,0.354,KG,140,52,97,MM
2608901531,Hole Saw T MM B 92mm,A,6949509236838,162.78,ZAR,Bosch,74,Accessories,A,,,2,Z5,,,,,,820790006,CN,,1,1,540,ST;PAL;LU,ST,0.372,0.372,KG,140,52,97,MM
2608901532,Hole Saw T MM B 95mm,C,6949509236845,166.43,ZAR,Bosch,74,Accessories,A,,,0,Z5,,,,,,820790006,CN,,1,1,540,ST;PAL;LU,ST,0.390,0.390,KG,140,52,97,MM
2608901534,Hole Saw T MM B 102mm,A,6949509236869,175.82,ZAR,Bosch,74,Accessories,A,,,20,Z5,,,,,,820790006,CN,,1,1,432,ST;PAL;LU,ST,0.431,0.431,KG,166,52,123,MM
2608901535,Hole Saw T MM B 105mm,C,6949509236876,185.22,ZAR,Bosch,74,Accessories,A,,,0,Z5,,,,,,820790006,CN,,1,1,432,ST;PAL;LU,ST,0.458,0.458,KG,166,52,123,MM
2608901536,Hole Saw T MM B 108mm,C,6949509236883,188.35,ZAR,Bosch,74,Accessories,A,,,0,Z5,,,,,,820790006,CN,,1,1,432,ST;PAL;LU,ST,0.472,0.472,KG,166,52,123,MM
2608901538,Hole Saw T MM B 114mm,A,6949509236906,208.18,ZAR,Bosch,74,Accessories,A,,,6,Z5,,,,,,820790006,CN,,1,1,432,ST;PAL;LU,ST,0.527,0.527,KG,166,52,123,MM
2608901539,Hole Saw T MM B 121mm,A,6949509236913,220.70,ZAR,Bosch,74,Accessories,A,,,2,Z5,,,,,,820790006,CN,,1,1,432,ST;PAL;LU,ST,0.576,0.576,KG,166,52,123,MM
2608901540,Hole Saw T MM B 127mm,C,6949509236920,240.00,ZAR,Bosch,74,Accessories,A,,,0,Z5,,,,,,820790006,CN,,1,1,240,ST;PAL;LU,ST,0.635,0.635,KG,191.5,59,159.5,MM
2608901542,Hole Saw T MM B 140mm,C,6949509236944,255.13,ZAR,Bosch,74,Accessories,A,,,0,Z5,,,,,,820790006,CN,,1,1,240,ST;PAL;LU,ST,0.758,0.758,KG,191.5,59,159.5,MM
2608901544,Hole Saw T MM B 152mm,A,6949509236968,274.43,ZAR,Bosch,74,Accessories,A,,,4,Z5,,,,,,820790006,CN,,1,1,240,ST;PAL;LU,ST,0.876,0.876,KG,191.5,59,159.5,MM
2608901598,EXPERT MultiMaterial Turbo 230mm,C,4059952631547,782.61,ZAR,Bosch,74,Accessories,A,,,0,Z5,,,,,,680421004,TH,,1,1,480,ST;PAL;LU,ST,0.720,0.700,KG,270,9,240,MM
2608901750,EXPERT Multi Material Carbide Grinding H,C,6949509241436,650.09,ZAR,Bosch,74,Accessories,A,,,0,Z3,,,,,,680422906,CN,,1,1,200,ST;PAL;LU,ST,0.596,0.560,KG,217,28,185,MM
2608901821,EXPERT Wood Forstner Drill Bit  Ø 10mm,C,4059952684086,156.52,ZAR,Bosch,74,Accessories,A,,,0,Z5,,,,,,820750008,DE,,1,1,6000,ST;PLA;PA,ST,0.042,0.040,KG,112,26,40,MM
2608901822,EXPERT Wood Forstner Drill Bit  Ø 12mm,C,4059952684093,180.00,ZAR,Bosch,74,Accessories,A,,,0,Z5,,,,,,820750008,DE,,1,1,6000,ST;PLA;PA,ST,0.038,0.036,KG,116,25,25,MM
2608901823,EXPERT Wood Forstner Drill Bit  Ø 14mm,C,4059952684109,193.04,ZAR,Bosch,74,Accessories,A,,,0,Z5,,,,,,820750008,DE,,1,1,6400,ST;PLA;PA,ST,0.044,0.042,KG,117,28,40,MM
2608901824,EXPERT Wood Forstner Drill Bit  Ø 15mm,C,4059952684116,190.43,ZAR,Bosch,74,Accessories,A,,,0,Z5,,,,,,820750008,DE,,1,1,5400,ST;PLA;PA,ST,0.045,0.043,KG,116,25,25,MM
2608901825,EXPERT Wood Forstner Drill Bit  Ø 16mm,C,4059952684123,202.96,ZAR,Bosch,74,Accessories,A,,,0,Z5,,,,,,820750008,DE,,1,1,6400,ST;PLA;PA,ST,0.045,0.042,KG,117,28,40,MM
2608901826,EXPERT Wood Forstner Drill Bit  Ø 18mm,C,4059952684130,208.70,ZAR,Bosch,74,Accessories,A,,,0,Z5,,,,,,820750008,DE,,1,1,6400,ST;PLA;PA,ST,0.049,0.046,KG,117,28,40,MM
2608901827,EXPERT Wood Forstner Drill Bit  Ø 20mm,C,4059952684147,213.91,ZAR,Bosch,74,Accessories,A,,,0,Z5,,,,,,820750008,DE,,1,1,5400,ST;PLA;PA,ST,0.064,0.061,KG,112,26,40,MM
2608901828,EXPERT Wood Forstner Drill Bit  Ø 22mm,C,4059952684154,220.70,ZAR,Bosch,74,Accessories,A,,,0,Z5,,,,,,820750008,DE,,1,1,3840,ST;PLA;PA,ST,0.069,0.066,KG,117,35,40,MM
2608901829,EXPERT Wood Forstner Drill Bit  Ø 24mm,C,4059952684161,245.74,ZAR,Bosch,74,Accessories,A,,,0,Z5,,,,,,820750008,DE,,1,1,4480,ST;PLA;PA,ST,0.074,0.070,KG,117,28,40,MM
2608901830,EXPERT Wood Forstner Drill Bit  Ø 25mm,C,4059952684178,240.00,ZAR,Bosch,74,Accessories,A,,,0,Z5,,,,,,820750008,DE,,1,1,3840,ST;PLA;PA,ST,0.075,0.072,KG,117,28,40,MM
2608901831,EXPERT Wood Forstner Drill Bit  Ø 26mm,C,4059952684185,249.91,ZAR,Bosch,74,Accessories,A,,,0,Z5,,,,,,820750008,DE,,1,1,3360,ST;PLA;PA,ST,0.111,0.105,KG,117,35,35,MM
2608901832,EXPERT Wood Forstner Drill Bit  Ø 27mm,C,4059952684192,251.48,ZAR,Bosch,74,Accessories,A,,,0,Z5,,,,,,820750008,DE,,1,1,2880,ST;PLA;PA,ST,0.086,0.082,KG,117,48,48,MM
2608901833,EXPERT Wood Forstner Drill Bit  Ø 28mm,C,4059952684208,252.00,ZAR,Bosch,74,Accessories,A,,,0,Z5,,,,,,820750008,DE,,1,1,2880,ST;PLA;PA,ST,0.088,0.083,KG,117,48,48,MM
2608901834,EXPERT Wood Forstner Drill Bit  Ø 30mm,C,4059952684215,246.78,ZAR,Bosch,74,Accessories,A,,,0,Z5,,,,,,820750008,DE,,1,1,2560,ST;PLA;PA,ST,0.093,0.088,KG,117,48,48,MM
2608901835,EXPERT Wood Forstner Drill Bit  Ø 32mm,C,4059952684222,273.91,ZAR,Bosch,74,Accessories,A,,,0,Z5,,,,,,820750008,DE,,1,1,2880,ST;PLA;PA,ST,0.115,0.110,KG,117,48,48,MM
2608901836,EXPERT Wood Forstner Drill Bit  Ø 34mm,C,4059952684239,284.35,ZAR,Bosch,74,Accessories,A,,,0,Z5,,,,,,820750008,DE,,1,1,2880,ST;PLA;PA,ST,0.119,0.113,KG,117,48,48,MM
2608901837,EXPERT Wood Forstner Drill Bit  Ø 35mm,C,4059952684246,286.43,ZAR,Bosch,74,Accessories,A,,,0,Z5,,,,,,820750008,DE,,1,1,2560,ST;PLA;PA,ST,0.133,0.126,KG,117,45,45,MM
2608901838,EXPERT Wood Forstner Drill Bit  Ø 36mm,C,4059952684253,309.39,ZAR,Bosch,74,Accessories,A,,,0,Z5,,,,,,820750008,DE,,1,1,1920,ST;PLA;PA,ST,0.140,0.133,KG,117,60,60,MM
2608901839,EXPERT Wood Forstner Drill Bit  Ø 38mm,C,4059952684260,315.13,ZAR,Bosch,74,Accessories,A,,,0,Z5,,,,,,820750008,DE,,1,1,1920,ST;PLA;PA,ST,0.147,0.140,KG,117,60,60,MM
2608901840,EXPERT Wood Forstner Drill Bit  Ø 40mm,C,4059952684277,308.35,ZAR,Bosch,74,Accessories,A,,,0,Z5,,,,,,820750008,DE,,1,1,1792,ST;PLA;PA,ST,0.168,0.160,KG,117,60,60,MM
2608901841,EXPERT Wood Forstner Drill Bit  Ø 45mm,C,4059952684284,337.57,ZAR,Bosch,74,Accessories,A,,,0,Z5,,,,,,820750008,DE,,1,1,1792,ST;PLA;PA,ST,0.186,0.177,KG,117,58,58,MM
2608901842,EXPERT Wood Forstner Drill Bit  Ø 50mm,C,4059952684291,372.52,ZAR,Bosch,74,Accessories,A,,,0,Z5,,,,,,820750008,DE,,1,1,1248,ST;PLA;PA,ST,0.220,0.209,KG,125,68,68,MM
2608901843,EXPERT Wood Set Forstner Drill Bit  Ø 15,C,4059952684307,1437.91,ZAR,Bosch,74,Accessories,A,,,0,Z5,,,,,,820750008,DE,,1,5,704,ST;PLA;PA,ST,0.601,0.571,KG,162,46,122,MM
2609200138,TEMPLATE GUIDE 13MM,A,3165140062831,187.30,ZAR,Bosch,74,Accessories,A,,,8,Z5,,,,,,846799909,CN,,1,1,6750,ST;PLA;PA,ST,0.048,0.034,KG,101,19,71,MM
2609255125,Countersink 10X50Mm,A,3165140383110,50.61,ZAR,Bosch,74,Accessories,A,,,55,Z5,,,,,,820750008,DE,,1,1,7000,ST;PAL;LU,ST,0.027,0.025,KG,164,10,75,MM
2609255126,Countersink 13X50Mm,A,3165140383127,50.61,ZAR,Bosch,74,Accessories,A,,,60,Z5,,,,,,820750008,DE,,1,1,4200,ST;PAL;LU,ST,0.034,0.030,KG,163,21,73,MM
2609255431,Masonry Drill Bit 7X100Mm,A,3165140384735,17.74,ZAR,Bosch,74,Accessories,A,,,1,Z7,,,,,,820750008,CN,,5,1,6750,TU;ST;PAL,ST,0.018,0.018,KG,181,8,42,MM
2609255464,Glass Drill Bit 3Mm,A,3165140385060,38.61,ZAR,Bosch,74,Accessories,A,,,4,Z5,,,,,,820750008,CN,,5,1,9000,TU;ST;PAL,ST,0.006,0.005,KG,147,6,42,MM
2609255465,Glass Drill Bit 4Mm,A,3165140385077,40.18,ZAR,Bosch,74,Accessories,A,,,28,Z5,,,,,,820750008,CN,,5,1,9000,TU;ST;PAL,ST,0.008,0.008,KG,147,6,42,MM
2609255466,Glass Drill Bit 5Mm,A,3165140385084,41.74,ZAR,Bosch,74,Accessories,A,,,200,Z5,,,,,,820750008,CN,,5,1,,TU;ST;PAL,ST,0.010,0.010,KG,147,6,42,MM
2609255467,Glass Drill Bit 6Mm,A,3165140385091,44.35,ZAR,Bosch,74,Accessories,A,,,200,Z5,,,,,,820750008,CN,,5,1,,TU;ST;PAL,ST,0.014,0.014,KG,147,7,42,MM
2609255468,Glass Drill Bit 8Mm,A,3165140385107,50.09,ZAR,Bosch,74,Accessories,A,,,194,Z5,,,,,,820750008,CN,,5,1,,TU;ST;PAL,ST,0.023,0.023,KG,147,9,42,MM
2609255469,Glass Drill Bit 10Mm,C,3165140385114,60.52,ZAR,Bosch,74,Accessories,A,,,0,Z5,,,,,,820750008,CN,,5,1,6750,TU;ST;PAL,ST,0.033,0.030,KG,181,11,42,MM
2609255470,CARBIDE-TIPPED DRILL,A,3165140385121,33.91,ZAR,Bosch,74,Accessories,A,,,69,Z5,,,,,,820750008,CN,,5,1,9000,TU;ST;PAL,ST,0.006,0.006,KG,147,6,42,MM
2609255471,CARBIDE-TIPPED DRILL,A,3165140385138,34.96,ZAR,Bosch,74,Accessories,A,,,30,Z5,,,,,,820750008,CN,,5,1,9000,TU;ST;PAL,ST,0.009,0.009,KG,147,6,42,MM
2609255472,CARBIDE-TIPPED DRILL,A,3165140385145,37.04,ZAR,Bosch,74,Accessories,A,,,190,Z5,,,,,,820750008,CN,,5,1,,TU;ST;PAL,ST,0.011,0.010,KG,147,6,42,MM
2609255474,CARBIDE-TIPPED DRILL,A,3165140385169,38.09,ZAR,Bosch,74,Accessories,A,,,125,Z5,,,,,,820750008,CN,,5,1,6750,TU;ST;PAL,ST,0.019,0.015,KG,181,7,42,MM
2609255477,CARBIDE-TIPPED DRILL,A,3165140385190,41.74,ZAR,Bosch,74,Accessories,A,,,60,Z5,,,,,,820750008,CN,,5,1,5400,TU;ST;PAL,ST,0.035,0.035,KG,181,9,42,MM
2609255478,CARBIDE-TIPPED DRILL,A,3165140385206,49.04,ZAR,Bosch,74,Accessories,A,,,48,Z5,,,,,,820750008,CN,,5,1,5400,TU;ST;PAL,ST,0.050,0.050,KG,181,11,42,MM
2609255479,CARBIDE-TIPPED DRILL,A,3165140385213,78.78,ZAR,Bosch,74,Accessories,A,,,33,Z5,,,,,,820750008,CN,,5,1,4500,TU;ST;PAL,ST,0.083,0.080,KG,226,13,47,MM
2609255600,HOLE SAW,A,3165140385367,64.70,ZAR,Bosch,74,Accessories,A,,,33,Z5,,,,,,820790006,CN,,3,1,1512,TU;ST;PAL,ST,0.096,0.096,KG,158,31,72,MM
2609255601,HOLE SAW,C,3165140385374,65.74,ZAR,Bosch,74,Accessories,A,,,0,Z5,,,,,,820790006,CN,,3,1,1512,TU;ST;PAL,ST,0.120,0.120,KG,158,31,72,MM
2609255602,HOLE SAW,A,3165140385381,69.39,ZAR,Bosch,74,Accessories,A,,,9,Z5,,,,,,820790006,CN,,3,1,1512,TU;ST;PAL,ST,0.137,0.137,KG,158,31,72,MM
2609255603,HOLE SAW,C,3165140385398,74.61,ZAR,Bosch,74,Accessories,A,,,0,Z5,,,,,,820790006,CN,,3,1,1512,TU;ST;PAL,ST,0.128,0.124,KG,175,50,83,MM
2609255604,HOLE SAW,A,3165140385404,86.09,ZAR,Bosch,74,Accessories,A,,,83,Z5,,,,,,820790006,TW,,3,1,1512,TU;ST;PAL,ST,0.120,0.120,KG,158,31,72,MM
2609255605,HOLE SAW,C,3165140385411,92.35,ZAR,Bosch,74,Accessories,A,,,0,Z5,,,,,,820790006,CN,,3,1,864,TU;ST;PAL,ST,0.130,0.128,KG,158,46,84,MM
2609255606,HOLE SAW,A,3165140385428,104.35,ZAR,Bosch,74,Accessories,A,,,27,Z5,,,,,,820790006,CN,,3,1,864,TU;ST;PAL,ST,0.150,0.150,KG,158,46,84,MM
2609255607,HOLE SAW,A,3165140385435,113.74,ZAR,Bosch,74,Accessories,A,,,24,Z5,,,,,,820790006,CN,,3,1,864,TU;ST;PAL,ST,0.160,0.160,KG,158,46,84,MM
2609255608,HOLE SAW,A,3165140385442,114.26,ZAR,Bosch,74,Accessories,A,,,60,Z5,,,,,,820790006,CN,,3,1,864,TU;ST;PAL,ST,0.184,0.184,KG,158,46,84,MM
2609255609,HOLE SAW,C,3165140385459,127.82,ZAR,Bosch,74,Accessories,A,,,0,Z5,,,,,,820790006,TW,,1,1,720,ST;PAL;LU,ST,0.215,0.215,KG,158,66,104,MM
2609255610,HOLE SAW,A,3165140385466,134.61,ZAR,Bosch,74,Accessories,A,,,17,Z5,,,,,,820790006,CN,,1,1,720,ST;PAL;LU,ST,0.234,0.234,KG,158,66,104,MM
2609255611,HOLE SAW,A,3165140385473,138.78,ZAR,Bosch,74,Accessories,A,,,12,Z5,,,,,,820790006,CN,,1,1,720,ST;PAL;LU,ST,0.250,0.250,KG,158,66,104,MM
2609255612,HOLE SAW,C,3165140385480,140.87,ZAR,Bosch,74,Accessories,A,,,0,Z5,,,,,,820790006,TW,,1,1,720,ST;PAL;LU,ST,0.292,0.292,KG,158,66,104,MM
2609255613,HOLE SAW,A,3165140385497,147.65,ZAR,Bosch,74,Accessories,A,,,14,Z5,,,,,,820790006,CN,,1,1,540,ST;PAL;LU,ST,0.290,0.290,KG,158,78,116,MM
2609255614,HOLE SAW,A,3165140385503,149.74,ZAR,Bosch,74,Accessories,A,,,9,Z5,,,,,,820790006,CN,,1,1,540,ST;PAL;LU,ST,0.290,0.290,KG,158,78,116,MM
2609255615,HOLE SAW,A,3165140385510,150.78,ZAR,Bosch,74,Accessories,A,,,12,Z5,,,,,,820790006,CN,,1,1,540,ST;PAL;LU,ST,0.300,0.300,KG,158,78,116,MM
2609255616,HOLE SAW,B,3165140385527,153.91,ZAR,Bosch,74,Accessories,A,,,1,Z5,,,,,,820790006,CN,,1,1,540,ST;PAL;LU,ST,0.320,0.320,KG,158,78,116,MM
2609255617,HOLE SAW,C,3165140385534,156.52,ZAR,Bosch,74,Accessories,A,,,0,Z5,,,,,,820790006,TW,,1,1,540,ST;PAL;LU,ST,0.362,0.362,KG,158,78,116,MM
2609255618,HOLE SAW,A,3165140385541,172.18,ZAR,Bosch,74,Accessories,A,,,9,Z5,,,,,,820790006,CN,,1,1,320,ST;PAL;LU,ST,0.380,0.380,KG,158,97,133,MM
2609255619,HOLE SAW,A,3165140385558,186.26,ZAR,Bosch,74,Accessories,A,,,8,Z5,,,,,,820790006,CN,,1,1,320,ST;PAL;LU,ST,0.460,0.460,KG,158,97,133,MM
2609255700,Keyed Chuck 1-10mm  1/2 - 20,A,3165140385749,247.30,ZAR,Bosch,74,Accessories,A,,,6,Z7,,,,,,846610006,DE,,1,1,1200,ST;PAL;LU,ST,0.227,0.227,KG,147,45,45,MM
2609255701,Keyed Chuck 1.5-13  1/2""- 20,A,3165140385756,131.48,ZAR,Bosch,74,Accessories,A,,,79,Z5,,,,,,846610006,CN,,1,1,900,ST;PAL;LU,ST,0.385,0.385,KG,143,45,45,MM
2609255710,Chuck Key 10 Mm,A,3165140385848,26.09,ZAR,Bosch,74,Accessories,A,,,21,Z5,,,,,,820411900,CN,,1,1,7500,ST;PAL;LU,ST,0.024,0.024,KG,213,20,50,MM
2609255711,Chuck Key 13 Mm,A,3165140385855,26.09,ZAR,Bosch,74,Accessories,A,,,200,Z5,,,,,,820411900,CN,,1,1,6000,ST;PAL;LU,ST,0.060,0.060,KG,272,20,56,MM
2609255716,MIXER ATTACHMENT,C,3165140385909,133.04,ZAR,Bosch,74,Accessories,A,,,0,Z5,,,,,,820790006,CN,,1,1,528,ST;PAL;LU,ST,0.250,0.250,KG,437,70,65,MM
2609255722,PILOT,A,3165140385961,56.87,ZAR,Bosch,74,Accessories,A,,,51,Z5,,,,,,820750008,TW,,3,1,,TU;ST;PAL,ST,0.022,0.020,KG,150,10,48,MM
2609255900,Universal Holder 55Mm,C,3165140389693,38.61,ZAR,Bosch,74,Accessories,A,,08.29.2026,1,Z5,,,,,,846610006,CN,,5,1,6400,TU;ST;PAL,ST,0.028,0.025,KG,131,10,50,MM
2609255958,D/Ended S/Driver Bits  Sl/Pz 3Pc,A,3165140390279,25.57,ZAR,Bosch,74,Accessories,A,,,200,Z5,,,,,,820790006,CN,,5,3,3520,TU;ST;PLA,ST,0.044,0.040,KG,130,7,50,MM
2609255959,D/Ended S/Driver Bits  Sl/Ph 3Pc,A,3165140390286,25.57,ZAR,Bosch,74,Accessories,A,,,29,Z5,,,,,,820790006,CN,,5,3,3520,TU;ST;PLA,ST,0.040,0.040,KG,130,7,50,MM
2609255960,D/Ended S/Driver Bits  Mixed 3Pc,A,3165140390293,25.57,ZAR,Bosch,74,Accessories,A,,,200,Z5,,,,,,820790006,CN,,5,3,2880,TU;ST;PLA,ST,0.040,0.038,KG,130,20,50,MM
2609255970,SCREW DRIVER BIT SET,A,3165140390392,33.91,ZAR,Bosch,74,Accessories,A,,,18,Z5,,,,,,820790006,CN,,5,5,3200,TU;ST;PLA,ST,0.030,0.027,KG,97,7,73,MM
2609256049,Lambswool Bonnet Ø 125Mm,A,3165140386524,103.30,ZAR,Bosch,74,Accessories,A,,,70,Z5,,,,,,591190900,CH,,1,1,1200,ST;PAL;LU,ST,0.034,0.034,KG,165,20,140,MM
2609256051,POLISHING SPONGE,A,3165140386548,117.91,ZAR,Bosch,74,Accessories,A,,,9,Z5,,,,,,392690905,CH,,1,1,1200,ST;PAL;LU,ST,0.030,0.028,KG,165,20,137,MM
2609256204,Sanding Belt 75X457 Mm  G40  Wood,A,3165140388078,68.35,ZAR,Bosch,74,Accessories,A,,,63,Z5,,,,,,680510007,CH,,4,3,1024,TU;ST;PLA,ST,0.130,0.123,KG,220,35,75,MM
2609256205,Sandig Belts,A,3165140388085,68.35,ZAR,Bosch,74,Accessories,A,,,93,Z5,,,,,,680510007,CH,,4,3,1088,TU;ST;PLA,ST,0.098,0.094,KG,210,40,75,MM
2609256206,Sanding Belt 75X457 Mm  G80  Wood,A,3165140388092,68.35,ZAR,Bosch,74,Accessories,A,,,88,Z5,,,,,,680510007,CH,,4,3,1216,TU;ST;PLA,ST,0.092,0.087,KG,215,65,75,MM
2609256207,Sanding Belt 75X457 Mm  G100  Wood,A,3165140388108,68.35,ZAR,Bosch,74,Accessories,A,,,58,Z5,,,,,,680510007,CH,,4,3,1216,TU;ST;PLA,ST,0.079,0.075,KG,235,40,75,MM
2609256216,Sanding Belt 75X533 Mm  G40  Wood,A,3165140388191,68.35,ZAR,Bosch,74,Accessories,A,,,57,Z5,,,,,,680510007,CH,,4,3,832,TU;ST;PLA,ST,0.160,0.140,KG,235,40,78,MM
2609256217,Sandig Belts,A,3165140388207,68.35,ZAR,Bosch,74,Accessories,A,,,176,Z5,,,,,,680510007,CH,,4,3,1024,TU;ST;PLA,ST,0.072,0.072,KG,244,40,75,MM
2609256218,Sanding Belt 75X533 Mm  G80  Wood,A,3165140388214,68.35,ZAR,Bosch,74,Accessories,A,,,113,Z5,,,,,,680510007,CH,,4,3,1024,TU;ST;PLA,ST,0.150,0.098,KG,240,45,75,MM
2609256219,Sanding Belt 75X533 Mm  G100  Wood,A,3165140388221,68.35,ZAR,Bosch,74,Accessories,A,,,174,Z5,,,,,,680510007,CH,,4,3,1088,TU;ST;PLA,ST,0.096,0.091,KG,240,15,75,MM
2609256221,Sanding Belt 75X533 Mm  Mixed Grit  Wood,A,3165140388245,68.35,ZAR,Bosch,74,Accessories,A,,,17,Z5,,,,,,680510007,CH,,4,3,512,TU;ST;PLA,ST,0.111,0.105,KG,245,45,75,MM
2609256222,Sandig Belts,A,3165140388252,109.04,ZAR,Bosch,74,Accessories,A,,,10,Z5,,,,,,680510007,CH,,4,3,512,TU;ST;PLA,ST,0.214,0.204,KG,260,45,100,MM
2609256223,Sandig Belts,A,3165140388269,109.04,ZAR,Bosch,74,Accessories,A,,,11,Z5,,,,,,680510007,CH,,4,3,640,TU;ST;PLA,ST,0.147,0.140,KG,259,35,108,MM
2609256225,Bosch Sanding Belt 100X610 Mm G40 Wood,A,3165140388283,109.04,ZAR,Bosch,74,Accessories,A,,,14,Z5,,,,,,680510007,CH,,4,3,448,TU;ST;PLA,ST,0.227,0.216,KG,270,100,210,MM
2609256226,Bosch Sanding Belt 100X610 Mm G80 Wood,A,3165140388290,109.04,ZAR,Bosch,74,Accessories,A,,,15,Z5,,,,,,680510007,CH,,4,3,512,TU;ST;PLA,ST,0.160,0.160,KG,230,76,80,MM
2609256227,Sanding Belt 100X610 Mm  G150,A,3165140388306,109.04,ZAR,Bosch,74,Accessories,A,,,19,Z5,,,,,,680510007,CH,,4,3,512,TU;ST;PLA,ST,0.152,0.145,KG,112,47,299,MM
2609256244,Fibre Sanding Discs Ø 115 Mm  G36,A,3165140388474,92.87,ZAR,Bosch,74,Accessories,A,,,200,Z5,,,,,,680510007,TR,,10,5,2400,TU;ST;PAL,ST,0.120,0.120,KG,117,2.8,117,MM
2609256247,SCHLEIFBLATTSATZ,A,3165140388504,92.87,ZAR,Bosch,74,Accessories,A,,,92,Z5,,,,,,680530006,TR,,10,5,,TU;ST;PAL,ST,0.080,0.065,KG,117,2,117,MM
2609256248,Fibre Sanding Discs Ø 115 Mm  Mixed,A,3165140388511,114.26,ZAR,Bosch,74,Accessories,A,,,157,Z5,,,,,,680530006,TR,,4,1,800,TU;ST;PAL,ST,0.248,0.200,KG,122,21,120,MM
2609256258,Backing Pad For Anglegrinder Ø 115 Mm,A,3165140388610,98.09,ZAR,Bosch,74,Accessories,A,,,45,Z5,,,,,,846610006,CH,,1,1,2100,ST;PAL;LU,ST,0.105,0.105,KG,160,25,110,MM
2609256281,Backing Pad 125Mm For Clamping,A,3165140388849,77.74,ZAR,Bosch,74,Accessories,A,,,9,Z5,,,,,,846610006,CH,,1,1,720,ST;PAL;LU,ST,0.075,0.073,KG,151,24,123,MM
2609256290,Lambswool Bonnet 125Mm,A,3165140388931,64.70,ZAR,Bosch,74,Accessories,A,,,9,Z5,,,,,,591190900,CH,,5,1,1200,TU;ST;PAL,ST,0.036,0.030,KG,161,27,134,MM
2609256291,POLISHING SPONGE,A,3165140388948,124.70,ZAR,Bosch,74,Accessories,A,,,3,Z5,,,,,,392690905,CH,,1,1,360,ST;PAL;LU,ST,0.095,0.090,KG,156,80,134,MM
2609256332,CUTTING-DISC,C,3165140591843,55.82,ZAR,Bosch,74,Accessories,A,,,0,Z5,,,,,,680422906,CN,,10,5,1800,TU;ST;PAL,ST,0.285,0.275,KG,125,17,125,MM
2609256345,DIY combi abrasive sponge fine 69x97x26,A,3165140593380,41.22,ZAR,Bosch,74,Accessories,A,,,24,Z5,,,,,,680520001,GB,,10,1,1920,TU;ST;PLA,ST,0.025,0.023,KG,128,27,70,MM
2609256346,DIY Abrasive sponge 69x97x26 Medium,A,3165140593397,24.52,ZAR,Bosch,74,Accessories,A,,,65,Z5,,,,,,680530006,GB,,10,1,1920,TU;ST;PLA,ST,0.030,0.029,KG,135,25,70,MM
2609256347,DIY Abrasive sponge 69x97x26 Fine,A,3165140593403,24.52,ZAR,Bosch,74,Accessories,A,,,90,Z5,,,,,,680530006,GB,,10,1,1920,TU;ST;PLA,ST,0.026,0.025,KG,130,25,70,MM
2609256348,DIY Abrasive sponge 69x97x26 super fine,A,3165140593410,24.52,ZAR,Bosch,74,Accessories,A,,,75,Z5,,,,,,680520001,GB,,10,1,1920,TU;ST;PLA,ST,0.026,0.026,KG,128,25,70,MM
2609256349,Contour sanding pad 68 x 120 x 13 Medium,A,3165140593427,52.18,ZAR,Bosch,74,Accessories,A,,,45,Z5,,,,,,680520001,GB,,10,2,1920,TU;ST;PLA,ST,0.044,0.042,KG,151,29,100,MM
2609256350,Contour sanding pad 68 x 120 x 13 Fine,A,3165140593434,36.52,ZAR,Bosch,74,Accessories,A,,,59,Z5,,,,,,680520001,GB,,10,2,1920,TU;ST;PLA,ST,0.033,0.031,KG,150,30,100,MM
2609256351,Contour sanding pad 68x120x13 Super Fine,A,3165140593441,36.52,ZAR,Bosch,74,Accessories,A,,,35,Z5,,,,,,680530006,GB,,10,2,1920,TU;ST;PLA,ST,0.029,0.028,KG,150,30,100,MM
2609256425,Diamond Cutting Blade 65X15Mm (Diy-Line),A,3165140644174,142.96,ZAR,Bosch,74,Accessories,A,,,45,Z5,,,,,,680421004,KR,,1,1,3000,ST;PAL;LU,ST,0.084,0.072,KG,200,8,142,MM
2609256716,T111C Jigsaw Blade,A,3165140390736,21.91,ZAR,Bosch,74,Accessories,A,,,35,Z5,,,,,,820299005,CH,,5,2,,TU;ST;PAL,ST,0.019,0.019,KG,167,2,52,MM
2609256718,T144D Jigsaw Blade,A,3165140390750,21.91,ZAR,Bosch,74,Accessories,A,,,200,Z5,,,,,,820299005,CH,,5,2,,TU;ST;PAL,ST,0.017,0.017,KG,167,4,52,MM
2609256721,T101B Jigsaw Blade,A,3165140390781,25.57,ZAR,Bosch,74,Accessories,A,,,200,Z5,,,,,,820299005,CH,,5,2,,TU;ST;PAL,ST,0.018,0.018,KG,1,170,54,MM
2609256723,T101Ao Jigsaw Blade,A,3165140390804,27.13,ZAR,Bosch,74,Accessories,A,,,155,Z5,,,,,,820299005,CH,,5,2,,TU;ST;PAL,ST,0.012,0.012,KG,167,4,52,MM
2609256724,T101Br Jigsaw Blade,A,3165140390811,26.09,ZAR,Bosch,74,Accessories,A,,,200,Z5,,,,,,820299005,CH,,5,2,,TU;ST;PAL,ST,0.018,0.018,KG,167,4,52,MM
2609256725,T301Cd Jigsaw Blade,A,3165140390828,29.22,ZAR,Bosch,74,Accessories,A,,,200,Z5,,,,,,820299005,CH,,5,2,,TU;ST;PAL,ST,0.020,0.019,KG,197,7,52,MM
2609256727,T234X Jigsaw Blade,A,3165140390842,37.57,ZAR,Bosch,74,Accessories,A,,,102,Z5,,,,,,820299005,CH,,5,2,,TU;ST;PAL,ST,0.022,0.022,KG,201,4,56,MM
2609256729,T118A Jigsaw Blade,A,3165140390866,25.04,ZAR,Bosch,74,Accessories,A,,,200,Z5,,,,,,820291004,CH,,5,2,,TU;ST;PAL,ST,0.015,0.015,KG,172,2,56,MM
2609256730,T118B Jigsaw Blade,A,3165140390873,26.09,ZAR,Bosch,74,Accessories,A,,,72,Z5,,,,,,820291004,CH,,5,2,,TU;ST;PAL,ST,0.016,0.016,KG,170,3,55,MM
2609256731,T118G Jigsaw Blade,A,3165140390880,25.04,ZAR,Bosch,74,Accessories,A,,,75,Z5,,,,,,820291004,CH,,5,2,,TU;ST;PAL,ST,0.014,0.014,KG,171,3,56,MM
2609256733,T118Af Jigsaw Blade,A,3165140390903,24.00,ZAR,Bosch,74,Accessories,A,,,17,Z5,,,,,,820291004,CH,,5,2,,TU;ST;PAL,ST,0.014,0.014,KG,167,4,52,MM
2609256734,T118Bf Jigsaw Blade,A,3165140390910,24.52,ZAR,Bosch,74,Accessories,A,,,17,Z5,,,,,,820291004,CH,,5,2,,TU;ST;PAL,ST,0.014,0.014,KG,167,7,52,MM
2609256735,T123X Jigsaw Blade,A,3165140390927,29.74,ZAR,Bosch,74,Accessories,A,,,113,Z5,,,,,,820291004,CH,,5,2,,TU;ST;PAL,ST,0.017,0.001,KG,171,3,56,MM
2609256736,T127D Jigsaw Blade,A,3165140390934,27.65,ZAR,Bosch,74,Accessories,A,,,99,Z5,,,,,,820291004,CH,,5,2,,TU;ST;PAL,ST,0.016,0.016,KG,166,7,52,MM
2609256737,T345Xf Jigsaw Blade,A,3165140390941,40.18,ZAR,Bosch,74,Accessories,A,,,87,Z5,,,,,,820299005,CH,,5,2,,TU;ST;PAL,ST,0.025,0.025,KG,197,4,52,MM
2609256741,3Pc T Set Jigsaw Blade,A,3165140390989,32.87,ZAR,Bosch,74,Accessories,A,,,86,Z5,,,,,,820299005,CH,,5,3,4000,TU;ST;PAL,ST,0.025,0.025,KG,197,4,73,MM
2609256743,3Pc T-Progressor Set Jigsaw Blade,A,3165140391009,46.96,ZAR,Bosch,74,Accessories,A,,,81,Z5,,,,,,820299005,CH,,5,3,,TU;ST;PAL,ST,0.033,0.032,KG,220,3,76,MM
2609256810,Circular Saw Blade GT WO H 160x20-24,A,3165140391566,185.22,ZAR,Bosch,74,Accessories,A,,,36,Z5,,,,,,820239309,CN,,1,1,1200,ST;PAL;LU,ST,0.286,0.280,KG,231,12,195,MM
2609256811,Circular Saw Blade GT WO H 160x20-40,A,3165140391573,124.70,ZAR,Bosch,74,Accessories,A,,,74,Z5,,,,,,820239309,CN,,1,1,1500,ST;PAL;LU,ST,0.296,0.296,KG,232,7,194,MM
2609256820,Circular Saw Blade GT WO H 190x30-24,A,3165140391665,206.09,ZAR,Bosch,74,Accessories,A,,,24,Z5,,,,,,820239309,CN,,1,1,640,ST;PAL;LU,ST,0.425,0.420,KG,297,12,263,MM
2609256821,Circular Saw Blade GT WO H 190x30-40,A,3165140391672,240.52,ZAR,Bosch,74,Accessories,A,,,31,Z5,,,,,,820239309,CN,,1,1,800,ST;PAL;LU,ST,0.430,0.430,KG,300,5,265,MM
2609256875,Circular Saw Blade GP WO H 230x30-48,A,3165140392211,276.00,ZAR,Bosch,74,Accessories,A,,,19,Z5,,,,,,820239309,CN,,1,1,800,ST;PAL;LU,ST,0.580,0.580,KG,300,5,265,MM
2609256918,Rotary hammer bit SDS-quick Set 3PC,A,3165140480840,128.35,ZAR,Bosch,74,Accessories,A,,,2,Z7,,,,,,820750008,CN,,1,3,4800,TU;ST;PAL,ST,0.074,0.070,KG,177,7,60,MM
2609256968,Torque Attachment for Ixo 3 & 4,A,3165140544870,171.13,ZAR,Bosch,74,Accessories,A,,,10,Z5,,,,,,848340004,CN,,1,1,2304,ST;PAL;LU,ST,0.102,0.082,KG,94,45,45,MM
2609256983,Universal Adapter,A,3165140594776,109.04,ZAR,Bosch,74,Accessories,A,,,18,Z5,,,,,,846610006,CH,,1,1,,ST;PAL;LU,ST,0.021,0.021,KG,98,9,85,MM
2609256A15,SET OF SANDING PAPERS,A,3165140614313,30.78,ZAR,Bosch,74,Accessories,A,,,63,Z5,,,,,,680520001,CH,,5,5,3200,TU;ST;PLA,ST,0.057,0.046,KG,155,10,135,MM
2609256A16,SET OF SANDING PAPERS,A,3165140614320,30.78,ZAR,Bosch,74,Accessories,A,,,42,Z5,,,,,,680520001,CH,,5,5,3200,TU;ST;PLA,ST,0.045,0.044,KG,155,9,138,MM
2609256A17,SET OF SANDING PAPERS,A,3165140614337,30.78,ZAR,Bosch,74,Accessories,A,,,69,Z5,,,,,,680530006,CH,,5,5,3200,TU;ST;PLA,ST,0.043,0.041,KG,154,10,136,MM
2609256A18,SET OF SANDING PAPERS,A,3165140614344,30.78,ZAR,Bosch,74,Accessories,A,,,56,Z5,,,,,,680520001,CH,,5,5,3200,TU;ST;PLA,ST,0.040,0.039,KG,152,12,138,MM
2609256A20,SET OF SANDING PAPERS,A,3165140614368,30.78,ZAR,Bosch,74,Accessories,A,,,33,Z5,,,,,,680520001,CH,,5,5,3200,TU;ST;PLA,ST,0.035,0.030,KG,151,12,134,MM
2609256A22,SET OF SANDING PAPERS,A,3165140614382,36.00,ZAR,Bosch,74,Accessories,A,,,200,Z5,,,,,,680520001,CH,,5,5,2880,TU;ST;PLA,ST,0.060,0.057,KG,155,8,137,MM
2609256A23,SET OF SANDING PAPERS,A,3165140614399,36.00,ZAR,Bosch,74,Accessories,A,,,200,Z5,,,,,,680520001,CH,,5,5,2880,TU;ST;PLA,ST,0.048,0.045,KG,155,8,137,MM
2609256A24,SET OF SANDING PAPERS,A,3165140614405,36.00,ZAR,Bosch,74,Accessories,A,,,200,Z5,,,,,,680520001,CH,,5,5,2880,TU;ST;PLA,ST,0.044,0.042,KG,155,8,137,MM
2609256A25,SET OF SANDING PAPERS,A,3165140614412,36.00,ZAR,Bosch,74,Accessories,A,,,200,Z5,,,,,,680520001,CH,,5,5,2880,TU;ST;PLA,ST,0.040,0.038,KG,155,8,137,MM
2609256A27,SET OF SANDING PAPERS,A,3165140614436,36.00,ZAR,Bosch,74,Accessories,A,,,109,Z5,,,,,,680520001,CH,,5,5,2880,TU;ST;PLA,ST,0.036,0.034,KG,155,9,135,MM
2609256A29,SET OF SANDING PAPERS,A,3165140614450,55.82,ZAR,Bosch,74,Accessories,A,,,43,Z5,,,,,,680520001,CH,,5,5,2080,TU;ST;PLA,ST,0.095,0.090,KG,8,178,162,MM
2609256A30,SET OF SANDING PAPERS,A,3165140614467,55.82,ZAR,Bosch,74,Accessories,A,,,38,Z5,,,,,,680520001,CH,,5,5,1920,TU;ST;PLA,ST,0.069,0.065,KG,180,9,160,MM
2609256A31,SET OF SANDING PAPERS,A,3165140614474,55.82,ZAR,Bosch,74,Accessories,A,,,35,Z5,,,,,,680520001,CH,,5,5,2080,TU;ST;PLA,ST,0.064,0.061,KG,180,8,162,MM
2609256A32,SET OF SANDING PAPERS,A,3165140614481,55.82,ZAR,Bosch,74,Accessories,A,,,32,Z5,,,,,,680520001,CH,,5,5,1920,TU;ST;PLA,ST,0.053,0.051,KG,180,10,160,MM
2609256A34,SET OF SANDING PAPERS,A,3165140614504,55.82,ZAR,Bosch,74,Accessories,A,,,16,Z5,,,,,,680530006,CH,,5,5,2080,TU;ST;PLA,ST,0.053,0.052,KG,180,9,160,MM
2609256A47,SET OF SANDING PAPERS,A,3165140614634,39.65,ZAR,Bosch,74,Accessories,A,,,13,Z5,,,,,,680520001,CH,,5,6,4800,TU;ST;PLA,ST,0.027,0.026,KG,123,8,105,MM
2609256A49,SET OF SANDING PAPERS123 105 8 mm 0 103,A,3165140614658,32.35,ZAR,Bosch,74,Accessories,A,,,86,Z5,,,,,,680520001,CH,,5,5,5120,TU;ST;PLA,ST,0.030,0.028,KG,123,8,105,MM
2609256A50,SET OF SANDING PAPERS,A,3165140614665,32.35,ZAR,Bosch,74,Accessories,A,,,36,Z5,,,,,,680520001,CH,,5,5,5120,TU;ST;PLA,ST,0.025,0.018,KG,122,10,105,MM
2609256A51,SET OF SANDING PAPERS,A,3165140614672,32.35,ZAR,Bosch,74,Accessories,A,,,45,Z5,,,,,,680520001,CH,,5,5,5120,TU;ST;PLA,ST,0.023,0.023,KG,119,12,103,MM
2609256A61,SET OF SANDING PAPERS,A,3165140614771,62.61,ZAR,Bosch,74,Accessories,A,,,186,Z5,,,,,,680530006,CH,,5,10,1600,TU;ST;PLA,ST,0.096,0.091,KG,185,18,120,MM
2609256A63,SET OF SANDING PAPERS,A,3165140614795,62.61,ZAR,Bosch,74,Accessories,A,,,200,Z5,,,,,,680520001,CH,,5,10,1600,TU;ST;PLA,ST,0.069,0.065,KG,121,16,188,MM
2609256A64,SET OF SANDING PAPERS,A,3165140614801,62.61,ZAR,Bosch,74,Accessories,A,,,185,Z5,,,,,,680520001,CH,,5,10,1600,TU;ST;PLA,ST,0.059,0.056,KG,188,18,121,MM
2609256A65,SET OF SANDING PAPERS,A,3165140614818,62.61,ZAR,Bosch,74,Accessories,A,,,152,Z5,,,,,,680520001,CH,,5,10,1600,TU;ST;PLA,ST,0.056,0.053,KG,121,16,188,MM
2609256A67,10Pcs Psm Sanding Sheets (Mixed Grit),A,3165140614832,62.61,ZAR,Bosch,74,Accessories,A,,,15,Z5,,,,,,680530006,CH,,5,10,1680,TU;ST;PLA,ST,0.075,0.070,KG,188,16,121,MM
2609256A68,Sanding Sheet 95X135 Mm  G40  B&D Mouse,A,3165140614849,56.87,ZAR,Bosch,74,Accessories,A,,,135,Z5,,,,,,680530006,CH,,5,5,1440,TU;ST;PLA,ST,0.062,0.058,KG,205,12,122,MM
2609256A69,Sanding Sheet 95X135 Mm  G80  B&D Mouse,A,3165140614856,56.87,ZAR,Bosch,74,Accessories,A,,,129,Z5,,,,,,680530006,CH,,5,5,1520,TU;ST;PLA,ST,0.049,0.047,KG,201,9,121,MM
2609256A70,Sanding Sheet 95X135 Mm  G120  B&D Mouse,A,3165140614863,56.87,ZAR,Bosch,74,Accessories,A,,,135,Z5,,,,,,680530006,CH,,5,5,1520,TU;ST;PLA,ST,0.042,0.040,KG,210,16,121,MM
2609256A71,Sanding Sheet 95X135 Mm  G180  B&D Mouse,A,3165140614870,56.87,ZAR,Bosch,74,Accessories,A,,,126,Z5,,,,,,680520001,CH,,5,5,1520,TU;ST;PLA,ST,0.041,0.039,KG,210,16,121,MM
2609256A72,Sanding Sheet 95X135 Mm  Mixed B&D Mouse,A,3165140614887,56.87,ZAR,Bosch,74,Accessories,A,,,3,Z5,,,,,,680530006,CH,,5,6,1520,TU;ST;PLA,ST,0.048,0.046,KG,202,10,120,MM
2609256A95,SET OF SANDING PAPERS,A,3165140615112,56.87,ZAR,Bosch,74,Accessories,A,,,96,Z5,,,,,,680520001,CH,,5,10,1280,TU;ST;PLA,ST,0.117,0.114,KG,258,17,103,MM
2609256A96,SET OF SANDING PAPERS,A,3165140615129,56.87,ZAR,Bosch,74,Accessories,A,,,85,Z5,,,,,,680520001,CH,,5,10,1280,TU;ST;PLA,ST,0.101,0.096,KG,260,15,105,MM
2609256A97,SET OF SANDING PAPERS,A,3165140615136,56.87,ZAR,Bosch,74,Accessories,A,,,84,Z5,,,,,,680520001,CH,,5,10,1280,TU;ST;PLA,ST,0.087,0.083,KG,260,16,105,MM
2609256A98,SET OF SANDING PAPERS,A,3165140615143,56.87,ZAR,Bosch,74,Accessories,A,,,80,Z5,,,,,,680520001,CH,,5,10,1280,TU;ST;PLA,ST,0.089,0.086,KG,259,19,105,MM
2609256B03,SET OF SANDING PAPERS,A,3165140615198,56.87,ZAR,Bosch,74,Accessories,A,,,7,Z5,,,,,,680520001,CH,,5,10,1280,TU;ST;PLA,ST,0.111,0.100,KG,257,19,106,MM
2609256B04,SET OF SANDING PAPERS,A,3165140615204,56.87,ZAR,Bosch,74,Accessories,A,,,9,Z5,,,,,,680520001,CH,,5,10,1280,TU;ST;PLA,ST,0.094,0.086,KG,260,15,105,MM
2609256B48,sanding sheets d 125 mm,A,3165140616942,34.96,ZAR,Bosch,74,Accessories,A,,,186,Z5,,,,,,680520001,CH,,5,5,2880,TU;ST;PLA,ST,0.071,0.067,KG,151,12,134,MM
2609256B50,sanding sheets d 125 mm,A,3165140616966,34.96,ZAR,Bosch,74,Accessories,A,,,99,Z5,,,,,,680520001,CH,,5,5,2880,TU;ST;PLA,ST,0.052,0.049,KG,151,12,134,MM
2609256B51,sanding sheets d 125 mm,A,3165140616973,34.96,ZAR,Bosch,74,Accessories,A,,,8,Z5,,,,,,680520001,CH,,5,5,2560,TU;ST;PLA,ST,0.051,0.051,KG,151,10,135,MM
2609256B56,Circular Saw Blade GT WO H 184x20-40,A,3165140622011,206.09,ZAR,Bosch,74,Accessories,A,,,145,Z5,,,,,,820239309,CN,,1,1,800,ST;PAL;LU,ST,0.400,0.380,KG,300,5,265,MM
2609256C82,Circular Saw Blade GP WO H 65x15-12,A,3165140756426,159.13,ZAR,Bosch,74,Accessories,A,,,36,Z5,,,,,,820239309,CN,,1,1,1800,ST;PAL;LU,ST,0.095,0.095,KG,192,19,136,MM
2609256C83,Circular Saw Blade GS MU H 65x15-20,A,3165140756433,185.74,ZAR,Bosch,74,Accessories,A,,,61,Z5,,,,,,820239309,CN,,1,1,1800,ST;PAL;LU,ST,0.095,0.095,KG,197,12,145,MM
2609256D83,NanoBlade Wood Basic 50,C,3165140882125,305.89,ZAR,Bosch,72,Green DIY,A,,,0,Z5,,,,,,820299005,DE,,1,1,1632,ST;PAL;LU,ST,0.040,0.026,KG,179,13,91,MM
2609256D84,NanoBlade Wood Speed 50,C,3165140882132,305.89,ZAR,Bosch,72,Green DIY,A,,,0,Z5,,,,,,820299005,DE,,1,1,1632,ST;PAL;LU,ST,0.040,0.026,KG,179,13,93,MM
2609256D86,NanoBlade Wood Speed 65,C,3165140882156,305.89,ZAR,Bosch,72,Green DIY,A,,,0,Z5,,,,,,820299005,DE,,1,1,1632,ST;PAL;LU,ST,0.040,0.029,KG,180,13,91,MM
2609256F28,Universal adapter,A,3165140912297,56.87,ZAR,Bosch,74,Accessories,A,,,2,Z7,,,,,,850870901,CN,,1,1,1200,ST;PAL;LU,ST,0.065,0.055,KG,240,55,100,MM
2609256F30,Flexible anti-static hose (grey),A,3165140912310,289.04,ZAR,Bosch,74,Accessories,A,,,2,Z5,,,,,,391733002,CN,,1,1,36,ST;PAL;LU,ST,0.738,0.540,KG,340,155,340,MM
2609256F32,Paper dust bag (Pack of 5) for UniVac 15,A,3165140912334,165.91,ZAR,Bosch,74,Accessories,A,,,7,Z5,,,,,,481940001,CN,,1,5,216,ST;PAL;LU,ST,0.320,0.053,KG,250,80,186,MM
2609256F33,Paper dust bag (Pack of 5) for AdvVac 20,A,3165140912341,181.04,ZAR,Bosch,74,Accessories,A,,,57,Z5,,,,,,481940001,CN,,1,5,105,ST;PAL;LU,ST,0.440,0.063,KG,330,90,196,MM
2609256F34,Paper dust bag (Pack of 5) for EasyVac 3,A,3165140912358,97.57,ZAR,Bosch,74,Accessories,A,,,11,Z5,,,,,,481940001,CN,,1,5,576,ST;PAL;LU,ST,0.160,0.022,KG,215,40,160,MM
2609256F35,Cartridge filter,A,3165140912372,123.13,ZAR,Bosch,74,Accessories,A,,,9,Z5,,,,,,842139909,CN,,1,1,144,ST;PAL;LU,ST,0.230,0.186,KG,164,138,160,MM
2609256F41,Pre-filter,A,3165140914499,36.00,ZAR,Bosch,74,Accessories,A,,,5,Z5,,,,,,842139909,CN,,1,1,600,ST;PAL;LU,ST,0.040,0.019,KG,320,66,180,MM
2609256F67,Dust Bag Fleece Bag  4 pieces,A,4059952590042,125.22,ZAR,Bosch,74,Accessories,A,,,7,Z5,,,,,,481940001,CN,,1,4,192,ST;PAL;LU,ST,0.202,0.036,KG,287,41,217,MM
2609256F68,Paper Bag Paper Bag  5 pieces,A,4059952590059,120.00,ZAR,Bosch,74,Accessories,A,,,6,Z5,,,,,,481940001,CN,,1,5,192,ST;PAL;LU,ST,0.223,0.150,KG,288,43,217,MM
2609390576,Bosch Pointed Chisel 10In,C,3165140370936,96.52,ZAR,Bosch,74,Accessories,A,,,0,Z5,,,,,,820790006,IT,,1,1,1800,ST;PAL;LU,ST,0.232,0.232,KG,342,15,43,MM
2609390588,Adapter 3/8" hex arbor,B,3165140698252,56.87,ZAR,Bosch,74,Accessories,A,,,9,Z5,,,,,,846610006,CN,,1,1,2000,ST;PAL;LU,ST,0.100,0.095,KG,166,17,83,MM
26150105JA,DREMEL 105 Engraving Cutter 0.8mm 3pc,A,8710364044764,77.40,ZAR,Dremel,76,Dremel,A,,,80,Z5,,,,,,820790006,DE,,1,,,TU;ST;SA;,ST,0.012,0.012,KG,50,100,10,MM
26150106JA,DREMEL 106 Engraving Cutter 1.6mm 3pc,A,8710364044771,77.40,ZAR,Dremel,76,Dremel,A,,,31,Z5,,,,,,820790006,DE,,1,,,TU;ST;PLA,ST,0.011,0.011,KG,50,100,10,MM
26150107JA,DREMEL 107 Engraving Cutter 2.4mm 3pc,A,8710364044788,77.40,ZAR,Dremel,76,Dremel,A,,,2,Z5,,,,,,820790006,DE,,1,,,TU;ST;SA;,ST,0.012,0.012,KG,50,100,10,MM
26150108JA,DREMEL 108 Engraving Cutter 0.8mm 3pc,C,8710364044795,77.40,ZAR,Dremel,76,Dremel,A,,,0,Z5,,,,,,820790006,DE,,1,,,TU;ST;PLA,ST,0.011,0.010,KG,50,100,10,MM
26150113JA,DREMEL 113 Engraving Cutter 1.6mm 3pc,A,8710364044825,77.40,ZAR,Dremel,76,Dremel,A,,,27,Z5,,,,,,820790006,DE,,1,,,TU;ST;PLA,ST,0.011,0.010,KG,50,100,10,MM
26150114JA,DREMEL 114 High Speed Cutter 7.8mm 2pc,A,8710364044702,77.40,ZAR,Dremel,76,Dremel,A,,,12,Z5,,,,,,820790006,CN,,1,,8400,TU;ST;SA;,ST,0.014,0.013,KG,50,100,16,MM
26150115DM,Dremel Max 7.8mm High Speed Cutter 2pk,A,8710364082797,101.40,ZAR,Dremel,76,Dremel,A,,,66,Z5,,,,,,820790006,CN,,1,2,8400,TU;ST;SA;,ST,0.016,0.015,KG,50,100,16,MM
26150115JA,DREMEL 115 High Speed Cutter 7.8mm 2pc,A,8710364044641,77.40,ZAR,Dremel,76,Dremel,A,,,80,Z5,,,,,,820790006,DE,,1,1,8400,TU;ST;SA;,ST,0.015,0.015,KG,50,100,16,MM
26150117DM,Dremel Max 6.4mm High Speed Cutter 2pk,A,8710364082803,101.40,ZAR,Dremel,76,Dremel,A,,,80,Z5,,,,,,820790006,CN,,1,2,8400,TU;ST;SA;,ST,0.011,0.010,KG,50,100,16,MM
26150117JA,DREMEL 117 High Speed Cutter 6.4mm 2pc,A,8710364044672,77.40,ZAR,Dremel,76,Dremel,A,,,23,Z5,,,,,,820790006,DE,,1,1,8400,TU;ST;SA;,ST,0.012,0.012,KG,50,100,16,MM
26150118JA,DREMEL 118 High Speed Cutter 3.2mm 2pc,A,8710364044689,77.40,ZAR,Dremel,76,Dremel,A,,,4,Z5,,,,,,820790006,DE,,1,1,,TU;ST;PLA,ST,0.012,0.012,KG,50,100,10,MM
26150125JA,DREMEL 125 High Speed Cutter 6.4mm 2pc,A,8710364044696,77.40,ZAR,Dremel,76,Dremel,A,,,44,Z5,,,,,,820790006,DE,,1,1,,TU;ST;PLA,ST,0.011,0.010,KG,50,100,10,MM
26150134JA,DREMEL 134 High Speed Cutter 6.4mm 2pc,A,8710364044719,77.40,ZAR,Dremel,76,Dremel,A,,,68,Z5,,,,,,820790006,DE,,1,1,8400,TU;ST;PLA,ST,0.015,0.014,KG,50,100,16,MM
26150144JA,DREMEL 144 High Speed Cutter 7.8mm 2pc,A,8710364044726,77.40,ZAR,Dremel,76,Dremel,A,,,80,Z5,,,,,,820790006,DE,,1,1,8400,TU;ST;SA;,ST,0.014,0.014,KG,50,100,16,MM
26150192JA,DREMEL 192 High Speed Cutter 4.8mm 2pc,A,8710364044733,77.40,ZAR,Dremel,76,Dremel,A,,,14,Z5,,,,,,820790006,DE,,1,1,,TU;ST;PLA,ST,0.010,0.009,KG,50,100,10,MM
26150193JA,DREMEL 193 High Speed Cutter 2.0mm 2pc,A,8710364044740,77.40,ZAR,Dremel,76,Dremel,A,,,80,Z5,,,,,,820790006,DE,,1,1,,TU;ST;PLA,ST,0.010,0.010,KG,50,100,10,MM
26150194DM,Dremel Max 3.2mm High Speed Cutter 2pk,A,8710364082780,101.40,ZAR,Dremel,76,Dremel,A,,,80,Z5,,,,,,820790006,CN,,1,2,,TU;ST;SA;,ST,0.009,0.009,KG,50,100,10,MM
26150194JA,DDREMEL 194 High Speed Cutter 3.2mm 2pc,A,8710364044658,77.40,ZAR,Dremel,76,Dremel,A,,,36,Z5,,,,,,820790006,DE,,1,1,,TU;ST;SA;,ST,0.009,0.009,KG,50,100,10,MM
26150196JA,DREMEL 196 High Speed Cutter 5.6mm 2pc,A,8710364044665,77.40,ZAR,Dremel,76,Dremel,A,,,80,Z5,,,,,,820790006,DE,,1,1,,TU;ST;SA;,ST,0.012,0.011,KG,50,100,10,MM
26150199JA,DREMEL 199 High Speed Cutter 9.5mm 2pc,A,8710364044757,77.40,ZAR,Dremel,76,Dremel,A,,,58,Z5,,,,,,820790006,CN,,1,1,8400,TU;ST;PLA,ST,0.013,0.012,KG,50,100,16,MM
26150201JA,DREMEL 201 Versatip Soldering Tip,A,8710364039708,137.40,ZAR,Dremel,76,Dremel,A,,,30,Z5,,,,,,851590007,TW,,1,,4500,TU;ST;SA;,ST,0.012,0.009,KG,98,17,50,MM
26150202JA,DREMEL VersaFlame Cutting Knife Tips 2pc,A,8710364049400,107.40,ZAR,Dremel,76,Dremel,A,,,6,Z5,,,,,,820890006,TW,,1,,1500,TU;ST;SA;,ST,0.015,0.013,KG,101,17,50,MM
26150203JA,DREMEL VersaFlame Shaping Knife Tips 2pc,A,8710364049394,107.40,ZAR,Dremel,76,Dremel,A,,,4,Z5,,,,,,820890006,TW,,1,,,TU;ST,ST,0.016,0.015,KG,100,15,50,MM
26150204JA,DREMEL VersaFlame Pyrography Set 4pc,A,8710364057603,252.00,ZAR,Dremel,76,Dremel,A,,,40,Z5,,,,,,820790006,TW,,1,,3000,TU;ST;SA;,ST,0.029,0.028,KG,126,12,84,MM
26150220JB,Dremel Workstation,A,8710364032426,749.40,ZAR,Dremel,76,Dremel,A,,,45,Z5,,,,,,846799909,CN,,1,,48,ST;SA;PAL,ST,2.436,1.950,KG,352,190.5,196.85,MM
26150225JA,DREMEL 225 Flexible Shaft,A,8710364054992,359.40,ZAR,Dremel,76,Dremel,A,,,36,Z5,,,,,,848310000,MX,,1,,252,TU;ST;PAL,ST,0.422,0.372,KG,305,100,100,MM
26150335JA,Dremel Plunge Router Attachment,A,8710364023080,383.40,ZAR,Dremel,76,Dremel,A,,,25,Z5,,,,,,842890904,CN,,1,1,96,ST;PLA;PA,ST,1.143,1.135,KG,132,234.95,152,MM
26150401JA,DREMEL 401 Mandrel Kit 3pc,A,8710364045068,17.40,ZAR,Dremel,76,Dremel,A,,,62,Z5,,,,,,820790006,TW,,1,1,,TU;ST;SA;,ST,0.013,0.013,KG,50,100,10,MM
26150402JA,DREMEL 402 Mandrel 4pc,A,8710364045198,53.40,ZAR,Dremel,76,Dremel,A,,,80,Z5,,,,,,846610006,CN,,1,1,,TU;ST;SA;,ST,0.019,0.018,KG,50,100,10,MM
26150403JA,DREMEL 403 Bristle Brush 19.0mm 2pc,A,8710364070329,29.40,ZAR,Dremel,76,Dremel,A,,,20,Z5,,,,,,960350203,CN,,1,1,6300,TU;ST;PLA,ST,0.016,0.015,KG,50,100,20,MM
26150404JA,DREMEL 404 Bristle Brush 13.0mm 2pc,A,8710364070336,29.40,ZAR,Dremel,76,Dremel,A,,,9,Z5,,,,,,960350203,CN,,1,1,6300,TU;ST;PLA,ST,0.015,0.014,KG,50,100,20,MM
26150405JA,DREMEL 405 Bristle Brush 3.2mm 3pc,A,8710364045082,59.40,ZAR,Dremel,76,Dremel,A,,,7,Z5,,,,,,960350203,CN,,1,1,8400,TU;ST;PLA,ST,0.015,0.014,KG,50,100,16,MM
2615040732,DREMEL 407 Sanding Mandrel & Bands G60,A,8710364007226,23.40,ZAR,Dremel,76,Dremel,A,,,80,Z5,,,,,,680530006,CN,,1,1,6300,TU;ST;PLA,ST,0.014,0.013,KG,50,100,20,MM
2615040832,DREMEL 408 Sanding Band 13mm G60 6pc,A,8710364007233,23.40,ZAR,Dremel,76,Dremel,A,,,80,Z5,,,,,,680530006,MX,,1,,6300,TU;ST;PLA,ST,0.013,0.012,KG,50,100,20,MM
26150408DM,DREMEL MAX Carbide Sanding Drum,A,4053423238716,204.00,ZAR,Dremel,76,Dremel,A,,,15,Z5,,,,,,680422906,US,,1,,8400,TU;ST;PLA,ST,0.015,0.014,KG,50,100,16,MM
2615040932,32mmEL 409 Cut Off Wheel 24mm 36pc,A,8710364007424,72.00,ZAR,Dremel,76,Dremel,A,,,80,Z5,,,,,,680422906,CN,,1,1,4200,TU;ST;PLA,ST,0.035,0.034,KG,50,100,32,MM
2615041432,DREMEL 414 Polishing Wheel 13mm 6pc,A,8710364007141,35.40,ZAR,Dremel,76,Dremel,A,,,46,Z5,,,,,,591190900,CN,,1,,8400,TU;ST;PLA,ST,0.008,0.008,KG,50,100,16,MM
26150416DM,Dremel Diamond Coated Pet Grooming Acc,A,8710364083442,137.40,ZAR,Dremel,76,Dremel,A,,,18,Z5,,,,,,680421004,CN,,1,1,6300,TU;ST;PLA,ST,0.021,0.020,KG,100,22,50,MM
2615042032,DREMEL 420 H/Duty CutOff Wheel 24mm 20pc,A,8710364007431,59.40,ZAR,Dremel,76,Dremel,A,,,80,Z5,,,,,,680422906,CN,,1,1,3000,TU;ST;SA;,ST,0.030,0.028,KG,50,100,32,MM
2615042132,DREMEL 421 Polishing Compound,A,8710364008452,29.40,ZAR,Dremel,76,Dremel,A,,,14,Z5,,,,,,340590907,CN,,1,1,4200,TU;ST;PLA,ST,0.032,0.030,KG,50,100,32,MM
26150422JA,DREMEL 422 Polishing Points 10mm 4pc,A,8710364045051,59.40,ZAR,Dremel,76,Dremel,A,,,9,Z5,,,,,,591190900,CN,,1,1,6300,TU;ST;PLA,ST,0.011,0.010,KG,50,100,20,MM
26150425JA,DREMEL 425 Polishing Wheel 22.5mm 4pc,A,8710364045075,29.40,ZAR,Dremel,76,Dremel,A,,,5,Z5,,,,,,680422906,US,,1,1,8400,TU;ST;PLA,ST,0.013,0.012,KG,50,100,16,MM
2615042632,DREMEL 32mm F/Glass Wheel (5pc) 426,A,8710364007448,66.00,ZAR,Dremel,76,Dremel,A,,,77,Z5,,,,,,680422906,CN,,1,1,8400,TU;ST;SA;,ST,0.016,0.015,KG,50,100,16,MM
26150428JA,DREMEL 428 Carbon Steel Brush 19.0mm 2pc,A,8710364070343,53.40,ZAR,Dremel,76,Dremel,A,,,53,Z5,,,,,,960350203,CN,,1,1,6750,TU;ST;SA;,ST,0.018,0.017,KG,50,100,20,MM
26150429JA,DREMEL 429 Polishing Wheel 26mm 3pc,A,8710364045044,29.40,ZAR,Dremel,76,Dremel,A,,,80,Z5,,,,,,591190900,CN,,1,1,8400,TU;ST;PLA,ST,0.010,0.009,KG,50,100,16,MM
26150430JA,50 430 Sand Mandrel/Band 6.4mm G60 2pc,A,8710364045167,23.40,ZAR,Dremel,76,Dremel,A,,,43,Z5,,,,,,680530006,CN,,1,,8400,TU;ST;PLA,ST,0.013,0.012,KG,50,100,16,MM
2615043132,DREMEL 431 Sanding Band 6.4mm G60 6pc,A,8710364007257,25.20,ZAR,Dremel,76,Dremel,A,,,80,Z5,,,,,,680520001,US,,1,,8400,TU;ST;PLA,ST,0.009,0.009,KG,50,100,16,MM
2615043232,DREMEL 432 Sanding Band 13mm G120 6pc,A,8710364007264,23.40,ZAR,Dremel,76,Dremel,A,,,80,Z5,,,,,,680530006,US,,1,,6300,TU;ST;PLA,ST,0.012,0.011,KG,50,100,20,MM
2615043832,DREMEL 438 Sanding Band 6.4mm G120 6pc,A,8710364007271,23.40,ZAR,Dremel,76,Dremel,A,,,32,Z5,,,,,,680520001,US,,1,,8400,TU;ST;PLA,ST,0.009,0.008,KG,50,100,16,MM
26150442JA,DREMEL 442 Carbon Steel Brush 13mm 2pc,A,8710364070350,53.40,ZAR,Dremel,76,Dremel,A,,,30,Z5,,,,,,960350203,CN,,1,1,6300,TU;ST;SA;,ST,0.019,0.018,KG,50,100,20,MM
26150443JA,DREMEL 443 Carbon Steel Brush 3.2mm 3pc,A,8710364045099,83.40,ZAR,Dremel,76,Dremel,A,,,6,Z5,,,,,,960350203,CN,,1,1,,TU;ST;PLA,ST,0.016,0.015,KG,50,100,10,MM
26150453JA,DREMEL 453 Grinding Stone 4.0mm 3pc,A,8710364044986,47.40,ZAR,Dremel,76,Dremel,A,,,18,Z5,,,,,,680422906,TW,,1,1,,TU;ST;PLA,ST,0.012,0.011,KG,50,100,10,MM
26150454JA,DREMEL 454 Grinding Stone 4.8mm 3pc,A,8710364044993,53.40,ZAR,Dremel,76,Dremel,A,,,63,Z5,,,,,,680422906,TW,,1,1,,TU;ST;PLA,ST,0.016,0.015,KG,50,100,10,MM
26150455JA,DREMEL 455 Grinding Stone 5.6mm 3pc,A,8710364045006,53.40,ZAR,Dremel,76,Dremel,A,,,44,Z5,,,,,,680422906,TW,,1,1,,TU;ST;PLA,ST,0.016,0.015,KG,50,100,10,MM
26150457JA,DREMEL 457 Grinding Stone 4.5mm 3pc,A,8710364045013,53.40,ZAR,Dremel,76,Dremel,A,,,3,Z5,,,,,,680422906,TW,,1,1,,TU;ST;PLA,ST,0.015,0.014,KG,50,100,10,MM
2615050232,DREMEL 502 Flap Wheel 9.5mm G80,A,8710364015252,72.00,ZAR,Dremel,76,Dremel,A,,,80,Z5,,,,,,680520001,IT,,1,1,4200,TU;ST;PLA,ST,0.019,0.019,KG,50,100,32,MM
2615050432,DREMEL 504 Flap Wheel 4.8mm G80,A,8710364015269,72.00,ZAR,Dremel,76,Dremel,A,,,73,Z5,,,,,,680530006,IT,,1,1,4200,TU;ST;PLA,ST,0.016,0.015,KG,50,100,32,MM
2615052065,DREMEL 520 Impr Polishing Wheel 13.2mm,A,8710364023035,35.40,ZAR,Dremel,76,Dremel,A,,,14,Z5,,,,,,680530006,US,,1,1,6300,TU;ST;PLA,ST,0.012,0.012,KG,50,100,20,MM
26150530JA,DREMEL 530 S/Steel Brush 19.0mm 2pc,A,8710364070367,66.00,ZAR,Dremel,76,Dremel,A,,,15,Z5,,,,,,960350203,CN,,1,1,4200,TU;ST;SA;,ST,0.016,0.015,KG,50,100,32,MM
26150531JA,DREMEL 531 S/Steel Brush 13.0mm 2pc,A,8710364070374,66.00,ZAR,Dremel,76,Dremel,A,,,24,Z5,,,,,,960350203,CN,,1,1,6300,TU;ST;PLA,ST,0.018,0.017,KG,50,100,20,MM
26150532JA,DREMEL 532 S/Steel Brush 3.2mm 3pc,A,8710364045105,83.40,ZAR,Dremel,76,Dremel,A,,,15,Z5,,,,,,960350203,VARIOUS,,1,1,,TU;ST;PLA,ST,0.016,0.016,KG,50,100,10,MM
26150535JA,DREMEL 535 Brass Brush 19mm 2pc,A,8710364070381,72.00,ZAR,Dremel,76,Dremel,A,,,18,Z5,,,,,,960350203,CN,,1,1,6300,TU;ST;PLA,ST,0.018,0.017,KG,50,100,20,MM
26150536JA,DREMEL 536 Brass Brush 13.0mm 2pc,A,8710364070398,72.00,ZAR,Dremel,76,Dremel,A,,,20,Z5,,,,,,960350203,CN,,1,1,6300,TU;ST;PLA,ST,0.019,0.018,KG,50,100,20,MM
26150537JA,DREMEL 537 Brass Brush 3.2mm 2pc,A,8710364045112,83.40,ZAR,Dremel,76,Dremel,A,,,14,Z5,,,,,,960350203,CN,,1,1,,TU;ST;PLA,ST,0.017,0.016,KG,50,100,10,MM
26150538JA,DREMEL 538 Abrasive Brush 26mm,A,8710364023066,83.40,ZAR,Dremel,76,Dremel,A,,,54,Z5,,,,,,960350203,CN,,1,1,4200,TU;ST;PLA,ST,0.014,0.013,KG,50,100,32,MM
2615054032,DREMEL 540 Cut Off Wheel 32mm 5pc,A,8710364010516,41.40,ZAR,Dremel,76,Dremel,A,,,80,Z5,,,,,,680422906,CN,,1,1,8400,TU;ST;SA;,ST,0.020,0.019,KG,50,100,16,MM
2615054265,DREMEL 542 Cutting/Shaping Wheel 25.4mm,A,8710364017119,221.40,ZAR,Dremel,76,Dremel,A,,,61,Z5,,,,,,680422906,US,,1,1,4200,TU;ST;PLA,ST,0.014,0.013,KG,50,100,32,MM
26150546JB,DREMEL 546 Cross-Cut Blade 31.8mm 2pc,A,8710364045143,72.00,ZAR,Dremel,76,Dremel,A,,,80,Z5,,,,,,820231007,CH,,1,1,8400,TU;ST;PLA,ST,0.009,0.008,KG,50,100,16,MM
26150550JB,Dremel Comfort Guard Attachment,A,8710364083008,167.40,ZAR,Dremel,76,Dremel,A,,,26,Z5,,,,,,846799909,CN,,1,1,864,ST;PLA;PA,ST,0.048,0.048,KG,150,43,90,MM
26150560JA,DREMEL 560 drywall spiral cutting bit,A,8710364061990,59.40,ZAR,Dremel,76,Dremel,A,,,21,Z5,,,,,,820750008,US,,1,1,5850,TU;ST;PLA,ST,0.015,0.014,KG,100,10,50,MM
26150561JA,DREMEL 561 Spiral Cutting Bits 3pc,A,8710364045150,83.40,ZAR,Dremel,76,Dremel,A,,,53,Z5,,,,,,820750008,CN,,1,1,,TU;ST;PLA,ST,0.014,0.014,KG,50,100,10,MM
2615056232,DREMEL 562 Tile Spiral Cutting Bit,A,8710364010608,113.40,ZAR,Dremel,76,Dremel,A,,,48,Z5,,,,,,820790006,US,,1,1,,TU;ST;PLA,ST,0.011,0.011,KG,50,100,10,MM
26150565JB,Dremel Multi-Purpose Cutting Kit (565),A,8710364082407,149.40,ZAR,Dremel,76,Dremel,A,,,32,Z5,,,,,,820770902,TW,,1,1,768,ST;SA;PLA,ST,0.072,0.031,KG,149,63,90,MM
26150566JB,Dremel Ceramic Tile Cutting Attach (566),A,8710364082421,161.40,ZAR,Dremel,76,Dremel,A,,,15,Z5,,,,,,820770902,TW,,1,1,768,ST;PLA;PA,ST,0.069,0.031,KG,150,63,90,MM
26150568JB,Dremel Grout Removal Kit (568),A,8710364082414,191.40,ZAR,Dremel,76,Dremel,A,,,25,Z5,,,,,,820790006,TW,,1,1,768,ST;PLA;PA,ST,0.080,0.049,KG,149,63,93,MM
2615056932,DREMEL 569 Grout Removal Bit 1.6mm,A,8710364014125,126.00,ZAR,Dremel,76,Dremel,A,,,13,Z5,,,,,,820790006,US,,1,1,8400,TU;ST;PLA,ST,0.015,0.014,KG,50,100,16,MM
2615057032,DREMEL 570 Grout Removal Bit 3.2mm,A,8710364016624,126.00,ZAR,Dremel,76,Dremel,A,,,9,Z5,,,,,,820790006,US,,1,1,8400,TU;ST;PLA,ST,0.014,0.014,KG,50,100,16,MM
26150575JB,Dremel Right Angle Attachment (575),A,8710364082391,323.40,ZAR,Dremel,76,Dremel,A,,,26,Z5,,,,,,848340004,MX,,1,1,1152,ST;PLA;PA,ST,0.112,0.084,KG,149,43,90,MM
26150576JB,Dremel Shaping Platform (576),A,8710364082377,95.40,ZAR,Dremel,76,Dremel,A,,,64,Z5,,,,,,846799909,TW,,1,1,1152,ST;PLA;PA,ST,0.067,0.035,KG,149,43,90,MM
26150577JB,Dremel Detailers Grip Attachment (577),A,8710364082360,95.40,ZAR,Dremel,76,Dremel,A,,,27,Z5,,,,,,846799909,CN,,1,1,1152,ST;PLA;PA,ST,0.067,0.039,KG,150,43,90,MM
2615061232,DREMEL 612 Router Bit 9.5mm,A,8710364008254,77.40,ZAR,Dremel,76,Dremel,A,,,80,Z5,,,,,,820790006,CN,,1,1,,TU;ST;PLA,ST,0.008,0.008,KG,50,100,10,MM
2615061532,DREMEL 615 Router Bit (HSS) 9.5mm,A,8710364008285,77.40,ZAR,Dremel,76,Dremel,A,,,49,Z5,,,,,,820790006,CN,,1,1,,TU;ST;PLA,ST,0.008,0.008,KG,50,100,10,MM
2615062832,DREMEL 628 Precision Drill Bit Set (7pc),A,8710364009381,59.40,ZAR,Dremel,76,Dremel,A,,,80,Z5,,,,,,820750008,CN,,1,1,,TU;ST;SA;,ST,0.026,0.026,KG,50,100,10,MM
26150628DM,Dremel MAX 7pc Drill Bit Set,A,8710364083459,119.40,ZAR,Dremel,76,Dremel,A,,,15,Z5,,,,,,820750008,CN,,1,1,6300,TU;ST;PLA,ST,0.110,0.029,KG,100,22,50,MM
26150636JA,DREMEL 636 Wood Drill Bit Set (4pcs),A,8710364026289,59.40,ZAR,Dremel,76,Dremel,A,,,80,Z5,,,,,,820750008,CN,,1,1,5760,TU;ST;SA;,ST,0.029,0.029,KG,138,16,70,MM
2615064032,DREMEL 640 Router Bit (HSS) 9.5mm,A,8710364008308,77.40,ZAR,Dremel,76,Dremel,A,,,80,Z5,,,,,,820790006,CN,,1,1,8400,TU;ST;PLA,ST,0.008,0.007,KG,50,100,16,MM
2615065032,DREMEL 650 Router Bit (HSS) 3.2mm,A,8710364007417,77.40,ZAR,Dremel,76,Dremel,A,,,80,Z5,,,,,,820790006,CN,,1,1,,TU;ST;PLA,ST,0.008,0.008,KG,50,100,10,MM
2615065232,DREMEL 652 Router Bit (HSS) 4.8mm,A,8710364008315,77.40,ZAR,Dremel,76,Dremel,A,,,80,Z5,,,,,,820790006,CN,,1,1,,TU;ST;PLA,ST,0.007,0.007,KG,50,100,10,MM
2615065432,DREMEL 654 Router Bit (HSS) 6.4mm,A,8710364008322,77.40,ZAR,Dremel,76,Dremel,A,,,56,Z5,,,,,,820790006,CN,,1,1,,TU;ST;PLA,ST,0.009,0.008,KG,50,100,10,MM
26150655JA,DREMEL 655 Router Bit (HSS) 8.0mm,A,8710364023042,77.40,ZAR,Dremel,76,Dremel,A,,,80,Z5,,,,,,820790006,CN,,1,1,,TU;ST;PLA,ST,0.008,0.007,KG,50,100,16,MM
26150660JA,DREMEL 7 Piece Router Bit Set,A,8710364069972,539.40,ZAR,Dremel,76,Dremel,A,,,8,Z5,,,,,,820790006,CN,,1,,1650,ST;SA;PAL,ST,0.073,0.072,KG,150,25,95,MM
26150662JB,Glass Drill DREMEL ACCESSORY 786,A,8710364080380,155.40,ZAR,Dremel,76,Dremel,A,,,9,Z5,,,,,,680421004,CN,,1,1,,TU;ST;PLA,ST,0.009,0.008,KG,50,100,10,MM
26150663JB,Glass Drill DREMEL ACCESSORY 787,A,8710364080397,221.40,ZAR,Dremel,76,Dremel,A,,,3,Z5,,,,,,820750008,CN,,1,1,,TU;ST;PLA,ST,0.008,0.008,KG,50,100,10,MM
26150670JD,Dremel Mini Saw Attachment (670),A,8710364082384,323.40,ZAR,Dremel,76,Dremel,A,,,10,Z5,,,,,,820239903,MX,,1,1,768,ST;SA;PLA,ST,0.180,0.055,KG,150,61,93,MM
26150678JB,Dremel Line & Circle Cutter (678),A,8710364081899,161.40,ZAR,Dremel,76,Dremel,A,,,14,Z5,,,,,,846610006,CN,,1,1,756,ST;SA;PLA,ST,0.190,0.160,KG,183,43,90,MM
26150684JA,DREMEL 684 Cleaning / Polishing set,A,8710364029099,233.40,ZAR,Dremel,76,Dremel,A,,,53,Z5,,,,,,960350904,CN,,1,,576,TU;ST;SA;,ST,0.170,0.170,KG,170,40,145,MM
26150687JA,DREMEL 687 Multi-Purpose Accessory Set,A,8710364029105,233.40,ZAR,Dremel,76,Dremel,A,,,35,Z5,,,,,,680422906,CN,,1,1,576,TU;ST;SA;,ST,0.180,0.180,KG,175,40,147,MM
26150688JA,DREMEL 688 Cutting Accessory Set,A,8710364029112,233.40,ZAR,Dremel,76,Dremel,A,,,42,Z5,,,,,,680422906,CN,,1,1,576,TU;ST;PAL,ST,0.190,0.180,KG,176,40,150,MM
26150770JA,Dremel 6.4mm Sanding 50pc Pack,A,4059952729442,209.40,ZAR,Dremel,76,Dremel,A,,,18,Z5,,,,,,680510007,VARIOUS,,1,48,704,ST;PLA;PA,ST,0.077,0.073,KG,150,60,100,MM
26150771JA,Dremel 12.8mm Sanding 50pc Pack,A,4059952729435,209.40,ZAR,Dremel,76,Dremel,A,,,18,Z5,,,,,,680510007,VARIOUS,,1,48,704,ST;PLA;PA,ST,0.096,0.091,KG,150,60,100,MM
26150880JA,Dremel 12V 2Ah Li-Ion Batt (for 8220),A,8710364080151,575.40,ZAR,Dremel,76,Dremel,A,,,18,Z5,,,,,,850760008,MY,3480,1,1,1200,ST;PAL;LU,ST,0.188,0.173,KG,123,60,52,MM
26150932JA,DREMEL 932 Grinding Stone 9.5mm  3pc,A,8710364044887,35.40,ZAR,Dremel,76,Dremel,A,,,42,Z5,,,,,,680422906,TW,,1,1,8400,TU;ST;SA;,ST,0.019,0.018,KG,50,100,16,MM
26150952JA,DREMEL 952 Grinding Stone 9.5mm 3pc,A,8710364044894,35.40,ZAR,Dremel,76,Dremel,A,,,80,Z5,,,,,,680422906,TW,,1,1,8400,TU;ST;SA;,ST,0.019,0.018,KG,50,100,16,MM
26150953JA,DREMEL 953 Grinding Stone 6.4mm 3pc,A,8710364044900,35.40,ZAR,Dremel,76,Dremel,A,,,56,Z5,,,,,,680422906,TW,,1,1,,TU;ST;SA;,ST,0.014,0.013,KG,50,100,10,MM
26150997JA,DREMEL 997 Grinding Stone 3.4mm 3pc,A,8710364044924,35.40,ZAR,Dremel,76,Dremel,A,,,22,Z5,,,,,,680422906,TW,,1,1,,TU;ST;PLA,ST,0.011,0.011,KG,50,100,10,MM
261512V3JA,Dremel 12V 3Ah Li-Ion Batt (8240/50/60),A,8710364082957,575.40,ZAR,Dremel,76,Dremel,A,,,2,Z5,,,,,,850760008,MY,3480,1,1,288,TU;ST;PLA,ST,0.204,0.185,KG,126,52,61,MM
26151453JB,Dremel Chainsaw Sharpening Attach (1453),A,8710364082353,161.40,ZAR,Dremel,76,Dremel,A,,,34,Z5,,,,,,680422906,MX,,1,1,1152,ST;PLA;PA,ST,0.094,0.090,KG,150,40,90,MM
2615222232,DREMEL 2222 Flex-Shaft Tool Holder,A,8710364016822,215.99,ZAR,Dremel,76,Dremel,A,,,14,Z5,,,,,,846799909,CN,,1,1,128,TU;ST;PAL,ST,0.729,0.710,KG,410,100,100,MM
26152500JA,DREMEL 2500 MultiVise,A,8710364037544,581.40,ZAR,Dremel,76,Dremel,A,,,23,Z5,,,,,,820570905,TW,,1,,80,TU;ST;PAL,ST,1.569,1.565,KG,348,113,207,MM
26153322JA,DREMEL 3322 Grinding Stone 3.2mm 3pc,A,8710364044948,53.40,ZAR,Dremel,76,Dremel,A,,,7,Z5,,,,,,680422906,TW,,1,1,,TU;ST;SA;,ST,0.011,0.010,KG,50,100,10,MM
2615448532,DREMEL 4485 Collet Nut Kit 3.2mm,A,8710364007592,89.40,ZAR,Dremel,76,Dremel,A,,,80,Z5,,,,,,846610006,MX,,1,1,8400,TU;ST;SA;,ST,0.013,0.013,KG,50,100,16,MM
2615448632,Dremel 4486 keyless chuck,A,8710364012978,95.40,ZAR,Dremel,76,Dremel,A,,,80,Z5,,,,,,846610006,DE,,1,1,6300,TU;ST;PLA,ST,0.022,0.021,KG,50,100,20,MM
26154922JA,DREMEL 4922 Grinding Stone 4.8mm 3pc,A,8710364044955,53.40,ZAR,Dremel,76,Dremel,A,,,15,Z5,,,,,,680422906,TW,,1,,,TU;ST;PLA,ST,0.014,0.014,KG,50,100,10,MM
2615542232,Dr 85422 Silicon Grinding Stone 19.8mm,A,8710364016853,23.40,ZAR,Dremel,76,Dremel,A,,,9,Z5,,,,,,680422906,TW,,1,1,4200,TU;ST;PLA,ST,0.011,0.010,KG,50,100,32,MM
26157103JA,DREMEL 7103 Diamond Point 2.0mm 2pc,A,8710364044832,77.40,ZAR,Dremel,76,Dremel,A,,,80,Z5,,,,,,820790006,IL,,1,1,,TU;ST;SA;,ST,0.011,0.010,KG,50,100,10,MM
26157105JA,DREMEL 7105 Diamond Point 4.4mm 2pc,A,8710364044849,77.40,ZAR,Dremel,76,Dremel,A,,,13,Z5,,,,,,820790006,IL,,1,1,,TU;ST;SA;,ST,0.012,0.011,KG,50,100,10,MM
26157122JA,DREMEL 7122 Diamond Point 2.4mm 2pc,A,8710364044856,77.40,ZAR,Dremel,76,Dremel,A,,,39,Z5,,,,,,820790006,IL,,1,1,,TU;ST;PLA,ST,0.010,0.010,KG,50,100,10,MM
26157134JA,DREMEL 7134 Diamond Point 2.0mm 2pc,C,8710364044863,77.40,ZAR,Dremel,76,Dremel,A,,,0,Z5,,,,,,820790006,IL,,1,1,,TU;ST;SA;,ST,0.009,0.009,KG,50,100,10,MM
26157144JA,DREMEL 7144 Diamond Point 2.4mm 2pc,A,8710364044870,77.40,ZAR,Dremel,76,Dremel,A,,,22,Z5,,,,,,820790006,IL,,1,1,,TU;ST;SA;,ST,0.011,0.010,KG,50,100,10,MM
26158153JA,DREMEL 8153 Grinding Stone 4.8mm 3pc,A,8710364044931,35.40,ZAR,Dremel,76,Dremel,A,,,41,Z5,,,,,,680422906,TW,,1,1,,TU;ST;PLA,ST,0.013,0.012,KG,50,100,10,MM
26158193JA,DREMEL 8193 Grinding Stone 15.9mm 2pc,A,8710364044917,35.40,ZAR,Dremel,76,Dremel,A,,,80,Z5,,,,,,680422906,TW,,1,1,6300,TU;ST;SA;,ST,0.022,0.020,KG,50,100,20,MM
2615821532,DREMEL 8215 Grinding Stone 25.4mm,A,8710364008148,17.40,ZAR,Dremel,76,Dremel,A,,,28,Z5,,,,,,680422906,TW,,1,1,4200,TU;ST;PLA,ST,0.014,0.013,KG,50,100,32,MM
2615990132,DREMEL 9901 Cutter  Square Tip,A,8710364008605,101.40,ZAR,Dremel,76,Dremel,A,,,80,Z5,,,,,,820790006,US,,1,1,,TU;ST;PLA,ST,0.010,0.010,KG,50,100,10,MM
26159901DM,Dremel Max 3.2mm Cutter Square Tip,A,8710364082766,101.40,ZAR,Dremel,76,Dremel,A,,,9,Z5,,,,,,820790006,CN,,1,1,,TU;ST;PLA,ST,0.009,0.008,KG,50,100,10,MM
2615990332,DREMEL 9903 Tungsten Cutter 3.2mm,A,8710364008629,101.40,ZAR,Dremel,76,Dremel,A,,,80,Z5,,,,,,820790006,US,,1,1,,TU;ST;PLA,ST,0.010,0.010,KG,50,100,10,MM
26159903DM,Dremel Max 3.2mm Cutter Pointed Tip,A,8710364082773,101.40,ZAR,Dremel,76,Dremel,A,,,51,Z5,,,,,,820790006,US,,1,1,,TU;ST;PLA,ST,0.009,0.008,KG,50,100,10,MM
2615990532,DREMEL 9905 Tungsten Cutter 3.2mm,A,8710364008643,101.40,ZAR,Dremel,76,Dremel,A,,,69,Z5,,,,,,820790006,US,,1,1,,TU;ST;PLA,ST,0.009,0.008,KG,50,100,10,MM
2615991032,DREMEL 9910 Tungsten Cutter 3.2mm,A,8710364008674,101.40,ZAR,Dremel,76,Dremel,A,,,22,Z5,,,,,,820790006,US,,1,1,,TU;ST;PLA,ST,0.010,0.010,KG,50,100,10,MM
2615991132,DREMEL 9911 Tungsten Cutter 3.2mm,A,8710364008681,101.40,ZAR,Dremel,76,Dremel,A,,,8,Z5,,,,,,820790006,US,,1,1,,TU;ST;PLA,ST,0.009,0.008,KG,50,100,10,MM
26159924JA,Dremel 9924 engraver tip (3pcs),A,8710364039692,59.40,ZAR,Dremel,76,Dremel,A,,,80,Z5,,,,,,820790006,CN,,1,,4800,TU;ST;SA;,ST,0.009,0.005,KG,97,14,50,MM
26159929JA,DREMEL Engraver Diamond Tip,A,8710364042906,203.40,ZAR,Dremel,76,Dremel,A,,,80,Z5,,,,,,820790006,US,,1,1,8400,TU;ST;PAL,ST,0.008,0.008,KG,103,23,52,MM
2615993432,DRL 9934 Structured Tooth Cutter 7.8mm,C,8710364008575,299.40,ZAR,Dremel,76,Dremel,A,,,0,Z5,,,,,,820790006,US,,1,1,,TU;ST;PLA,ST,0.009,0.009,KG,130,52,70,MM
2615993632,DR 9936 Structured Tooth Cutter 19.0mm,A,8710364008599,299.40,ZAR,Dremel,76,Dremel,A,,,49,Z5,,,,,,820790006,US,,1,1,4200,TU;ST;PLA,ST,0.021,0.020,KG,50,100,32,MM
26159951DM,Dremel Max 9.0mm Ball Power Carving 9951,A,8710364083251,209.40,ZAR,Dremel,76,Dremel,A,,,8,Z5,,,,,,820790006,CN,,1,1,,TU;ST;PLA,ST,0.009,0.008,KG,50,100,10,MM
26159952DM,Dremel Max 6.4mm Taper Carving 9952,A,8710364083268,221.40,ZAR,Dremel,76,Dremel,A,,,12,Z5,,,,,,820790006,CN,,1,1,,TU;ST;PLA,ST,0.009,0.008,KG,50,100,10,MM
26159953DM,Dremel Max 9.5mm Flame Carving 9953,A,8710364083275,227.40,ZAR,Dremel,76,Dremel,A,,,44,Z5,,,,,,820790006,CN,,1,1,,TU;ST;PLA,ST,0.010,0.010,KG,50,100,10,MM
26159954DM,Dremel Max 7.9mm Nose Carving 9954,A,8710364083282,233.40,ZAR,Dremel,76,Dremel,A,,,20,Z5,,,,,,820790006,CN,,1,1,,TU;ST;PLA,ST,0.010,0.009,KG,50,100,10,MM
2615E725JA,70pc EZ SpeedClic Acc Set,A,8710364072842,659.40,ZAR,Dremel,76,Dremel,A,,,9,Z5,,,,,,680422906,CN,,1,1,360,ST;SA;PAL,ST,0.395,0.395,KG,230,46,190,MM
2615GG01JA,12pk 7mm Hi Temp Glue stick,A,8710364052424,59.40,ZAR,Dremel,76,Dremel,A,,,62,Z5,,,,,,350610000,DE,,1,,2304,TU;ST;PAL,ST,0.065,0.060,KG,180,20,79,MM
2615GG05JA,12pk 7mm Coloured Glue stick,A,8710364052462,72.00,ZAR,Dremel,76,Dremel,A,,,6,Z5,,,,,,350610000,DE,,1,,1536,TU;ST;PAL,ST,0.062,0.060,KG,181,19,78,MM
2615GG11JA,DREMEL Hi Temp Glue Sticks 11mm12pc,A,8710364052479,72.00,ZAR,Dremel,76,Dremel,A,,,17,Z5,,,,,,350610000,TW,,1,,1440,TU;ST;PAL,ST,0.140,0.135,KG,180,25,115,MM
2615GG40JA,Dremel Glue Pad,A,8710364054220,101.40,ZAR,Dremel,76,Dremel,A,,,5,Z7,,,,,,401699901,TW,,1,,1152,TU;ST;PAL,ST,0.097,0.097,KG,245,38,63,MM
2615MS50JA,DR Motosaw Side Wood Blades 5pc,A,8710364062812,95.40,ZAR,Dremel,76,Dremel,A,,,6,Z5,,,,,,820299005,CN,,1,,4800,TU;ST;SA;,ST,0.010,0.001,KG,158,7,65,MM
2615MS51JA,Dremel MS51 wood/plastic blades 5pc,A,8710364062829,95.40,ZAR,Dremel,76,Dremel,A,,,58,Z5,,,,,,820299005,CN,,1,,3200,TU;ST;SA;,ST,0.014,0.014,KG,161,8,66,MM
2615MS52JA,Dremel MS52 wood blades 5pc,A,8710364062836,95.40,ZAR,Dremel,76,Dremel,A,,,80,Z5,,,,,,820299005,CN,,1,,3200,TU;ST;PAL,ST,0.009,0.007,KG,160,6,65,MM
2615MS53JA,Dremel MS53 metal blades 5pc,A,8710364062843,95.40,ZAR,Dremel,76,Dremel,A,,,18,Z5,,,,,,820291004,CN,,1,,1600,TU;ST;SA;,ST,0.007,0.007,KG,160,6,65,MM
2615P361JA,DremelVersaHeavy Duty Pad (3pk),A,8710364081660,107.40,ZAR,Dremel,76,Dremel,A,,,2,Z5,,,,,,680530006,GB,,1,1,1680,ST;PLA;PA,ST,0.033,0.033,KG,81,44,80,MM
2615P362JA,Dremel Versa Foam Pad (3pk),A,8710364081677,107.40,ZAR,Dremel,76,Dremel,A,,,5,Z5,,,,,,392690905,TW,,1,1,1680,ST;PLA;PA,ST,0.030,0.020,KG,105,50,80,MM
2615P363JA,Dremel Versa Non Scratch Pad (3pk),A,8710364081684,107.40,ZAR,Dremel,76,Dremel,A,,,4,Z5,,,,,,392690905,CN,,1,1,1680,ST;PAL;LU,ST,0.028,0.026,KG,81,46,80,MM
2615P364JA,Dremel Versa Bristle Brush,A,8710364081691,107.40,ZAR,Dremel,76,Dremel,A,,,21,Z5,,,,,,960390902,GB,,1,,1680,ST;PLA;PA,ST,0.047,0.047,KG,81,43,80,MM
2615P365JA,Dremel Versa Pads Variety Pack (3pk),A,8710364081707,107.40,ZAR,Dremel,76,Dremel,A,,,2,Z5,,,,,,680530006,TW,,1,1,1680,ST;PLA;PA,ST,0.030,0.030,KG,105,50,80,MM
2615PG10AC,DREMEL SC Pet Nail Grooming Acc Kit,A,8710364080526,119.40,ZAR,Dremel,76,Dremel,A,,,7,Z5,,,,,,680520001,TW,,1,,8400,TU;ST;PLA,ST,0.227,0.015,KG,50,100,16,MM
2615S402JB,DREMEL SC402 Mandrel,A,8710364042838,89.40,ZAR,Dremel,76,Dremel,A,,,80,Z5,,,,,,846610006,TW,,1,1,8400,TU;ST;PLA,ST,0.008,0.008,KG,50,100,16,MM
2615S406JC,DREMEL SC406 Starter Set,C,8710364042814,137.40,ZAR,Dremel,76,Dremel,A,,,0,Z5,,,,,,680422906,CN,,1,1,8400,TU;ST;SA;,ST,0.026,0.025,KG,100,20,49,MM
2615S407JA,DREMEL SC407 Sanding Mandrel & Bands 3pc,A,8710364060948,66.00,ZAR,Dremel,76,Dremel,A,,,80,Z5,,,,,,820790006,TW,,1,1,8400,TU;ST;SA;,ST,0.014,0.013,KG,50,100,16,MM
2615S409JB,DREMEL SC409 Thin Cutting Wheels 5pc,A,8710364042869,89.40,ZAR,Dremel,76,Dremel,A,,,80,Z5,,,,,,680422906,CN,,1,1,8400,TU;ST;SA;,ST,0.016,0.015,KG,50,100,16,MM
2615S411JA,DREMEL SC411 Sanding Disc 6pc,A,8710364060917,53.40,ZAR,Dremel,76,Dremel,A,,,80,Z5,,,,,,680520001,CN,,1,1,6300,TU;ST;PLA,ST,0.019,0.018,KG,50,100,20,MM
2615S413JA,DREMEL SC413 Sanding Disc 240 Grit 6pc,A,8710364060931,53.40,ZAR,Dremel,76,Dremel,A,,,29,Z5,,,,,,680530006,CN,,1,1,6300,TU;ST;PLA,ST,0.014,0.014,KG,50,100,20,MM
2615S423JA,DREMEL 423S Polishing Cloth Wheel,A,8710364037124,41.40,ZAR,Dremel,76,Dremel,A,,,50,Z5,,,,,,591190900,DE,,1,1,8400,TU;ST;PLA,ST,0.008,0.008,KG,50,100,16,MM
2615S456DM,Dremel Max SpeedClic Metal Cutting Wheel,A,8710364082810,221.40,ZAR,Dremel,76,Dremel,A,,,7,Z5,,,,,,680422906,US,,1,1,,TU;ST;PLA,ST,0.010,0.010,KG,50,100,16,MM
2615S456JC,DREMEL SC456 Metal Cutting Wheel 5pc,A,8710364042821,89.40,ZAR,Dremel,76,Dremel,A,,,80,Z5,,,,,,680422906,CN,,1,1,8400,TU;ST;PLA,ST,0.021,0.020,KG,50,100,16,MM
2615S456JD,DREMEL SC456B Metal Cutting Wheel 12pc,A,8710364042845,192.00,ZAR,Dremel,76,Dremel,A,,,37,Z5,,,,,,680422906,CN,,1,1,4200,TU;ST;SA;,ST,0.043,0.041,KG,50,34,100,MM
2615S471JA,DREMEL 471S Abrasive Brush Coarse G36,A,8710364050314,89.40,ZAR,Dremel,76,Dremel,A,,,80,Z5,,,,,,680530006,DE,,1,1,8400,TU;ST;PLA,ST,0.007,0.006,KG,50,100,16,MM
2615S472JA,DREMEL 472S Abrasive Brush Medium G120,A,8710364050321,89.40,ZAR,Dremel,76,Dremel,A,,,18,Z5,,,,,,680530006,DE,,1,1,8400,TU;ST;PLA,ST,0.007,0.006,KG,50,100,16,MM
2615S473JA,DREMEL 473S Abrasive Brush Fine G220,A,8710364050338,89.40,ZAR,Dremel,76,Dremel,A,,,34,Z5,,,,,,680530006,DE,,1,1,8400,TU;ST;PLA,ST,0.007,0.006,KG,50,100,16,MM
2615S476JB,DREMEL SC476 Plastic Cutting Wheel 5pc,A,8710364042852,89.40,ZAR,Dremel,76,Dremel,A,,,80,Z5,,,,,,680422906,CN,,1,1,8400,TU;ST;PLA,ST,0.020,0.016,KG,50,100,16,MM
2615S500JB,Dremel Multipurpose Cutting Wheel DSM500,A,8710364081905,113.40,ZAR,Dremel,76,Dremel,A,,,42,Z5,,,,,,680422906,CH,,1,1,,TU;ST;PLA,ST,0.037,0.032,KG,134,5,93,MM
2615S510JB,Dremel Metal Cutting Wheels DSM510,A,8710364081912,113.40,ZAR,Dremel,76,Dremel,A,,,23,Z5,,,,,,680422906,TH,,1,1,7680,ST;PLA;PA,ST,0.050,0.039,KG,122,8,93,MM
2615S511DM,DREMEL MAX SC511DM Sanding buffs 2pk,A,4053423238822,72.00,ZAR,Dremel,76,Dremel,A,,,9,Z5,,,,,,680530006,DE,,1,1,8400,TU;ST;SA;,ST,0.012,0.011,KG,50,100,32,MM
2615S511JA,DR 511S Abrasive Buff Medium Coarse 2pc,A,8710364037100,66.00,ZAR,Dremel,76,Dremel,A,,,80,Z5,,,,,,680530006,DE,,1,1,4200,TU;ST;PLA,ST,0.014,0.013,KG,50,100,32,MM
2615S512JA,DREMEL 512S SC Abrasive Buffs Fine 2pc,A,8710364037117,66.00,ZAR,Dremel,76,Dremel,A,,,80,Z5,,,,,,680530006,DE,,1,1,4200,TU;ST;PLA,ST,0.010,0.009,KG,50,100,32,MM
2615S520JB,Dremel Masonry Cutting Wheel DSM520,A,8710364081943,113.40,ZAR,Dremel,76,Dremel,A,,,7,Z5,,,,,,680422906,TH,,1,1,5760,ST;PLA;PA,ST,0.055,0.042,KG,130,8,93,MM
2615S540JB,Dremel Tile Cutting Wheel DSM540,A,8710364081929,113.40,ZAR,Dremel,76,Dremel,A,,,29,Z5,,,,,,680421004,CN,,1,1,,ST;PLA;PA,ST,0.050,0.043,KG,109,8,93,MM
2615S541JA,DREMEL SC541 Grinding Wheel,A,8710364054879,71.40,ZAR,Dremel,76,Dremel,A,,,80,Z5,,,,,,680422906,CN,,1,1,8400,TU;ST;PLA,ST,0.017,0.016,KG,50,100,16,MM
2615S544JB,DREMEL SC544 Wood Cutting Wheel,A,8710364042876,192.00,ZAR,Dremel,76,Dremel,A,,,80,Z5,,,,,,680422906,US,,1,1,8400,TU;ST;PLA,ST,0.010,0.010,KG,50,100,16,MM
2615S545DM,Dremel Max SC Diamond Cutting Wheel,A,8710364082742,192.00,ZAR,Dremel,76,Dremel,A,,,11,Z5,,,,,,680421004,US,,1,1,8400,TU;ST;PLA,ST,0.012,0.011,KG,50,100,16,MM
2615S545JB,DREMEL SC545 Diamond Cutting Wheel,A,8710364042883,192.00,ZAR,Dremel,76,Dremel,A,,,80,Z5,,,,,,680421004,CN,,1,1,8400,TU;ST;PLA,ST,0.010,0.009,KG,50,100,16,MM
2615S600JB,Dremel Flush Cutting Wheel DSM600,A,8710364081936,113.40,ZAR,Dremel,76,Dremel,A,,,8,Z5,,,,,,680422906,CH,,1,1,3360,ST;PLA;PA,ST,0.048,0.033,KG,123,13,98,MM
2615S690JA,DREMEL SC690 Cutting Set,A,8710364045839,288.00,ZAR,Dremel,76,Dremel,A,,,43,Z5,,,,,,680422906,CN,,1,,576,TU;ST;SA;,ST,0.170,0.165,KG,175,37,145,MM
2615S723JA,Dremel 100pc Acc Set,A,8710364072828,479.40,ZAR,Dremel,76,Dremel,A,,,13,Z5,,,,,,680422906,CN,,1,100,360,ST;SA;PLA,ST,0.410,0.374,KG,229,47,190,MM
2615S724JA,Dremel 150pc Acc Set,A,8710364072835,659.40,ZAR,Dremel,76,Dremel,A,,,30,Z5,,,,,,680422906,CN,,1,150,360,ST;SA;PLA,ST,0.456,0.433,KG,230,45,193,MM
2615S840JA,DREMEL DSM20 Cutting Guide,A,8710364060825,179.40,ZAR,Dremel,76,Dremel,A,,,5,Z5,,,,,,901780009,MX,,1,1,144,ST;PAL;LU,ST,0.282,0.280,KG,253,47,245,MM
3600320014,Reduction Sleeve REDUZ.HÜLSE 3A2,A,3165140204507,262.43,ZAR,Bosch,74,Accessories,A,,,9,Z5,,,,,,846610006,IN,,1,1,720,ST;PAL;LU,ST,0.179,0.178,KG,140,25,83,MM
3608635000,UPPER BLADE FOR 1507 SHEAR,C,3165140032117,230.09,ZAR,Bosch,74,Accessories,A,,,0,Z5,,,,,,846799909,DE,,1,,,ST;PLA;PA,ST,0.025,0.022,KG,117,19,71,MM
3608635002,LOWER BLADE FRO SHEAR 1507.1,A,3165140032131,164.35,ZAR,Bosch,74,Accessories,A,,,3,Z5,,,,,,846799909,DE,,1,,,ST;PLA;PA,ST,0.025,0.023,KG,115,7,70,MM
3609201038,STIRRING ATTACHMENT FOR GRW11E,C,3165140061339,548.87,ZAR,Bosch,74,Accessories,A,,,0,Z5,,,,,,820790006,DE,,1,1,40,ST;PAL;LU,ST,1.335,1.315,KG,625,20,135,MM
F00Y145188,SDS-Max-9  CoreCutter  45x160x290,A,3165140145510,1909.57,ZAR,Bosch,74,Accessories,A,,,2,Z5,,,,,,820790006,DE,,1,1,448,ST;PLA;PA,ST,1.009,0.958,KG,390,80,80,MM
F00Y145189,SDS-Max 9 Core Cutter  45 x 420 x 550 mm,A,3165140145527,2045.22,ZAR,Bosch,74,Accessories,A,,,10,Z5,,,,,,820790006,DE,,1,1,125,ST;PLA;PA,ST,1.747,1.660,KG,570,60,60,MM
F00Y145190,SDS-Max-9  CoreCutter  50x160x290,A,3165140145534,2045.22,ZAR,Bosch,74,Accessories,A,,,10,Z5,,,,,,820790006,DE,,1,1,320,ST;PLA;PA,ST,1.114,1.058,KG,380,50,50,MM
F00Y145191,SDS-Max 9 Core Cutter  50 x 420 x 550 mm,A,3165140145541,2318.61,ZAR,Bosch,74,Accessories,A,,,8,Z5,,,,,,820790006,DE,,1,1,125,ST;PLA;PA,ST,1.701,1.616,KG,643,63,63,MM
F00Y145192,SDS-Max-9  CoreCutter  55x160x290,A,3165140145558,2181.39,ZAR,Bosch,74,Accessories,A,,,3,Z5,,,,,,820790006,DE,,1,1,392,ST;PLA;PA,ST,1.081,1.027,KG,330,75,84,MM
F00Y145193,SDS-Max 9 Core Cutter  55 x 420 x 550 mm,A,3165140145565,2454.78,ZAR,Bosch,74,Accessories,A,,,7,Z5,,,,,,820790006,DE,,1,1,192,ST;PLA;PA,ST,1.742,1.655,KG,700,65,73,MM
F00Y145194,SDS-Max-9  CoreCutter  68x160x290,A,3165140145572,2318.61,ZAR,Bosch,74,Accessories,A,,,5,Z5,,,,,,820790006,DE,,1,1,256,ST;PLA;PA,ST,1.375,1.306,KG,360,80,80,MM
F00Y145195,SDS-Max 9 Core Cutter  68 x 420 x 550 mm,A,3165140145589,2727.13,ZAR,Bosch,74,Accessories,A,,,9,Z5,,,,,,820790006,DE,,1,1,160,ST;PLA;PA,ST,2.098,1.993,KG,640,68,68,MM
F00Y145196,SDS-Max 9 Core Cutter  82 x 160 x 290 mm,A,3165140145596,2454.78,ZAR,Bosch,74,Accessories,A,,,3,Z5,,,,,,820790006,DE,,1,1,128,ST;PLA;PA,ST,1.680,1.596,KG,310,111,111,MM
F00Y145197,SDS-Max 9 Core Cutter  82 x 420 x 550 mm,A,3165140145602,3068.87,ZAR,Bosch,74,Accessories,A,,,6,Z5,,,,,,820790006,DE,,1,1,96,ST;PLA;PA,ST,2.150,2.042,KG,640,82,82,MM
F00Y145198,SDS-Max-9  CoreCutter  90x160x290,A,3165140145619,2727.13,ZAR,Bosch,74,Accessories,A,,,3,Z5,,,,,,820790006,DE,,1,1,192,ST;PLA;PA,ST,1.690,1.606,KG,343,113,130,MM
F00Y145199,SDS-Max 9 Core Cutter  90 x 420 x 550 mm,A,3165140145626,3273.39,ZAR,Bosch,74,Accessories,A,,,2,Z5,,,,,,820790006,DE,,1,1,96,ST;PLA;PA,ST,2.417,2.296,KG,648,110,138,MM
F00Y145200,SDS-Max 9 Core Cutter  100 x 310 x 430 m,A,3165140145633,3546.26,ZAR,Bosch,74,Accessories,A,,,5,Z5,,,,,,820790006,DE,,1,1,64,ST;PLA;PA,ST,2.505,2.380,KG,450,130,130,MM
F00Y145201,SDS-Max 9 Core Cutter  125 x 310 x 430 m,A,3165140145640,4023.65,ZAR,Bosch,74,Accessories,A,,,9,Z5,,,,,,820790006,DE,,1,1,27,ST;PLA;PA,ST,3.197,3.037,KG,703,165,168,MM
F00Y145202,SDS-Max 9 Core Cutter  150 x 310 x 430 m,C,3165140145657,5455.82,ZAR,Bosch,74,Accessories,A,,,0,Z5,,,,,,820790006,DE,,1,1,27,ST;PLA;PA,ST,3.530,3.353,KG,700,165,170,MM
F00Y145203,Pilot drill 11.5 x 84 x 136 mm,A,3165140145664,170.61,ZAR,Bosch,74,Accessories,A,,,9,Z5,,,,,,820750008,DE,,1,1,5000,TU;ST;PLA,ST,0.087,0.075,KG,178,13,47,MM
F00Y145204,SDS-Max-9  CoreCutter  Fixing pin,A,3165140145671,40.70,ZAR,Bosch,74,Accessories,A,,,6,Z5,,,,,,731829001,DE,,1,1,6750,ST;PLA;PA,ST,0.010,0.010,KG,145,5,85,MM
F0130290JM,DREMEL ENGRAVER (290-1),A,8710364046850,498.42,ZAR,Dremel,76,Dremel,T,,,69,Z5,,,,,290 Engraver EU,846729907,MX,,1,,480,TU;ST;PAL,ST,0.437,0.312,KG,221,65,116,MM
F0130910JA,910 JA,A,8710364052349,255.98,ZAR,Dremel,76,Dremel,T,,,47,Z7,,,,,910-3 EU,851679009,TW,,1,,324,TU;ST;PAL,ST,0.410,0.210,KG,265,65,165,MM
F0130940JA,940 220V DREMEL 940 GLUE GUN EU (216),A,8710364052400,391.46,ZAR,Dremel,76,Dremel,T,,,39,Z5,,,,,940-3 EU,851679009,TW,,1,1,224,TU;ST;SLS,ST,0.670,0.670,KG,263,60,200,MM
F0132000JD,Dremel Versatip (NEW),A,4053423300543,783.63,ZAR,Dremel,76,Dremel,T,,,80,Z5,,,,,2000-7,820560005,TW,,1,1,360,ST;PMR;PL,ST,0.373,0.095,KG,332,48,107,MM
F0132050JM,DREMEL STYLO+ (2050-15),A,8710364083145,641.03,ZAR,Dremel,76,Dremel,T,,,54,Z5,,,,,2050 - 15 EU,846729907,CN,,1,1,300,ST;SA;PLA,ST,0.518,0.050,KG,55,252,152,MM
F0132200JD,DREMEL VERSAFLAME (2200-5),A,4053423300611,926.25,ZAR,Dremel,76,Dremel,T,,,44,Z5,,,,,2200-5,820560005,TW,,1,1,240,ST;SA;PMR,ST,0.535,0.179,KG,353,48,150,MM
F0133000JA,DREMEL 3000 (3000-15),A,8710364060856,1026.07,ZAR,Dremel,76,Dremel,T,,,80,Z5,,,,,3000-15 C/N,846729907,MX,,1,1,182,ST;SA;PAL,ST,1.055,1.000,KG,335,75,182,MM
F0133000JP,DREMEL 3000-1/25 C/N (80),A,8710364074686,1318.42,ZAR,Dremel,76,Dremel,T,,,56,Z5,,,,,3000-1/25,846729907,MX,,1,1,80,ST;PAL;1,ST,2.380,0.582,KG,390,100,268,MM
F0133000VF,Rotary tool 3000-3/45 EU PROMO,A,4053423248920,1389.72,ZAR,Dremel,76,Dremel,T,,,80,Z5,,,,,3000-3/45 EU PROMO,846729907,VARIOUS,,1,1,80,ST;PLA;PA,ST,2.830,0.582,KG,392,102,269,MM
F0133000WC,Rotary tool 3000-1/25 PROMO 2026,A,4053423067378,1086.09,ZAR,Dremel,76,Dremel,T,,,48,Z5,,,,,3000-1/25 PROMO 2026,846729907,MX,,1,1,108,ST;PLA;PA,ST,1.775,0.582,KG,357,84,247,MM
F0133200JA,DREMEL 3200 (3200 1/90),A,4053423254297,1567.98,ZAR,Dremel,76,Dremel,T,,,80,Z5,,,,,3200-1/90 EU,846729907,MX,,1,1,224,ST;SA;PLA,ST,1.310,0.585,KG,277,62,220,MM
F0134250JA,DREMEL 4250 (4250-35),A,8710364082575,1660.68,ZAR,Dremel,76,Dremel,T,,,80,Z5,,,,,DREMEL 4250-35 EU,846729907,MX,,1,,108,ST;SA;PLA,ST,1.405,0.676,KG,348,99,225,MM
F0134250JF,DREMEL 4250 (4250-3/45),A,8710364082605,2316.68,ZAR,Dremel,76,Dremel,T,,,39,Z5,,,,,DREMEL 4250 3-45 EU,846729907,MX,,1,,80,ST;SA;PLA,ST,2.734,0.676,KG,390,100,270,MM
F0134250JK,DREMEL 4250 (4250-6/128),A,8710364082650,3279.29,ZAR,Dremel,76,Dremel,T,,,9,Z7,,,,,DREMEL 4250 6-128 EU,846729907,MX,,1,1,28,ST;PLA;PA,ST,5.342,0.676,KG,447,246,248,MM
F0134250JS,DREMEL 4250 (4250-6/128),A,8710364083367,3279.29,ZAR,Dremel,76,Dremel,T,,,58,Z5,,,,,4250 6/128,846729907,MX,,1,1,60,ST;SA;PLA,ST,4.120,0.675,KG,338,167,247,MM
F0134250KA,DREMEL 4250 1/35 EU (108),C,8710364083121,1853.20,ZAR,Dremel,76,Dremel,T,,,0,Z5,,,,,DREMEL 4250-35 EU,846729907,VARIOUS,,1,,108,ST;PLA;PA,ST,1.750,0.679,KG,340,95,220,MM
F0137020JA,7020-PGK 6.0V EU Pet Nail Grooming Kit,A,8710364080502,641.03,ZAR,Dremel,76,Dremel,T,,,16,Z5,,,,,7020-PGK,846729907,MX,,1,,360,ST;PMR;PA,ST,0.508,0.508,KG,63.5,215.9,111,MM
F0137350PA,Dremel 7350 PET Multi-Tool,C,8710364083114,783.63,ZAR,Dremel,76,Dremel,T,,,0,Z5,,,,,7350PET EU/UK/RUS,846729907,MX,3481,1,1,350,ST;SA;PLA,ST,0.612,0.463,KG,24,203,108.8,MM
F0137760JA,Lite7760-15,A,8710364081394,1140.15,ZAR,Dremel,76,Dremel,T,,,74,Z7,,,,,Dremel 7760-15 EU,846729907,MX,3481,1,1,240,ST;SA;PAL,ST,0.684,0.274,KG,279,63,164,MM
F0138150JA,Dremel Brushless 8150-20 Multi-Tool Kit,A,4053423362435,997.55,ZAR,Dremel,76,Dremel,T,,,80,Z5,,,,,8150-20,846729907,CN,3481,1,1,304,ST;PAL;LU,ST,0.780,0.396,KG,220,61,176,MM
F0138220JA,Dremel 8220 - 1/5 12 V 2 0 Ah Li-Ion,C,8710364079858,1924.51,ZAR,Dremel,76,Dremel,T,,,0,Z5,,,,,Dremel 8220 -1/5,846729907,MX,3481,1,,136,ST;PAL;DG,ST,1.240,0.454,KG,338,76,182,MM
F0138240JA,DREMEL 8240 (8240-5),A,8710364082834,2138.42,ZAR,Dremel,76,Dremel,T,,,31,Z5,,,,,DREMEL 8240-5 EU ,846729907,MX,3481,1,1,256,ST;SA;PLA,ST,1.240,0.483,KG,185,279,63,MM
F0138240JF,DREMEL 8240 (8240-3/45),A,8710364082865,2566.25,ZAR,Dremel,76,Dremel,T,,,80,Z5,,,,,DREMEL 8240-3/45 EU,846729907,MX,3481,1,,104,ST;SA;PLA,ST,1.515,0.483,KG,225,346,97,MM
F0138240JK,DREMEL 8240 (8240-5/65),A,8710364082919,3707.11,ZAR,Dremel,76,Dremel,T,,,2,Z7,,,,,DREMEL 8240-5/65 EU,846729907,MX,3481,1,1,28,ST;PLA;PA,ST,5.240,0.483,KG,440,240,245,MM
F0138240JP,Rotary tool 8240 5/65,A,8710364083381,3564.51,ZAR,Dremel,76,Dremel,T,,,65,Z5,,,,,8240 5/65,846729907,MX,3481,1,1,60,ST;SA;PLA,ST,4.050,0.483,KG,338,167,247,MM
F0138250JA,Rotary tool 8250-5,A,4053423319316,2851.46,ZAR,Dremel,76,Dremel,T,,,40,Z5,,,,,8250-5,846729907,MX,3481,1,1,104,ST;PLA;PA,ST,1.547,0.586,KG,225,346,97,MM
F0139100JA,Dremel 9100JA FortiFlex 910 (European),A,8710364046928,4491.46,ZAR,Dremel,76,Dremel,T,,,2,Z7,,,,,9100-21 EU,846729907,TW,,1,1,64,TU;ST;PAL,ST,3.360,1.540,KG,370,100,280,MM
F013CM12JA,Multipurpose tool MM12V-S1,A,4053423841077,2494.94,ZAR,Dremel,76,Dremel,T,,,15,Z5,,,,,MM12V-S1,846729907,CN,3481,1,1,156,ST;PLA;PA,ST,1.854,0.787,KG,350,190,74,MM
F013CS12JA,Cordless Circular Saw CS12V-S1,A,4053423304190,1995.81,ZAR,Dremel,76,Dremel,T,,,15,Z5,,,,,CS12V-S1,846722007,CN,3481,1,1,96,ST;SA;PLA,ST,2.050,1.150,KG,320,130,210,MM
F013CS12JM,Cordless Circular Saw CS12V-S1C,A,4053423304237,2851.46,ZAR,Dremel,76,Dremel,T,,,18,Z5,,,,,CS12V-S1C,846722007,CN,3481,1,1,24,ST;SA;PAL,ST,7.210,1.150,KG,400,450,185,MM
F013DD12JA,Cordless Drill Driver DD12V-S1,A,4053423304176,2138.42,ZAR,Dremel,76,Dremel,T,,,3,Z5,,,,,DD12V-S1,846729907,VARIOUS,3481,1,1,168,ST;SA;PAL,ST,1.860,0.820,KG,245,120,160,MM
F013MS20JA,Moto-Saw DREMEL (MS20-1/5),A,8710364062775,1995.81,ZAR,Dremel,76,Dremel,T,,,16,Z5,,,,,MS20 C/N+S/E,846722007,CN,,1,,36,ST;SA;PMR,ST,4.600,1.746,KG,473,126,374,MM
F013PK01JB,Dremel PROJECT KIT SKYLINE,A,8710364080168,179.40,ZAR,Dremel,76,Dremel,T,,,45,Z7,,,,,PK01,950300909,CN,,1,1,72,ST;PAL;LU,ST,3.820,0.800,KG,314,54,340,MM
F016800313,Battery Charger 36v,A,3165140660419,569.72,ZAR,Bosch,73,Garden,A,,,2,Z5,,,,,,850440008,CN,,1,1,234,ST;PAL,ST,0.740,0.730,KG,245,110,185,MM
F016800326,ISIO grass shear attachment,A,3165140697170,284.51,ZAR,Bosch,73,Garden,A,,,1,Z7,,,,,,820840902,HU,,1,,756,ST;PAL;LU,ST,0.200,0.016,KG,210,50,90,MM
F016800327,ISIO shrub shear attachment,A,3165140697187,284.51,ZAR,Bosch,73,Garden,A,,,23,Z7,,,,,,820840902,HU,,1,,504,ST;PAL;LU,ST,0.274,0.224,KG,255,40,90,MM
F016800331,ISIO spreader attachment,A,3165140697224,303.48,ZAR,Bosch,73,Garden,T,,,33,Z7,,,,,ISIO Spreader,846799909,HU,,1,,90,ST;PAL;KG,ST,0.650,0.639,KG,245,134,227,MM
F016800359,Wash Brush,A,3165140761192,120.51,ZAR,Bosch,73,Garden,A,,,2,Z5,,,,,,842490004,CN,,1,,128,ST;PAL;LU,ST,0.344,0.165,KG,407,87,130,MM
F016800415,High pressure detergent nozzle 550 ml,C,3165140787413,177.55,ZAR,Bosch,73,Garden,A,,,0,Z5,,,,,,842490004,CN,,1,,240,ST;PAL;LU,ST,0.240,0.200,KG,263,73,144,MM
F016800561,Small Head Cleaning Set,A,3165140941679,113.37,ZAR,Bosch,72,Green DIY,A,,,7,Z5,,,,,,850870901,CN,,1,1,900,ST;PAL;LU,ST,0.139,0.100,KG,140,48,121,MM
F016800582,Vario Fan Jet Nozzle,C,3165140941884,91.98,ZAR,Bosch,73,Garden,A,,,0,Z5,,,,,,842490004,CN,,1,,400,ST;PAL;LU,ST,0.122,0.070,KG,138,50,130,MM
F016800615,ISIO III Telescopic Handle,A,4059952563343,355.81,ZAR,Bosch,73,Garden,A,,,16,Z5,,,,,,847989904,CN,,1,1,60,ST;PAL;LU,ST,0.685,0.628,KG,881,89,497,MM
F016800616,ISIO III Grass Shear Attachment,A,4059952563350,248.85,ZAR,Bosch,73,Garden,A,,,2,Z5,,,,,,820840902,CN,,1,1,756,ST;PAL;LU,ST,0.198,0.016,KG,210,40,90,MM
F016800617,Isio Shrub Blade,A,4059952563367,284.51,ZAR,Bosch,73,Garden,A,,,8,Z5,,,,,,820840902,CN,,1,1,504,ST;PAL;LU,ST,0.278,0.224,KG,280,40,90,MM
F016800631,Brushcutter Blade Set 23cm,A,4059952627939,355.81,ZAR,Bosch,73,Garden,A,,,3,Z5,,,,,,820840902,CN,,1,1,280,ST;SLS;SA,ST,0.790,0.560,KG,263,234,39,MM
